denoising_method,hardware_architecture,noise_type,source_noisy_image,clean_reference_image,output_denoised_image,patient_id,pathology,label,parameters,status
median,CPU based (OpenCV SIMD),gaussian,/app/data/processed/noisy/gaussian/P_00044_mass_RIGHT_CC_1-063.png,/app/data/processed/sharpened/P_00044_mass_RIGHT_CC_1-063.png,/app/data/processed/denoised/median/P_00044_mass_RIGHT_CC_1-063.png,P_00044,BENIGN,0,"{""kernel_size"": 5}",SUCCESS
gaussian,GPU accelerated / Hybrid (PyTorch CUDA / OpenCV),gaussian,/app/data/processed/noisy/gaussian/P_00044_mass_RIGHT_CC_1-063.png,/app/data/processed/sharpened/P_00044_mass_RIGHT_CC_1-063.png,/app/data/processed/denoised/gaussian/P_00044_mass_RIGHT_CC_1-063.png,P_00044,BENIGN,0,"{""kernel_size"": [5, 5], ""sigma"": 1.0}",SUCCESS
wiener,CPU based (SciPy),gaussian,/app/data/processed/noisy/gaussian/P_00044_mass_RIGHT_CC_1-063.png,/app/data/processed/sharpened/P_00044_mass_RIGHT_CC_1-063.png,/app/data/processed/denoised/wiener/P_00044_mass_RIGHT_CC_1-063.png,P_00044,BENIGN,0,"{""noise_variance"": null}",SUCCESS
bilateral,CPU based (OpenCV),gaussian,/app/data/processed/noisy/gaussian/P_00044_mass_RIGHT_CC_1-063.png,/app/data/processed/sharpened/P_00044_mass_RIGHT_CC_1-063.png,/app/data/processed/denoised/bilateral/P_00044_mass_RIGHT_CC_1-063.png,P_00044,BENIGN,0,"{""d"": 9, ""sigma_color"": 75, ""sigma_space"": 75}",SUCCESS
non_local_means,CPU based (OpenCV fastNlMeans),gaussian,/app/data/processed/noisy/gaussian/P_00044_mass_RIGHT_CC_1-063.png,/app/data/processed/sharpened/P_00044_mass_RIGHT_CC_1-063.png,/app/data/processed/denoised/non_local_means/P_00044_mass_RIGHT_CC_1-063.png,P_00044,BENIGN,0,"{""h"": 0.1, ""template_window_size"": 7, ""search_window_size"": 21}",SUCCESS
anscombe_wiener,CPU based (Anscombe + SciPy Wiener),gaussian,/app/data/processed/noisy/gaussian/P_00044_mass_RIGHT_CC_1-063.png,/app/data/processed/sharpened/P_00044_mass_RIGHT_CC_1-063.png,/app/data/processed/denoised/anscombe_wiener/P_00044_mass_RIGHT_CC_1-063.png,P_00044,BENIGN,0,"{""sigma"": 0.02}",SUCCESS
adaptive_median,CPU based (Vectorized SciPy multi-window rank),gaussian,/app/data/processed/noisy/gaussian/P_00044_mass_RIGHT_CC_1-063.png,/app/data/processed/sharpened/P_00044_mass_RIGHT_CC_1-063.png,/app/data/processed/denoised/adaptive_median/P_00044_mass_RIGHT_CC_1-063.png,P_00044,BENIGN,0,"{""max_window_size"": 7}",SUCCESS
kuan,GPU accelerated / Hybrid (PyTorch CUDA / SciPy),gaussian,/app/data/processed/noisy/gaussian/P_00044_mass_RIGHT_CC_1-063.png,/app/data/processed/sharpened/P_00044_mass_RIGHT_CC_1-063.png,/app/data/processed/denoised/kuan/P_00044_mass_RIGHT_CC_1-063.png,P_00044,BENIGN,0,"{""window_size"": 7, ""damping"": 1.0}",SUCCESS
median,CPU based (OpenCV SIMD),gaussian,/app/data/processed/noisy/gaussian/P_00106_mass_LEFT_MLO_1-153.png,/app/data/processed/sharpened/P_00106_mass_LEFT_MLO_1-153.png,/app/data/processed/denoised/median/P_00106_mass_LEFT_MLO_1-153.png,P_00106,BENIGN_WITHOUT_CALLBACK,0,"{""kernel_size"": 5}",SUCCESS
gaussian,GPU accelerated / Hybrid (PyTorch CUDA / OpenCV),gaussian,/app/data/processed/noisy/gaussian/P_00106_mass_LEFT_MLO_1-153.png,/app/data/processed/sharpened/P_00106_mass_LEFT_MLO_1-153.png,/app/data/processed/denoised/gaussian/P_00106_mass_LEFT_MLO_1-153.png,P_00106,BENIGN_WITHOUT_CALLBACK,0,"{""kernel_size"": [5, 5], ""sigma"": 1.0}",SUCCESS
wiener,CPU based (SciPy),gaussian,/app/data/processed/noisy/gaussian/P_00106_mass_LEFT_MLO_1-153.png,/app/data/processed/sharpened/P_00106_mass_LEFT_MLO_1-153.png,/app/data/processed/denoised/wiener/P_00106_mass_LEFT_MLO_1-153.png,P_00106,BENIGN_WITHOUT_CALLBACK,0,"{""noise_variance"": null}",SUCCESS
bilateral,CPU based (OpenCV),gaussian,/app/data/processed/noisy/gaussian/P_00106_mass_LEFT_MLO_1-153.png,/app/data/processed/sharpened/P_00106_mass_LEFT_MLO_1-153.png,/app/data/processed/denoised/bilateral/P_00106_mass_LEFT_MLO_1-153.png,P_00106,BENIGN_WITHOUT_CALLBACK,0,"{""d"": 9, ""sigma_color"": 75, ""sigma_space"": 75}",SUCCESS
non_local_means,CPU based (OpenCV fastNlMeans),gaussian,/app/data/processed/noisy/gaussian/P_00106_mass_LEFT_MLO_1-153.png,/app/data/processed/sharpened/P_00106_mass_LEFT_MLO_1-153.png,/app/data/processed/denoised/non_local_means/P_00106_mass_LEFT_MLO_1-153.png,P_00106,BENIGN_WITHOUT_CALLBACK,0,"{""h"": 0.1, ""template_window_size"": 7, ""search_window_size"": 21}",SUCCESS
anscombe_wiener,CPU based (Anscombe + SciPy Wiener),gaussian,/app/data/processed/noisy/gaussian/P_00106_mass_LEFT_MLO_1-153.png,/app/data/processed/sharpened/P_00106_mass_LEFT_MLO_1-153.png,/app/data/processed/denoised/anscombe_wiener/P_00106_mass_LEFT_MLO_1-153.png,P_00106,BENIGN_WITHOUT_CALLBACK,0,"{""sigma"": 0.02}",SUCCESS
adaptive_median,CPU based (Vectorized SciPy multi-window rank),gaussian,/app/data/processed/noisy/gaussian/P_00106_mass_LEFT_MLO_1-153.png,/app/data/processed/sharpened/P_00106_mass_LEFT_MLO_1-153.png,/app/data/processed/denoised/adaptive_median/P_00106_mass_LEFT_MLO_1-153.png,P_00106,BENIGN_WITHOUT_CALLBACK,0,"{""max_window_size"": 7}",SUCCESS
kuan,GPU accelerated / Hybrid (PyTorch CUDA / SciPy),gaussian,/app/data/processed/noisy/gaussian/P_00106_mass_LEFT_MLO_1-153.png,/app/data/processed/sharpened/P_00106_mass_LEFT_MLO_1-153.png,/app/data/processed/denoised/kuan/P_00106_mass_LEFT_MLO_1-153.png,P_00106,BENIGN_WITHOUT_CALLBACK,0,"{""window_size"": 7, ""damping"": 1.0}",SUCCESS
median,CPU based (OpenCV SIMD),gaussian,/app/data/processed/noisy/gaussian/P_00106_mass_RIGHT_MLO_1-285.png,/app/data/processed/sharpened/P_00106_mass_RIGHT_MLO_1-285.png,/app/data/processed/denoised/median/P_00106_mass_RIGHT_MLO_1-285.png,P_00106,BENIGN_WITHOUT_CALLBACK,0,"{""kernel_size"": 5}",SUCCESS
gaussian,GPU accelerated / Hybrid (PyTorch CUDA / OpenCV),gaussian,/app/data/processed/noisy/gaussian/P_00106_mass_RIGHT_MLO_1-285.png,/app/data/processed/sharpened/P_00106_mass_RIGHT_MLO_1-285.png,/app/data/processed/denoised/gaussian/P_00106_mass_RIGHT_MLO_1-285.png,P_00106,BENIGN_WITHOUT_CALLBACK,0,"{""kernel_size"": [5, 5], ""sigma"": 1.0}",SUCCESS
wiener,CPU based (SciPy),gaussian,/app/data/processed/noisy/gaussian/P_00106_mass_RIGHT_MLO_1-285.png,/app/data/processed/sharpened/P_00106_mass_RIGHT_MLO_1-285.png,/app/data/processed/denoised/wiener/P_00106_mass_RIGHT_MLO_1-285.png,P_00106,BENIGN_WITHOUT_CALLBACK,0,"{""noise_variance"": null}",SUCCESS
bilateral,CPU based (OpenCV),gaussian,/app/data/processed/noisy/gaussian/P_00106_mass_RIGHT_MLO_1-285.png,/app/data/processed/sharpened/P_00106_mass_RIGHT_MLO_1-285.png,/app/data/processed/denoised/bilateral/P_00106_mass_RIGHT_MLO_1-285.png,P_00106,BENIGN_WITHOUT_CALLBACK,0,"{""d"": 9, ""sigma_color"": 75, ""sigma_space"": 75}",SUCCESS
non_local_means,CPU based (OpenCV fastNlMeans),gaussian,/app/data/processed/noisy/gaussian/P_00106_mass_RIGHT_MLO_1-285.png,/app/data/processed/sharpened/P_00106_mass_RIGHT_MLO_1-285.png,/app/data/processed/denoised/non_local_means/P_00106_mass_RIGHT_MLO_1-285.png,P_00106,BENIGN_WITHOUT_CALLBACK,0,"{""h"": 0.1, ""template_window_size"": 7, ""search_window_size"": 21}",SUCCESS
anscombe_wiener,CPU based (Anscombe + SciPy Wiener),gaussian,/app/data/processed/noisy/gaussian/P_00106_mass_RIGHT_MLO_1-285.png,/app/data/processed/sharpened/P_00106_mass_RIGHT_MLO_1-285.png,/app/data/processed/denoised/anscombe_wiener/P_00106_mass_RIGHT_MLO_1-285.png,P_00106,BENIGN_WITHOUT_CALLBACK,0,"{""sigma"": 0.02}",SUCCESS
adaptive_median,CPU based (Vectorized SciPy multi-window rank),gaussian,/app/data/processed/noisy/gaussian/P_00106_mass_RIGHT_MLO_1-285.png,/app/data/processed/sharpened/P_00106_mass_RIGHT_MLO_1-285.png,/app/data/processed/denoised/adaptive_median/P_00106_mass_RIGHT_MLO_1-285.png,P_00106,BENIGN_WITHOUT_CALLBACK,0,"{""max_window_size"": 7}",SUCCESS
kuan,GPU accelerated / Hybrid (PyTorch CUDA / SciPy),gaussian,/app/data/processed/noisy/gaussian/P_00106_mass_RIGHT_MLO_1-285.png,/app/data/processed/sharpened/P_00106_mass_RIGHT_MLO_1-285.png,/app/data/processed/denoised/kuan/P_00106_mass_RIGHT_MLO_1-285.png,P_00106,BENIGN_WITHOUT_CALLBACK,0,"{""window_size"": 7, ""damping"": 1.0}",SUCCESS
median,CPU based (OpenCV SIMD),gaussian,/app/data/processed/noisy/gaussian/P_00187_mass_LEFT_CC_1-161.png,/app/data/processed/sharpened/P_00187_mass_LEFT_CC_1-161.png,/app/data/processed/denoised/median/P_00187_mass_LEFT_CC_1-161.png,P_00187,BENIGN,0,"{""kernel_size"": 5}",SUCCESS
gaussian,GPU accelerated / Hybrid (PyTorch CUDA / OpenCV),gaussian,/app/data/processed/noisy/gaussian/P_00187_mass_LEFT_CC_1-161.png,/app/data/processed/sharpened/P_00187_mass_LEFT_CC_1-161.png,/app/data/processed/denoised/gaussian/P_00187_mass_LEFT_CC_1-161.png,P_00187,BENIGN,0,"{""kernel_size"": [5, 5], ""sigma"": 1.0}",SUCCESS
wiener,CPU based (SciPy),gaussian,/app/data/processed/noisy/gaussian/P_00187_mass_LEFT_CC_1-161.png,/app/data/processed/sharpened/P_00187_mass_LEFT_CC_1-161.png,/app/data/processed/denoised/wiener/P_00187_mass_LEFT_CC_1-161.png,P_00187,BENIGN,0,"{""noise_variance"": null}",SUCCESS
bilateral,CPU based (OpenCV),gaussian,/app/data/processed/noisy/gaussian/P_00187_mass_LEFT_CC_1-161.png,/app/data/processed/sharpened/P_00187_mass_LEFT_CC_1-161.png,/app/data/processed/denoised/bilateral/P_00187_mass_LEFT_CC_1-161.png,P_00187,BENIGN,0,"{""d"": 9, ""sigma_color"": 75, ""sigma_space"": 75}",SUCCESS
non_local_means,CPU based (OpenCV fastNlMeans),gaussian,/app/data/processed/noisy/gaussian/P_00187_mass_LEFT_CC_1-161.png,/app/data/processed/sharpened/P_00187_mass_LEFT_CC_1-161.png,/app/data/processed/denoised/non_local_means/P_00187_mass_LEFT_CC_1-161.png,P_00187,BENIGN,0,"{""h"": 0.1, ""template_window_size"": 7, ""search_window_size"": 21}",SUCCESS
anscombe_wiener,CPU based (Anscombe + SciPy Wiener),gaussian,/app/data/processed/noisy/gaussian/P_00187_mass_LEFT_CC_1-161.png,/app/data/processed/sharpened/P_00187_mass_LEFT_CC_1-161.png,/app/data/processed/denoised/anscombe_wiener/P_00187_mass_LEFT_CC_1-161.png,P_00187,BENIGN,0,"{""sigma"": 0.02}",SUCCESS
adaptive_median,CPU based (Vectorized SciPy multi-window rank),gaussian,/app/data/processed/noisy/gaussian/P_00187_mass_LEFT_CC_1-161.png,/app/data/processed/sharpened/P_00187_mass_LEFT_CC_1-161.png,/app/data/processed/denoised/adaptive_median/P_00187_mass_LEFT_CC_1-161.png,P_00187,BENIGN,0,"{""max_window_size"": 7}",SUCCESS
kuan,GPU accelerated / Hybrid (PyTorch CUDA / SciPy),gaussian,/app/data/processed/noisy/gaussian/P_00187_mass_LEFT_CC_1-161.png,/app/data/processed/sharpened/P_00187_mass_LEFT_CC_1-161.png,/app/data/processed/denoised/kuan/P_00187_mass_LEFT_CC_1-161.png,P_00187,BENIGN,0,"{""window_size"": 7, ""damping"": 1.0}",SUCCESS
median,CPU based (OpenCV SIMD),gaussian,/app/data/processed/noisy/gaussian/P_00281_mass_LEFT_MLO_1-198.png,/app/data/processed/sharpened/P_00281_mass_LEFT_MLO_1-198.png,/app/data/processed/denoised/median/P_00281_mass_LEFT_MLO_1-198.png,P_00281,BENIGN,0,"{""kernel_size"": 5}",SUCCESS
gaussian,GPU accelerated / Hybrid (PyTorch CUDA / OpenCV),gaussian,/app/data/processed/noisy/gaussian/P_00281_mass_LEFT_MLO_1-198.png,/app/data/processed/sharpened/P_00281_mass_LEFT_MLO_1-198.png,/app/data/processed/denoised/gaussian/P_00281_mass_LEFT_MLO_1-198.png,P_00281,BENIGN,0,"{""kernel_size"": [5, 5], ""sigma"": 1.0}",SUCCESS
wiener,CPU based (SciPy),gaussian,/app/data/processed/noisy/gaussian/P_00281_mass_LEFT_MLO_1-198.png,/app/data/processed/sharpened/P_00281_mass_LEFT_MLO_1-198.png,/app/data/processed/denoised/wiener/P_00281_mass_LEFT_MLO_1-198.png,P_00281,BENIGN,0,"{""noise_variance"": null}",SUCCESS
bilateral,CPU based (OpenCV),gaussian,/app/data/processed/noisy/gaussian/P_00281_mass_LEFT_MLO_1-198.png,/app/data/processed/sharpened/P_00281_mass_LEFT_MLO_1-198.png,/app/data/processed/denoised/bilateral/P_00281_mass_LEFT_MLO_1-198.png,P_00281,BENIGN,0,"{""d"": 9, ""sigma_color"": 75, ""sigma_space"": 75}",SUCCESS
non_local_means,CPU based (OpenCV fastNlMeans),gaussian,/app/data/processed/noisy/gaussian/P_00281_mass_LEFT_MLO_1-198.png,/app/data/processed/sharpened/P_00281_mass_LEFT_MLO_1-198.png,/app/data/processed/denoised/non_local_means/P_00281_mass_LEFT_MLO_1-198.png,P_00281,BENIGN,0,"{""h"": 0.1, ""template_window_size"": 7, ""search_window_size"": 21}",SUCCESS
anscombe_wiener,CPU based (Anscombe + SciPy Wiener),gaussian,/app/data/processed/noisy/gaussian/P_00281_mass_LEFT_MLO_1-198.png,/app/data/processed/sharpened/P_00281_mass_LEFT_MLO_1-198.png,/app/data/processed/denoised/anscombe_wiener/P_00281_mass_LEFT_MLO_1-198.png,P_00281,BENIGN,0,"{""sigma"": 0.02}",SUCCESS
adaptive_median,CPU based (Vectorized SciPy multi-window rank),gaussian,/app/data/processed/noisy/gaussian/P_00281_mass_LEFT_MLO_1-198.png,/app/data/processed/sharpened/P_00281_mass_LEFT_MLO_1-198.png,/app/data/processed/denoised/adaptive_median/P_00281_mass_LEFT_MLO_1-198.png,P_00281,BENIGN,0,"{""max_window_size"": 7}",SUCCESS
kuan,GPU accelerated / Hybrid (PyTorch CUDA / SciPy),gaussian,/app/data/processed/noisy/gaussian/P_00281_mass_LEFT_MLO_1-198.png,/app/data/processed/sharpened/P_00281_mass_LEFT_MLO_1-198.png,/app/data/processed/denoised/kuan/P_00281_mass_LEFT_MLO_1-198.png,P_00281,BENIGN,0,"{""window_size"": 7, ""damping"": 1.0}",SUCCESS
median,CPU based (OpenCV SIMD),gaussian,/app/data/processed/noisy/gaussian/P_00351_mass_LEFT_MLO_1-257.png,/app/data/processed/sharpened/P_00351_mass_LEFT_MLO_1-257.png,/app/data/processed/denoised/median/P_00351_mass_LEFT_MLO_1-257.png,P_00351,BENIGN,0,"{""kernel_size"": 5}",SUCCESS
gaussian,GPU accelerated / Hybrid (PyTorch CUDA / OpenCV),gaussian,/app/data/processed/noisy/gaussian/P_00351_mass_LEFT_MLO_1-257.png,/app/data/processed/sharpened/P_00351_mass_LEFT_MLO_1-257.png,/app/data/processed/denoised/gaussian/P_00351_mass_LEFT_MLO_1-257.png,P_00351,BENIGN,0,"{""kernel_size"": [5, 5], ""sigma"": 1.0}",SUCCESS
wiener,CPU based (SciPy),gaussian,/app/data/processed/noisy/gaussian/P_00351_mass_LEFT_MLO_1-257.png,/app/data/processed/sharpened/P_00351_mass_LEFT_MLO_1-257.png,/app/data/processed/denoised/wiener/P_00351_mass_LEFT_MLO_1-257.png,P_00351,BENIGN,0,"{""noise_variance"": null}",SUCCESS
bilateral,CPU based (OpenCV),gaussian,/app/data/processed/noisy/gaussian/P_00351_mass_LEFT_MLO_1-257.png,/app/data/processed/sharpened/P_00351_mass_LEFT_MLO_1-257.png,/app/data/processed/denoised/bilateral/P_00351_mass_LEFT_MLO_1-257.png,P_00351,BENIGN,0,"{""d"": 9, ""sigma_color"": 75, ""sigma_space"": 75}",SUCCESS
non_local_means,CPU based (OpenCV fastNlMeans),gaussian,/app/data/processed/noisy/gaussian/P_00351_mass_LEFT_MLO_1-257.png,/app/data/processed/sharpened/P_00351_mass_LEFT_MLO_1-257.png,/app/data/processed/denoised/non_local_means/P_00351_mass_LEFT_MLO_1-257.png,P_00351,BENIGN,0,"{""h"": 0.1, ""template_window_size"": 7, ""search_window_size"": 21}",SUCCESS
anscombe_wiener,CPU based (Anscombe + SciPy Wiener),gaussian,/app/data/processed/noisy/gaussian/P_00351_mass_LEFT_MLO_1-257.png,/app/data/processed/sharpened/P_00351_mass_LEFT_MLO_1-257.png,/app/data/processed/denoised/anscombe_wiener/P_00351_mass_LEFT_MLO_1-257.png,P_00351,BENIGN,0,"{""sigma"": 0.02}",SUCCESS
adaptive_median,CPU based (Vectorized SciPy multi-window rank),gaussian,/app/data/processed/noisy/gaussian/P_00351_mass_LEFT_MLO_1-257.png,/app/data/processed/sharpened/P_00351_mass_LEFT_MLO_1-257.png,/app/data/processed/denoised/adaptive_median/P_00351_mass_LEFT_MLO_1-257.png,P_00351,BENIGN,0,"{""max_window_size"": 7}",SUCCESS
kuan,GPU accelerated / Hybrid (PyTorch CUDA / SciPy),gaussian,/app/data/processed/noisy/gaussian/P_00351_mass_LEFT_MLO_1-257.png,/app/data/processed/sharpened/P_00351_mass_LEFT_MLO_1-257.png,/app/data/processed/denoised/kuan/P_00351_mass_LEFT_MLO_1-257.png,P_00351,BENIGN,0,"{""window_size"": 7, ""damping"": 1.0}",SUCCESS
median,CPU based (OpenCV SIMD),gaussian,/app/data/processed/noisy/gaussian/P_00512_mass_RIGHT_CC_1-205.png,/app/data/processed/sharpened/P_00512_mass_RIGHT_CC_1-205.png,/app/data/processed/denoised/median/P_00512_mass_RIGHT_CC_1-205.png,P_00512,BENIGN,0,"{""kernel_size"": 5}",SUCCESS
gaussian,GPU accelerated / Hybrid (PyTorch CUDA / OpenCV),gaussian,/app/data/processed/noisy/gaussian/P_00512_mass_RIGHT_CC_1-205.png,/app/data/processed/sharpened/P_00512_mass_RIGHT_CC_1-205.png,/app/data/processed/denoised/gaussian/P_00512_mass_RIGHT_CC_1-205.png,P_00512,BENIGN,0,"{""kernel_size"": [5, 5], ""sigma"": 1.0}",SUCCESS
wiener,CPU based (SciPy),gaussian,/app/data/processed/noisy/gaussian/P_00512_mass_RIGHT_CC_1-205.png,/app/data/processed/sharpened/P_00512_mass_RIGHT_CC_1-205.png,/app/data/processed/denoised/wiener/P_00512_mass_RIGHT_CC_1-205.png,P_00512,BENIGN,0,"{""noise_variance"": null}",SUCCESS
bilateral,CPU based (OpenCV),gaussian,/app/data/processed/noisy/gaussian/P_00512_mass_RIGHT_CC_1-205.png,/app/data/processed/sharpened/P_00512_mass_RIGHT_CC_1-205.png,/app/data/processed/denoised/bilateral/P_00512_mass_RIGHT_CC_1-205.png,P_00512,BENIGN,0,"{""d"": 9, ""sigma_color"": 75, ""sigma_space"": 75}",SUCCESS
non_local_means,CPU based (OpenCV fastNlMeans),gaussian,/app/data/processed/noisy/gaussian/P_00512_mass_RIGHT_CC_1-205.png,/app/data/processed/sharpened/P_00512_mass_RIGHT_CC_1-205.png,/app/data/processed/denoised/non_local_means/P_00512_mass_RIGHT_CC_1-205.png,P_00512,BENIGN,0,"{""h"": 0.1, ""template_window_size"": 7, ""search_window_size"": 21}",SUCCESS
anscombe_wiener,CPU based (Anscombe + SciPy Wiener),gaussian,/app/data/processed/noisy/gaussian/P_00512_mass_RIGHT_CC_1-205.png,/app/data/processed/sharpened/P_00512_mass_RIGHT_CC_1-205.png,/app/data/processed/denoised/anscombe_wiener/P_00512_mass_RIGHT_CC_1-205.png,P_00512,BENIGN,0,"{""sigma"": 0.02}",SUCCESS
adaptive_median,CPU based (Vectorized SciPy multi-window rank),gaussian,/app/data/processed/noisy/gaussian/P_00512_mass_RIGHT_CC_1-205.png,/app/data/processed/sharpened/P_00512_mass_RIGHT_CC_1-205.png,/app/data/processed/denoised/adaptive_median/P_00512_mass_RIGHT_CC_1-205.png,P_00512,BENIGN,0,"{""max_window_size"": 7}",SUCCESS
kuan,GPU accelerated / Hybrid (PyTorch CUDA / SciPy),gaussian,/app/data/processed/noisy/gaussian/P_00512_mass_RIGHT_CC_1-205.png,/app/data/processed/sharpened/P_00512_mass_RIGHT_CC_1-205.png,/app/data/processed/denoised/kuan/P_00512_mass_RIGHT_CC_1-205.png,P_00512,BENIGN,0,"{""window_size"": 7, ""damping"": 1.0}",SUCCESS
median,CPU based (OpenCV SIMD),gaussian,/app/data/processed/noisy/gaussian/P_01142_mass_RIGHT_MLO_1-048.png,/app/data/processed/sharpened/P_01142_mass_RIGHT_MLO_1-048.png,/app/data/processed/denoised/median/P_01142_mass_RIGHT_MLO_1-048.png,P_01142,BENIGN_WITHOUT_CALLBACK,0,"{""kernel_size"": 5}",SUCCESS
gaussian,GPU accelerated / Hybrid (PyTorch CUDA / OpenCV),gaussian,/app/data/processed/noisy/gaussian/P_01142_mass_RIGHT_MLO_1-048.png,/app/data/processed/sharpened/P_01142_mass_RIGHT_MLO_1-048.png,/app/data/processed/denoised/gaussian/P_01142_mass_RIGHT_MLO_1-048.png,P_01142,BENIGN_WITHOUT_CALLBACK,0,"{""kernel_size"": [5, 5], ""sigma"": 1.0}",SUCCESS
wiener,CPU based (SciPy),gaussian,/app/data/processed/noisy/gaussian/P_01142_mass_RIGHT_MLO_1-048.png,/app/data/processed/sharpened/P_01142_mass_RIGHT_MLO_1-048.png,/app/data/processed/denoised/wiener/P_01142_mass_RIGHT_MLO_1-048.png,P_01142,BENIGN_WITHOUT_CALLBACK,0,"{""noise_variance"": null}",SUCCESS
bilateral,CPU based (OpenCV),gaussian,/app/data/processed/noisy/gaussian/P_01142_mass_RIGHT_MLO_1-048.png,/app/data/processed/sharpened/P_01142_mass_RIGHT_MLO_1-048.png,/app/data/processed/denoised/bilateral/P_01142_mass_RIGHT_MLO_1-048.png,P_01142,BENIGN_WITHOUT_CALLBACK,0,"{""d"": 9, ""sigma_color"": 75, ""sigma_space"": 75}",SUCCESS
non_local_means,CPU based (OpenCV fastNlMeans),gaussian,/app/data/processed/noisy/gaussian/P_01142_mass_RIGHT_MLO_1-048.png,/app/data/processed/sharpened/P_01142_mass_RIGHT_MLO_1-048.png,/app/data/processed/denoised/non_local_means/P_01142_mass_RIGHT_MLO_1-048.png,P_01142,BENIGN_WITHOUT_CALLBACK,0,"{""h"": 0.1, ""template_window_size"": 7, ""search_window_size"": 21}",SUCCESS
anscombe_wiener,CPU based (Anscombe + SciPy Wiener),gaussian,/app/data/processed/noisy/gaussian/P_01142_mass_RIGHT_MLO_1-048.png,/app/data/processed/sharpened/P_01142_mass_RIGHT_MLO_1-048.png,/app/data/processed/denoised/anscombe_wiener/P_01142_mass_RIGHT_MLO_1-048.png,P_01142,BENIGN_WITHOUT_CALLBACK,0,"{""sigma"": 0.02}",SUCCESS
adaptive_median,CPU based (Vectorized SciPy multi-window rank),gaussian,/app/data/processed/noisy/gaussian/P_01142_mass_RIGHT_MLO_1-048.png,/app/data/processed/sharpened/P_01142_mass_RIGHT_MLO_1-048.png,/app/data/processed/denoised/adaptive_median/P_01142_mass_RIGHT_MLO_1-048.png,P_01142,BENIGN_WITHOUT_CALLBACK,0,"{""max_window_size"": 7}",SUCCESS
kuan,GPU accelerated / Hybrid (PyTorch CUDA / SciPy),gaussian,/app/data/processed/noisy/gaussian/P_01142_mass_RIGHT_MLO_1-048.png,/app/data/processed/sharpened/P_01142_mass_RIGHT_MLO_1-048.png,/app/data/processed/denoised/kuan/P_01142_mass_RIGHT_MLO_1-048.png,P_01142,BENIGN_WITHOUT_CALLBACK,0,"{""window_size"": 7, ""damping"": 1.0}",SUCCESS
median,CPU based (OpenCV SIMD),gaussian,/app/data/processed/noisy/gaussian/P_01144_mass_LEFT_CC_1-234.png,/app/data/processed/sharpened/P_01144_mass_LEFT_CC_1-234.png,/app/data/processed/denoised/median/P_01144_mass_LEFT_CC_1-234.png,P_01144,MALIGNANT,1,"{""kernel_size"": 5}",SUCCESS
gaussian,GPU accelerated / Hybrid (PyTorch CUDA / OpenCV),gaussian,/app/data/processed/noisy/gaussian/P_01144_mass_LEFT_CC_1-234.png,/app/data/processed/sharpened/P_01144_mass_LEFT_CC_1-234.png,/app/data/processed/denoised/gaussian/P_01144_mass_LEFT_CC_1-234.png,P_01144,MALIGNANT,1,"{""kernel_size"": [5, 5], ""sigma"": 1.0}",SUCCESS
wiener,CPU based (SciPy),gaussian,/app/data/processed/noisy/gaussian/P_01144_mass_LEFT_CC_1-234.png,/app/data/processed/sharpened/P_01144_mass_LEFT_CC_1-234.png,/app/data/processed/denoised/wiener/P_01144_mass_LEFT_CC_1-234.png,P_01144,MALIGNANT,1,"{""noise_variance"": null}",SUCCESS
bilateral,CPU based (OpenCV),gaussian,/app/data/processed/noisy/gaussian/P_01144_mass_LEFT_CC_1-234.png,/app/data/processed/sharpened/P_01144_mass_LEFT_CC_1-234.png,/app/data/processed/denoised/bilateral/P_01144_mass_LEFT_CC_1-234.png,P_01144,MALIGNANT,1,"{""d"": 9, ""sigma_color"": 75, ""sigma_space"": 75}",SUCCESS
non_local_means,CPU based (OpenCV fastNlMeans),gaussian,/app/data/processed/noisy/gaussian/P_01144_mass_LEFT_CC_1-234.png,/app/data/processed/sharpened/P_01144_mass_LEFT_CC_1-234.png,/app/data/processed/denoised/non_local_means/P_01144_mass_LEFT_CC_1-234.png,P_01144,MALIGNANT,1,"{""h"": 0.1, ""template_window_size"": 7, ""search_window_size"": 21}",SUCCESS
anscombe_wiener,CPU based (Anscombe + SciPy Wiener),gaussian,/app/data/processed/noisy/gaussian/P_01144_mass_LEFT_CC_1-234.png,/app/data/processed/sharpened/P_01144_mass_LEFT_CC_1-234.png,/app/data/processed/denoised/anscombe_wiener/P_01144_mass_LEFT_CC_1-234.png,P_01144,MALIGNANT,1,"{""sigma"": 0.02}",SUCCESS
adaptive_median,CPU based (Vectorized SciPy multi-window rank),gaussian,/app/data/processed/noisy/gaussian/P_01144_mass_LEFT_CC_1-234.png,/app/data/processed/sharpened/P_01144_mass_LEFT_CC_1-234.png,/app/data/processed/denoised/adaptive_median/P_01144_mass_LEFT_CC_1-234.png,P_01144,MALIGNANT,1,"{""max_window_size"": 7}",SUCCESS
kuan,GPU accelerated / Hybrid (PyTorch CUDA / SciPy),gaussian,/app/data/processed/noisy/gaussian/P_01144_mass_LEFT_CC_1-234.png,/app/data/processed/sharpened/P_01144_mass_LEFT_CC_1-234.png,/app/data/processed/denoised/kuan/P_01144_mass_LEFT_CC_1-234.png,P_01144,MALIGNANT,1,"{""window_size"": 7, ""damping"": 1.0}",SUCCESS
median,CPU based (OpenCV SIMD),gaussian,/app/data/processed/noisy/gaussian/P_01232_mass_RIGHT_CC_1-162.png,/app/data/processed/sharpened/P_01232_mass_RIGHT_CC_1-162.png,/app/data/processed/denoised/median/P_01232_mass_RIGHT_CC_1-162.png,P_01232,MALIGNANT,1,"{""kernel_size"": 5}",SUCCESS
gaussian,GPU accelerated / Hybrid (PyTorch CUDA / OpenCV),gaussian,/app/data/processed/noisy/gaussian/P_01232_mass_RIGHT_CC_1-162.png,/app/data/processed/sharpened/P_01232_mass_RIGHT_CC_1-162.png,/app/data/processed/denoised/gaussian/P_01232_mass_RIGHT_CC_1-162.png,P_01232,MALIGNANT,1,"{""kernel_size"": [5, 5], ""sigma"": 1.0}",SUCCESS
wiener,CPU based (SciPy),gaussian,/app/data/processed/noisy/gaussian/P_01232_mass_RIGHT_CC_1-162.png,/app/data/processed/sharpened/P_01232_mass_RIGHT_CC_1-162.png,/app/data/processed/denoised/wiener/P_01232_mass_RIGHT_CC_1-162.png,P_01232,MALIGNANT,1,"{""noise_variance"": null}",SUCCESS
bilateral,CPU based (OpenCV),gaussian,/app/data/processed/noisy/gaussian/P_01232_mass_RIGHT_CC_1-162.png,/app/data/processed/sharpened/P_01232_mass_RIGHT_CC_1-162.png,/app/data/processed/denoised/bilateral/P_01232_mass_RIGHT_CC_1-162.png,P_01232,MALIGNANT,1,"{""d"": 9, ""sigma_color"": 75, ""sigma_space"": 75}",SUCCESS
non_local_means,CPU based (OpenCV fastNlMeans),gaussian,/app/data/processed/noisy/gaussian/P_01232_mass_RIGHT_CC_1-162.png,/app/data/processed/sharpened/P_01232_mass_RIGHT_CC_1-162.png,/app/data/processed/denoised/non_local_means/P_01232_mass_RIGHT_CC_1-162.png,P_01232,MALIGNANT,1,"{""h"": 0.1, ""template_window_size"": 7, ""search_window_size"": 21}",SUCCESS
anscombe_wiener,CPU based (Anscombe + SciPy Wiener),gaussian,/app/data/processed/noisy/gaussian/P_01232_mass_RIGHT_CC_1-162.png,/app/data/processed/sharpened/P_01232_mass_RIGHT_CC_1-162.png,/app/data/processed/denoised/anscombe_wiener/P_01232_mass_RIGHT_CC_1-162.png,P_01232,MALIGNANT,1,"{""sigma"": 0.02}",SUCCESS
adaptive_median,CPU based (Vectorized SciPy multi-window rank),gaussian,/app/data/processed/noisy/gaussian/P_01232_mass_RIGHT_CC_1-162.png,/app/data/processed/sharpened/P_01232_mass_RIGHT_CC_1-162.png,/app/data/processed/denoised/adaptive_median/P_01232_mass_RIGHT_CC_1-162.png,P_01232,MALIGNANT,1,"{""max_window_size"": 7}",SUCCESS
kuan,GPU accelerated / Hybrid (PyTorch CUDA / SciPy),gaussian,/app/data/processed/noisy/gaussian/P_01232_mass_RIGHT_CC_1-162.png,/app/data/processed/sharpened/P_01232_mass_RIGHT_CC_1-162.png,/app/data/processed/denoised/kuan/P_01232_mass_RIGHT_CC_1-162.png,P_01232,MALIGNANT,1,"{""window_size"": 7, ""damping"": 1.0}",SUCCESS
