noise_type,noise_parameters,source_image,output_image,patient_id,pathology,label,is_synthetic
gaussian,"{""mean"": 0.0, ""var"": 0.01}",/app/data/processed/sharpened/P_00044_mass_RIGHT_CC_1-063.png,/app/data/processed/noisy/gaussian/P_00044_mass_RIGHT_CC_1-063.png,P_00044,BENIGN,0,True
salt_pepper,"{""amount"": 0.04, ""salt_vs_pepper"": 0.5}",/app/data/processed/sharpened/P_00044_mass_RIGHT_CC_1-063.png,/app/data/processed/noisy/salt_pepper/P_00044_mass_RIGHT_CC_1-063.png,P_00044,BENIGN,0,True
speckle,"{""var"": 0.04}",/app/data/processed/sharpened/P_00044_mass_RIGHT_CC_1-063.png,/app/data/processed/noisy/speckle/P_00044_mass_RIGHT_CC_1-063.png,P_00044,BENIGN,0,True
poisson,"{""scale"": 255.0}",/app/data/processed/sharpened/P_00044_mass_RIGHT_CC_1-063.png,/app/data/processed/noisy/poisson/P_00044_mass_RIGHT_CC_1-063.png,P_00044,BENIGN,0,True
mixed_poisson_gaussian,"{""poisson_scale"": 255.0, ""gaussian_var"": 0.005}",/app/data/processed/sharpened/P_00044_mass_RIGHT_CC_1-063.png,/app/data/processed/noisy/mixed_poisson_gaussian/P_00044_mass_RIGHT_CC_1-063.png,P_00044,BENIGN,0,True
gaussian,"{""mean"": 0.0, ""var"": 0.01}",/app/data/processed/sharpened/P_00106_mass_LEFT_MLO_1-153.png,/app/data/processed/noisy/gaussian/P_00106_mass_LEFT_MLO_1-153.png,P_00106,BENIGN_WITHOUT_CALLBACK,0,True
salt_pepper,"{""amount"": 0.04, ""salt_vs_pepper"": 0.5}",/app/data/processed/sharpened/P_00106_mass_LEFT_MLO_1-153.png,/app/data/processed/noisy/salt_pepper/P_00106_mass_LEFT_MLO_1-153.png,P_00106,BENIGN_WITHOUT_CALLBACK,0,True
speckle,"{""var"": 0.04}",/app/data/processed/sharpened/P_00106_mass_LEFT_MLO_1-153.png,/app/data/processed/noisy/speckle/P_00106_mass_LEFT_MLO_1-153.png,P_00106,BENIGN_WITHOUT_CALLBACK,0,True
poisson,"{""scale"": 255.0}",/app/data/processed/sharpened/P_00106_mass_LEFT_MLO_1-153.png,/app/data/processed/noisy/poisson/P_00106_mass_LEFT_MLO_1-153.png,P_00106,BENIGN_WITHOUT_CALLBACK,0,True
mixed_poisson_gaussian,"{""poisson_scale"": 255.0, ""gaussian_var"": 0.005}",/app/data/processed/sharpened/P_00106_mass_LEFT_MLO_1-153.png,/app/data/processed/noisy/mixed_poisson_gaussian/P_00106_mass_LEFT_MLO_1-153.png,P_00106,BENIGN_WITHOUT_CALLBACK,0,True
gaussian,"{""mean"": 0.0, ""var"": 0.01}",/app/data/processed/sharpened/P_00106_mass_RIGHT_MLO_1-285.png,/app/data/processed/noisy/gaussian/P_00106_mass_RIGHT_MLO_1-285.png,P_00106,BENIGN_WITHOUT_CALLBACK,0,True
salt_pepper,"{""amount"": 0.04, ""salt_vs_pepper"": 0.5}",/app/data/processed/sharpened/P_00106_mass_RIGHT_MLO_1-285.png,/app/data/processed/noisy/salt_pepper/P_00106_mass_RIGHT_MLO_1-285.png,P_00106,BENIGN_WITHOUT_CALLBACK,0,True
speckle,"{""var"": 0.04}",/app/data/processed/sharpened/P_00106_mass_RIGHT_MLO_1-285.png,/app/data/processed/noisy/speckle/P_00106_mass_RIGHT_MLO_1-285.png,P_00106,BENIGN_WITHOUT_CALLBACK,0,True
poisson,"{""scale"": 255.0}",/app/data/processed/sharpened/P_00106_mass_RIGHT_MLO_1-285.png,/app/data/processed/noisy/poisson/P_00106_mass_RIGHT_MLO_1-285.png,P_00106,BENIGN_WITHOUT_CALLBACK,0,True
mixed_poisson_gaussian,"{""poisson_scale"": 255.0, ""gaussian_var"": 0.005}",/app/data/processed/sharpened/P_00106_mass_RIGHT_MLO_1-285.png,/app/data/processed/noisy/mixed_poisson_gaussian/P_00106_mass_RIGHT_MLO_1-285.png,P_00106,BENIGN_WITHOUT_CALLBACK,0,True
gaussian,"{""mean"": 0.0, ""var"": 0.01}",/app/data/processed/sharpened/P_00187_mass_LEFT_CC_1-161.png,/app/data/processed/noisy/gaussian/P_00187_mass_LEFT_CC_1-161.png,P_00187,BENIGN,0,True
salt_pepper,"{""amount"": 0.04, ""salt_vs_pepper"": 0.5}",/app/data/processed/sharpened/P_00187_mass_LEFT_CC_1-161.png,/app/data/processed/noisy/salt_pepper/P_00187_mass_LEFT_CC_1-161.png,P_00187,BENIGN,0,True
speckle,"{""var"": 0.04}",/app/data/processed/sharpened/P_00187_mass_LEFT_CC_1-161.png,/app/data/processed/noisy/speckle/P_00187_mass_LEFT_CC_1-161.png,P_00187,BENIGN,0,True
poisson,"{""scale"": 255.0}",/app/data/processed/sharpened/P_00187_mass_LEFT_CC_1-161.png,/app/data/processed/noisy/poisson/P_00187_mass_LEFT_CC_1-161.png,P_00187,BENIGN,0,True
mixed_poisson_gaussian,"{""poisson_scale"": 255.0, ""gaussian_var"": 0.005}",/app/data/processed/sharpened/P_00187_mass_LEFT_CC_1-161.png,/app/data/processed/noisy/mixed_poisson_gaussian/P_00187_mass_LEFT_CC_1-161.png,P_00187,BENIGN,0,True
gaussian,"{""mean"": 0.0, ""var"": 0.01}",/app/data/processed/sharpened/P_00281_mass_LEFT_MLO_1-198.png,/app/data/processed/noisy/gaussian/P_00281_mass_LEFT_MLO_1-198.png,P_00281,BENIGN,0,True
salt_pepper,"{""amount"": 0.04, ""salt_vs_pepper"": 0.5}",/app/data/processed/sharpened/P_00281_mass_LEFT_MLO_1-198.png,/app/data/processed/noisy/salt_pepper/P_00281_mass_LEFT_MLO_1-198.png,P_00281,BENIGN,0,True
speckle,"{""var"": 0.04}",/app/data/processed/sharpened/P_00281_mass_LEFT_MLO_1-198.png,/app/data/processed/noisy/speckle/P_00281_mass_LEFT_MLO_1-198.png,P_00281,BENIGN,0,True
poisson,"{""scale"": 255.0}",/app/data/processed/sharpened/P_00281_mass_LEFT_MLO_1-198.png,/app/data/processed/noisy/poisson/P_00281_mass_LEFT_MLO_1-198.png,P_00281,BENIGN,0,True
mixed_poisson_gaussian,"{""poisson_scale"": 255.0, ""gaussian_var"": 0.005}",/app/data/processed/sharpened/P_00281_mass_LEFT_MLO_1-198.png,/app/data/processed/noisy/mixed_poisson_gaussian/P_00281_mass_LEFT_MLO_1-198.png,P_00281,BENIGN,0,True
gaussian,"{""mean"": 0.0, ""var"": 0.01}",/app/data/processed/sharpened/P_00351_mass_LEFT_MLO_1-257.png,/app/data/processed/noisy/gaussian/P_00351_mass_LEFT_MLO_1-257.png,P_00351,BENIGN,0,True
salt_pepper,"{""amount"": 0.04, ""salt_vs_pepper"": 0.5}",/app/data/processed/sharpened/P_00351_mass_LEFT_MLO_1-257.png,/app/data/processed/noisy/salt_pepper/P_00351_mass_LEFT_MLO_1-257.png,P_00351,BENIGN,0,True
speckle,"{""var"": 0.04}",/app/data/processed/sharpened/P_00351_mass_LEFT_MLO_1-257.png,/app/data/processed/noisy/speckle/P_00351_mass_LEFT_MLO_1-257.png,P_00351,BENIGN,0,True
poisson,"{""scale"": 255.0}",/app/data/processed/sharpened/P_00351_mass_LEFT_MLO_1-257.png,/app/data/processed/noisy/poisson/P_00351_mass_LEFT_MLO_1-257.png,P_00351,BENIGN,0,True
mixed_poisson_gaussian,"{""poisson_scale"": 255.0, ""gaussian_var"": 0.005}",/app/data/processed/sharpened/P_00351_mass_LEFT_MLO_1-257.png,/app/data/processed/noisy/mixed_poisson_gaussian/P_00351_mass_LEFT_MLO_1-257.png,P_00351,BENIGN,0,True
gaussian,"{""mean"": 0.0, ""var"": 0.01}",/app/data/processed/sharpened/P_00512_mass_RIGHT_CC_1-205.png,/app/data/processed/noisy/gaussian/P_00512_mass_RIGHT_CC_1-205.png,P_00512,BENIGN,0,True
salt_pepper,"{""amount"": 0.04, ""salt_vs_pepper"": 0.5}",/app/data/processed/sharpened/P_00512_mass_RIGHT_CC_1-205.png,/app/data/processed/noisy/salt_pepper/P_00512_mass_RIGHT_CC_1-205.png,P_00512,BENIGN,0,True
speckle,"{""var"": 0.04}",/app/data/processed/sharpened/P_00512_mass_RIGHT_CC_1-205.png,/app/data/processed/noisy/speckle/P_00512_mass_RIGHT_CC_1-205.png,P_00512,BENIGN,0,True
poisson,"{""scale"": 255.0}",/app/data/processed/sharpened/P_00512_mass_RIGHT_CC_1-205.png,/app/data/processed/noisy/poisson/P_00512_mass_RIGHT_CC_1-205.png,P_00512,BENIGN,0,True
mixed_poisson_gaussian,"{""poisson_scale"": 255.0, ""gaussian_var"": 0.005}",/app/data/processed/sharpened/P_00512_mass_RIGHT_CC_1-205.png,/app/data/processed/noisy/mixed_poisson_gaussian/P_00512_mass_RIGHT_CC_1-205.png,P_00512,BENIGN,0,True
gaussian,"{""mean"": 0.0, ""var"": 0.01}",/app/data/processed/sharpened/P_01142_mass_RIGHT_MLO_1-048.png,/app/data/processed/noisy/gaussian/P_01142_mass_RIGHT_MLO_1-048.png,P_01142,BENIGN_WITHOUT_CALLBACK,0,True
salt_pepper,"{""amount"": 0.04, ""salt_vs_pepper"": 0.5}",/app/data/processed/sharpened/P_01142_mass_RIGHT_MLO_1-048.png,/app/data/processed/noisy/salt_pepper/P_01142_mass_RIGHT_MLO_1-048.png,P_01142,BENIGN_WITHOUT_CALLBACK,0,True
speckle,"{""var"": 0.04}",/app/data/processed/sharpened/P_01142_mass_RIGHT_MLO_1-048.png,/app/data/processed/noisy/speckle/P_01142_mass_RIGHT_MLO_1-048.png,P_01142,BENIGN_WITHOUT_CALLBACK,0,True
poisson,"{""scale"": 255.0}",/app/data/processed/sharpened/P_01142_mass_RIGHT_MLO_1-048.png,/app/data/processed/noisy/poisson/P_01142_mass_RIGHT_MLO_1-048.png,P_01142,BENIGN_WITHOUT_CALLBACK,0,True
mixed_poisson_gaussian,"{""poisson_scale"": 255.0, ""gaussian_var"": 0.005}",/app/data/processed/sharpened/P_01142_mass_RIGHT_MLO_1-048.png,/app/data/processed/noisy/mixed_poisson_gaussian/P_01142_mass_RIGHT_MLO_1-048.png,P_01142,BENIGN_WITHOUT_CALLBACK,0,True
gaussian,"{""mean"": 0.0, ""var"": 0.01}",/app/data/processed/sharpened/P_01144_mass_LEFT_CC_1-234.png,/app/data/processed/noisy/gaussian/P_01144_mass_LEFT_CC_1-234.png,P_01144,MALIGNANT,1,True
salt_pepper,"{""amount"": 0.04, ""salt_vs_pepper"": 0.5}",/app/data/processed/sharpened/P_01144_mass_LEFT_CC_1-234.png,/app/data/processed/noisy/salt_pepper/P_01144_mass_LEFT_CC_1-234.png,P_01144,MALIGNANT,1,True
speckle,"{""var"": 0.04}",/app/data/processed/sharpened/P_01144_mass_LEFT_CC_1-234.png,/app/data/processed/noisy/speckle/P_01144_mass_LEFT_CC_1-234.png,P_01144,MALIGNANT,1,True
poisson,"{""scale"": 255.0}",/app/data/processed/sharpened/P_01144_mass_LEFT_CC_1-234.png,/app/data/processed/noisy/poisson/P_01144_mass_LEFT_CC_1-234.png,P_01144,MALIGNANT,1,True
mixed_poisson_gaussian,"{""poisson_scale"": 255.0, ""gaussian_var"": 0.005}",/app/data/processed/sharpened/P_01144_mass_LEFT_CC_1-234.png,/app/data/processed/noisy/mixed_poisson_gaussian/P_01144_mass_LEFT_CC_1-234.png,P_01144,MALIGNANT,1,True
gaussian,"{""mean"": 0.0, ""var"": 0.01}",/app/data/processed/sharpened/P_01232_mass_RIGHT_CC_1-162.png,/app/data/processed/noisy/gaussian/P_01232_mass_RIGHT_CC_1-162.png,P_01232,MALIGNANT,1,True
salt_pepper,"{""amount"": 0.04, ""salt_vs_pepper"": 0.5}",/app/data/processed/sharpened/P_01232_mass_RIGHT_CC_1-162.png,/app/data/processed/noisy/salt_pepper/P_01232_mass_RIGHT_CC_1-162.png,P_01232,MALIGNANT,1,True
speckle,"{""var"": 0.04}",/app/data/processed/sharpened/P_01232_mass_RIGHT_CC_1-162.png,/app/data/processed/noisy/speckle/P_01232_mass_RIGHT_CC_1-162.png,P_01232,MALIGNANT,1,True
poisson,"{""scale"": 255.0}",/app/data/processed/sharpened/P_01232_mass_RIGHT_CC_1-162.png,/app/data/processed/noisy/poisson/P_01232_mass_RIGHT_CC_1-162.png,P_01232,MALIGNANT,1,True
mixed_poisson_gaussian,"{""poisson_scale"": 255.0, ""gaussian_var"": 0.005}",/app/data/processed/sharpened/P_01232_mass_RIGHT_CC_1-162.png,/app/data/processed/noisy/mixed_poisson_gaussian/P_01232_mass_RIGHT_CC_1-162.png,P_01232,MALIGNANT,1,True
