patient_id,abnormality_id,category,side,view,pathology,label,split,contrast_method,sharpening_method,input_image_path,output_image_path,original_height,original_width,output_height,output_width,sigma,amount,threshold,input_min,input_max,input_mean,input_std,input_median,input_p01,input_p99,output_min,output_max,output_mean,output_std,output_median,output_p01,output_p99,entropy,near_zero_percentage,near_one_percentage,mean_gradient_magnitude,std_gradient_magnitude,strong_edge_percentage,mean_absolute_difference,max_absolute_difference,std_absolute_difference,status,notes
P_00004,1,mass,LEFT,CC,BENIGN,0,train,baseline,none,/app/data/processed/baseline/full_mammogram/P_00004_LEFT_CC_1_baseline.png,/app/data/processed/baseline/full_mammogram/P_00004_LEFT_CC_1_baseline.png,5491,2986,5491,2986,0.0,0.0,0.0,0.0,255.0,54.6894,67.0279,0.0,0.0,255.0,0.0,255.0,54.6894,67.0279,0.0,0.0,255.0,4.3261,52.99,2.1924,6.3569,16.1954,2.8487,0.0,0.0,0.0,SUCCESS,Stage-6 baseline image preserved as unchanged control condition
P_00004,1,mass,LEFT,CC,BENIGN,0,train,baseline,unsharp_mask,/app/data/processed/baseline/full_mammogram/P_00004_LEFT_CC_1_baseline.png,data/processed/sharpening/baseline/unsharp/P_00004_LEFT_CC_1_baseline_unsharp.png,5491,2986,5491,2986,1.0,1.0,0.0,0.0,255.0,54.6894,67.0279,0.0,0.0,255.0,0.0,255.0,54.6947,67.0511,0.0,0.0,255.0,4.3105,53.0624,2.2235,8.6564,19.2418,8.0454,0.3816,56.0,0.8139,SUCCESS,"Unsharp masking applied (sigma=1.0, amount=1.0, threshold=0.0)"
P_00004,1,mass,LEFT,CC,BENIGN,0,train,histogram_equalization,none,/app/data/processed/contrast/histogram_equalization/P_00004_LEFT_CC_1_histeq.png,/app/data/processed/contrast/histogram_equalization/P_00004_LEFT_CC_1_histeq.png,5491,2986,5491,2986,0.0,0.0,0.0,0.0,255.0,61.1354,82.1258,0.0,0.0,255.0,0.0,255.0,61.1354,82.1258,0.0,0.0,255.0,4.2046,52.99,2.1572,13.2069,27.2386,18.3965,0.0,0.0,0.0,SUCCESS,Stage-6 histogram_equalization image preserved as unchanged control condition
P_00004,1,mass,LEFT,CC,BENIGN,0,train,histogram_equalization,unsharp_mask,/app/data/processed/contrast/histogram_equalization/P_00004_LEFT_CC_1_histeq.png,data/processed/sharpening/histogram_equalization/unsharp/P_00004_LEFT_CC_1_histeq_unsharp.png,5491,2986,5491,2986,1.0,1.0,0.0,0.0,255.0,61.1354,82.1258,0.0,0.0,255.0,0.0,255.0,61.1386,82.2452,0.0,0.0,255.0,4.7065,52.9016,2.1724,18.487,36.3536,24.3621,0.8518,82.0,1.7726,SUCCESS,"Unsharp masking applied (sigma=1.0, amount=1.0, threshold=0.0)"
P_00004,1,mass,LEFT,CC,BENIGN,0,train,clahe,none,/app/data/processed/contrast/clahe/P_00004_LEFT_CC_1_clahe.png,/app/data/processed/contrast/clahe/P_00004_LEFT_CC_1_clahe.png,5491,2986,5491,2986,0.0,0.0,0.0,2.0,255.0,60.8317,69.9847,3.0,2.0,255.0,2.0,255.0,60.8317,69.9847,3.0,2.0,255.0,4.5382,1.5774,2.1622,12.0025,19.6209,19.2264,0.0,0.0,0.0,SUCCESS,Stage-6 clahe image preserved as unchanged control condition
P_00004,1,mass,LEFT,CC,BENIGN,0,train,clahe,unsharp_mask,/app/data/processed/contrast/clahe/P_00004_LEFT_CC_1_clahe.png,data/processed/sharpening/clahe/unsharp/P_00004_LEFT_CC_1_clahe_unsharp.png,5491,2986,5491,2986,1.0,1.0,0.0,2.0,255.0,60.8317,69.9847,3.0,2.0,255.0,0.0,255.0,60.8331,70.0668,3.0,2.0,255.0,4.5687,1.9957,2.1964,16.8461,26.0448,28.7921,0.7951,52.0,1.3608,SUCCESS,"Unsharp masking applied (sigma=1.0, amount=1.0, threshold=0.0)"
P_00009,1,mass,RIGHT,MLO,MALIGNANT,1,train,baseline,none,/app/data/processed/baseline/full_mammogram/P_00009_RIGHT_MLO_1_baseline.png,/app/data/processed/baseline/full_mammogram/P_00009_RIGHT_MLO_1_baseline.png,5266,2596,5266,2596,0.0,0.0,0.0,0.0,255.0,77.7027,82.4284,63.0,0.0,255.0,0.0,255.0,77.7027,82.4284,63.0,0.0,255.0,5.2842,43.8922,1.2425,10.0766,25.3998,8.5904,0.0,0.0,0.0,SUCCESS,Stage-6 baseline image preserved as unchanged control condition
P_00009,1,mass,RIGHT,MLO,MALIGNANT,1,train,baseline,unsharp_mask,/app/data/processed/baseline/full_mammogram/P_00009_RIGHT_MLO_1_baseline.png,data/processed/sharpening/baseline/unsharp/P_00009_RIGHT_MLO_1_baseline_unsharp.png,5266,2596,5266,2596,1.0,1.0,0.0,0.0,255.0,77.7027,82.4284,63.0,0.0,255.0,0.0,255.0,77.7073,82.4656,63.0,0.0,255.0,5.409,43.9467,1.2417,14.9372,29.4519,23.7451,0.8124,98.0,1.5792,SUCCESS,"Unsharp masking applied (sigma=1.0, amount=1.0, threshold=0.0)"
P_00009,1,mass,RIGHT,MLO,MALIGNANT,1,train,histogram_equalization,none,/app/data/processed/contrast/histogram_equalization/P_00009_RIGHT_MLO_1_histeq.png,/app/data/processed/contrast/histogram_equalization/P_00009_RIGHT_MLO_1_histeq.png,5266,2596,5266,2596,0.0,0.0,0.0,0.0,255.0,73.0365,84.3886,31.0,0.0,255.0,0.0,255.0,73.0365,84.3886,31.0,0.0,255.0,5.1992,43.0442,1.0691,11.7793,27.6737,14.8461,0.0,0.0,0.0,SUCCESS,Stage-6 histogram_equalization image preserved as unchanged control condition
P_00009,1,mass,RIGHT,MLO,MALIGNANT,1,train,histogram_equalization,unsharp_mask,/app/data/processed/contrast/histogram_equalization/P_00009_RIGHT_MLO_1_histeq.png,data/processed/sharpening/histogram_equalization/unsharp/P_00009_RIGHT_MLO_1_histeq_unsharp.png,5266,2596,5266,2596,1.0,1.0,0.0,0.0,255.0,73.0365,84.3886,31.0,0.0,255.0,0.0,255.0,73.0398,84.4483,31.0,0.0,255.0,5.5034,43.2429,1.0806,17.404,32.9486,27.8348,0.9276,103.0,1.7257,SUCCESS,"Unsharp masking applied (sigma=1.0, amount=1.0, threshold=0.0)"
P_00009,1,mass,RIGHT,MLO,MALIGNANT,1,train,clahe,none,/app/data/processed/contrast/clahe/P_00009_RIGHT_MLO_1_clahe.png,/app/data/processed/contrast/clahe/P_00009_RIGHT_MLO_1_clahe.png,5266,2596,5266,2596,0.0,0.0,0.0,2.0,255.0,79.4516,79.7996,65.0,2.0,255.0,2.0,255.0,79.4516,79.7996,65.0,2.0,255.0,5.5454,2.4464,1.1084,17.5543,29.433,30.1487,0.0,0.0,0.0,SUCCESS,Stage-6 clahe image preserved as unchanged control condition
P_00009,1,mass,RIGHT,MLO,MALIGNANT,1,train,clahe,unsharp_mask,/app/data/processed/contrast/clahe/P_00009_RIGHT_MLO_1_clahe.png,data/processed/sharpening/clahe/unsharp/P_00009_RIGHT_MLO_1_clahe_unsharp.png,5266,2596,5266,2596,1.0,1.0,0.0,2.0,255.0,79.4516,79.7996,65.0,2.0,255.0,0.0,255.0,79.454,79.9528,64.0,2.0,255.0,5.5901,3.1194,1.1455,26.3847,37.8681,42.2843,1.4676,96.0,2.2354,SUCCESS,"Unsharp masking applied (sigma=1.0, amount=1.0, threshold=0.0)"
P_00037,1,mass,RIGHT,CC,MALIGNANT,1,test,baseline,none,/app/data/processed/baseline/full_mammogram/P_00037_RIGHT_CC_1_baseline.png,/app/data/processed/baseline/full_mammogram/P_00037_RIGHT_CC_1_baseline.png,4608,2936,4608,2936,0.0,0.0,0.0,0.0,255.0,32.8867,60.7684,0.0,0.0,255.0,0.0,255.0,32.8867,60.7684,0.0,0.0,255.0,4.0409,56.6835,1.1452,9.4653,21.9188,11.3706,0.0,0.0,0.0,SUCCESS,Stage-6 baseline image preserved as unchanged control condition
P_00037,1,mass,RIGHT,CC,MALIGNANT,1,test,baseline,unsharp_mask,/app/data/processed/baseline/full_mammogram/P_00037_RIGHT_CC_1_baseline.png,data/processed/sharpening/baseline/unsharp/P_00037_RIGHT_CC_1_baseline_unsharp.png,4608,2936,4608,2936,1.0,1.0,0.0,0.0,255.0,32.8867,60.7684,0.0,0.0,255.0,0.0,255.0,32.8934,60.8518,0.0,0.0,255.0,4.2139,57.0701,1.2349,14.1667,27.8086,22.9043,0.7962,110.0,1.4825,SUCCESS,"Unsharp masking applied (sigma=1.0, amount=1.0, threshold=0.0)"
P_00037,1,mass,RIGHT,CC,MALIGNANT,1,test,histogram_equalization,none,/app/data/processed/contrast/histogram_equalization/P_00037_RIGHT_CC_1_histeq.png,/app/data/processed/contrast/histogram_equalization/P_00037_RIGHT_CC_1_histeq.png,4608,2936,4608,2936,0.0,0.0,0.0,0.0,255.0,57.4958,80.5147,0.0,0.0,255.0,0.0,255.0,57.4958,80.5147,0.0,0.0,255.0,3.9369,55.4785,1.0579,18.3078,36.8973,21.8273,0.0,0.0,0.0,SUCCESS,Stage-6 histogram_equalization image preserved as unchanged control condition
P_00037,1,mass,RIGHT,CC,MALIGNANT,1,test,histogram_equalization,unsharp_mask,/app/data/processed/contrast/histogram_equalization/P_00037_RIGHT_CC_1_histeq.png,data/processed/sharpening/histogram_equalization/unsharp/P_00037_RIGHT_CC_1_histeq_unsharp.png,4608,2936,4608,2936,1.0,1.0,0.0,0.0,255.0,57.4958,80.5147,0.0,0.0,255.0,0.0,255.0,57.5425,80.888,0.0,0.0,255.0,4.5076,55.6016,1.0665,28.6023,55.8206,28.3912,1.7308,105.0,3.8103,SUCCESS,"Unsharp masking applied (sigma=1.0, amount=1.0, threshold=0.0)"
P_00037,1,mass,RIGHT,CC,MALIGNANT,1,test,clahe,none,/app/data/processed/contrast/clahe/P_00037_RIGHT_CC_1_clahe.png,/app/data/processed/contrast/clahe/P_00037_RIGHT_CC_1_clahe.png,4608,2936,4608,2936,0.0,0.0,0.0,2.0,255.0,40.3911,60.907,3.0,2.0,255.0,2.0,255.0,40.3911,60.907,3.0,2.0,255.0,4.4299,1.1318,1.1441,14.9165,24.753,24.988,0.0,0.0,0.0,SUCCESS,Stage-6 clahe image preserved as unchanged control condition
P_00037,1,mass,RIGHT,CC,MALIGNANT,1,test,clahe,unsharp_mask,/app/data/processed/contrast/clahe/P_00037_RIGHT_CC_1_clahe.png,data/processed/sharpening/clahe/unsharp/P_00037_RIGHT_CC_1_clahe_unsharp.png,4608,2936,4608,2936,1.0,1.0,0.0,2.0,255.0,40.3911,60.907,3.0,2.0,255.0,0.0,255.0,40.3915,61.1236,3.0,2.0,255.0,4.5083,2.2523,1.1882,23.1352,35.8246,34.1094,1.3675,104.0,2.3496,SUCCESS,"Unsharp masking applied (sigma=1.0, amount=1.0, threshold=0.0)"
P_00056,1,mass,LEFT,MLO,BENIGN,0,test,baseline,none,/app/data/processed/baseline/full_mammogram/P_00056_LEFT_MLO_1_baseline.png,/app/data/processed/baseline/full_mammogram/P_00056_LEFT_MLO_1_baseline.png,4296,2936,4296,2936,0.0,0.0,0.0,0.0,255.0,44.6171,78.137,0.0,0.0,255.0,0.0,255.0,44.6171,78.137,0.0,0.0,255.0,3.6797,63.9514,1.1209,8.057,21.495,10.102,0.0,0.0,0.0,SUCCESS,Stage-6 baseline image preserved as unchanged control condition
P_00056,1,mass,LEFT,MLO,BENIGN,0,test,baseline,unsharp_mask,/app/data/processed/baseline/full_mammogram/P_00056_LEFT_MLO_1_baseline.png,data/processed/sharpening/baseline/unsharp/P_00056_LEFT_MLO_1_baseline_unsharp.png,4296,2936,4296,2936,1.0,1.0,0.0,0.0,255.0,44.6171,78.137,0.0,0.0,255.0,0.0,255.0,44.6244,78.199,0.0,0.0,255.0,3.8023,64.3257,1.276,11.9872,27.2019,19.1991,0.6646,105.0,1.391,SUCCESS,"Unsharp masking applied (sigma=1.0, amount=1.0, threshold=0.0)"
P_00056,1,mass,LEFT,MLO,BENIGN,0,test,histogram_equalization,none,/app/data/processed/contrast/histogram_equalization/P_00056_LEFT_MLO_1_histeq.png,/app/data/processed/contrast/histogram_equalization/P_00056_LEFT_MLO_1_histeq.png,4296,2936,4296,2936,0.0,0.0,0.0,0.0,255.0,47.7255,76.5184,0.0,0.0,255.0,0.0,255.0,47.7255,76.5184,0.0,0.0,255.0,3.6463,62.859,1.0309,9.0502,20.1576,12.6464,0.0,0.0,0.0,SUCCESS,Stage-6 histogram_equalization image preserved as unchanged control condition
P_00056,1,mass,LEFT,MLO,BENIGN,0,test,histogram_equalization,unsharp_mask,/app/data/processed/contrast/histogram_equalization/P_00056_LEFT_MLO_1_histeq.png,data/processed/sharpening/histogram_equalization/unsharp/P_00056_LEFT_MLO_1_histeq_unsharp.png,4296,2936,4296,2936,1.0,1.0,0.0,0.0,255.0,47.7255,76.5184,0.0,0.0,255.0,0.0,255.0,47.7693,76.5649,0.0,0.0,255.0,3.8842,62.9633,1.0428,13.58,26.7944,21.8601,0.7727,98.0,1.6324,SUCCESS,"Unsharp masking applied (sigma=1.0, amount=1.0, threshold=0.0)"
P_00056,1,mass,LEFT,MLO,BENIGN,0,test,clahe,none,/app/data/processed/contrast/clahe/P_00056_LEFT_MLO_1_clahe.png,/app/data/processed/contrast/clahe/P_00056_LEFT_MLO_1_clahe.png,4296,2936,4296,2936,0.0,0.0,0.0,2.0,255.0,46.1944,72.5828,3.0,3.0,255.0,2.0,255.0,46.1944,72.5828,3.0,3.0,255.0,3.8965,0.3521,1.0916,12.3229,24.6003,19.6275,0.0,0.0,0.0,SUCCESS,Stage-6 clahe image preserved as unchanged control condition
P_00056,1,mass,LEFT,MLO,BENIGN,0,test,clahe,unsharp_mask,/app/data/processed/contrast/clahe/P_00056_LEFT_MLO_1_clahe.png,data/processed/sharpening/clahe/unsharp/P_00056_LEFT_MLO_1_clahe_unsharp.png,4296,2936,4296,2936,1.0,1.0,0.0,2.0,255.0,46.1944,72.5828,3.0,3.0,255.0,0.0,255.0,46.193,72.7268,3.0,2.0,255.0,3.9707,1.4469,1.2151,18.8543,34.5661,27.6718,1.088,103.0,2.1094,SUCCESS,"Unsharp masking applied (sigma=1.0, amount=1.0, threshold=0.0)"
P_00007,1,calcification,LEFT,CC,BENIGN,0,train,baseline,none,/app/data/processed/baseline/full_mammogram/P_00007_LEFT_CC_1_baseline.png,/app/data/processed/baseline/full_mammogram/P_00007_LEFT_CC_1_baseline.png,5356,2986,5356,2986,0.0,0.0,0.0,0.0,255.0,64.4789,80.2198,0.0,0.0,255.0,0.0,255.0,64.4789,80.2198,0.0,0.0,255.0,4.4549,53.8072,1.0089,6.9119,16.8512,3.7025,0.0,0.0,0.0,SUCCESS,Stage-6 baseline image preserved as unchanged control condition
P_00007,1,calcification,LEFT,CC,BENIGN,0,train,baseline,unsharp_mask,/app/data/processed/baseline/full_mammogram/P_00007_LEFT_CC_1_baseline.png,data/processed/sharpening/baseline/unsharp/P_00007_LEFT_CC_1_baseline_unsharp.png,5356,2986,5356,2986,1.0,1.0,0.0,0.0,255.0,64.4789,80.2198,0.0,0.0,255.0,0.0,255.0,64.4878,80.2395,0.0,0.0,255.0,4.4819,53.882,1.0291,9.5305,20.0589,10.6631,0.4363,58.0,0.8853,SUCCESS,"Unsharp masking applied (sigma=1.0, amount=1.0, threshold=0.0)"
P_00007,1,calcification,LEFT,CC,BENIGN,0,train,histogram_equalization,none,/app/data/processed/contrast/histogram_equalization/P_00007_LEFT_CC_1_histeq.png,/app/data/processed/contrast/histogram_equalization/P_00007_LEFT_CC_1_histeq.png,5356,2986,5356,2986,0.0,0.0,0.0,0.0,255.0,60.0474,81.6431,0.0,0.0,255.0,0.0,255.0,60.0474,81.6431,0.0,0.0,255.0,4.3805,53.6256,1.0016,9.9674,23.6007,12.6361,0.0,0.0,0.0,SUCCESS,Stage-6 histogram_equalization image preserved as unchanged control condition
P_00007,1,calcification,LEFT,CC,BENIGN,0,train,histogram_equalization,unsharp_mask,/app/data/processed/contrast/histogram_equalization/P_00007_LEFT_CC_1_histeq.png,data/processed/sharpening/histogram_equalization/unsharp/P_00007_LEFT_CC_1_histeq_unsharp.png,5356,2986,5356,2986,1.0,1.0,0.0,0.0,255.0,60.0474,81.6431,0.0,0.0,255.0,0.0,255.0,60.0477,81.6961,0.0,0.0,255.0,4.7009,53.5323,1.0929,13.8916,29.37,20.0806,0.6421,72.0,1.302,SUCCESS,"Unsharp masking applied (sigma=1.0, amount=1.0, threshold=0.0)"
P_00007,1,calcification,LEFT,CC,BENIGN,0,train,clahe,none,/app/data/processed/contrast/clahe/P_00007_LEFT_CC_1_clahe.png,/app/data/processed/contrast/clahe/P_00007_LEFT_CC_1_clahe.png,5356,2986,5356,2986,0.0,0.0,0.0,2.0,255.0,67.2241,79.0606,3.0,2.0,255.0,2.0,255.0,67.2241,79.0606,3.0,2.0,255.0,4.7647,3.5104,1.0062,11.7767,19.4399,18.0915,0.0,0.0,0.0,SUCCESS,Stage-6 clahe image preserved as unchanged control condition
P_00007,1,calcification,LEFT,CC,BENIGN,0,train,clahe,unsharp_mask,/app/data/processed/contrast/clahe/P_00007_LEFT_CC_1_clahe.png,data/processed/sharpening/clahe/unsharp/P_00007_LEFT_CC_1_clahe_unsharp.png,5356,2986,5356,2986,1.0,1.0,0.0,2.0,255.0,67.2241,79.0606,3.0,2.0,255.0,0.0,255.0,67.2304,79.1331,3.0,2.0,255.0,4.8014,3.9267,1.0249,16.7335,25.9398,28.1378,0.8129,60.0,1.4103,SUCCESS,"Unsharp masking applied (sigma=1.0, amount=1.0, threshold=0.0)"
P_00008,1,calcification,RIGHT,MLO,BENIGN_WITHOUT_CALLBACK,0,train,baseline,none,/app/data/processed/baseline/full_mammogram/P_00008_RIGHT_MLO_1_baseline.png,/app/data/processed/baseline/full_mammogram/P_00008_RIGHT_MLO_1_baseline.png,4576,3048,4576,3048,0.0,0.0,0.0,0.0,255.0,70.2222,64.9002,78.0,0.0,255.0,0.0,255.0,70.2222,64.9002,78.0,0.0,255.0,5.9816,31.5942,1.0655,13.0069,19.8038,14.346,0.0,0.0,0.0,SUCCESS,Stage-6 baseline image preserved as unchanged control condition
P_00008,1,calcification,RIGHT,MLO,BENIGN_WITHOUT_CALLBACK,0,train,baseline,unsharp_mask,/app/data/processed/baseline/full_mammogram/P_00008_RIGHT_MLO_1_baseline.png,data/processed/sharpening/baseline/unsharp/P_00008_RIGHT_MLO_1_baseline_unsharp.png,4576,3048,4576,3048,1.0,1.0,0.0,0.0,255.0,70.2222,64.9002,78.0,0.0,255.0,0.0,255.0,70.2277,64.997,78.0,0.0,255.0,6.0732,31.7945,1.0972,19.4782,25.6201,32.2225,1.0604,93.0,1.4276,SUCCESS,"Unsharp masking applied (sigma=1.0, amount=1.0, threshold=0.0)"
P_00008,1,calcification,RIGHT,MLO,BENIGN_WITHOUT_CALLBACK,0,train,histogram_equalization,none,/app/data/processed/contrast/histogram_equalization/P_00008_RIGHT_MLO_1_histeq.png,/app/data/processed/contrast/histogram_equalization/P_00008_RIGHT_MLO_1_histeq.png,4576,3048,4576,3048,0.0,0.0,0.0,0.0,255.0,90.8461,85.1703,75.0,0.0,255.0,0.0,255.0,90.8461,85.1703,75.0,0.0,255.0,5.814,29.3502,1.0046,23.7276,34.1408,33.4018,0.0,0.0,0.0,SUCCESS,Stage-6 histogram_equalization image preserved as unchanged control condition
P_00008,1,calcification,RIGHT,MLO,BENIGN_WITHOUT_CALLBACK,0,train,histogram_equalization,unsharp_mask,/app/data/processed/contrast/histogram_equalization/P_00008_RIGHT_MLO_1_histeq.png,data/processed/sharpening/histogram_equalization/unsharp/P_00008_RIGHT_MLO_1_histeq_unsharp.png,4576,3048,4576,3048,1.0,1.0,0.0,0.0,255.0,90.8461,85.1703,75.0,0.0,255.0,0.0,255.0,90.8789,85.4637,74.0,0.0,255.0,6.485,29.5818,1.07,36.1142,49.0052,43.3409,2.031,90.0,3.0271,SUCCESS,"Unsharp masking applied (sigma=1.0, amount=1.0, threshold=0.0)"
P_00008,1,calcification,RIGHT,MLO,BENIGN_WITHOUT_CALLBACK,0,train,clahe,none,/app/data/processed/contrast/clahe/P_00008_RIGHT_MLO_1_clahe.png,/app/data/processed/contrast/clahe/P_00008_RIGHT_MLO_1_clahe.png,4576,3048,4576,3048,0.0,0.0,0.0,2.0,255.0,78.6843,65.4244,91.0,2.0,255.0,2.0,255.0,78.6843,65.4244,91.0,2.0,255.0,6.284,3.6633,1.0279,26.0709,27.9246,42.7381,0.0,0.0,0.0,SUCCESS,Stage-6 clahe image preserved as unchanged control condition
P_00008,1,calcification,RIGHT,MLO,BENIGN_WITHOUT_CALLBACK,0,train,clahe,unsharp_mask,/app/data/processed/contrast/clahe/P_00008_RIGHT_MLO_1_clahe.png,data/processed/sharpening/clahe/unsharp/P_00008_RIGHT_MLO_1_clahe_unsharp.png,4576,3048,4576,3048,1.0,1.0,0.0,2.0,255.0,78.6843,65.4244,91.0,2.0,255.0,0.0,255.0,78.6857,65.8088,89.0,2.0,255.0,6.3814,4.792,1.0593,39.9782,41.4153,54.7913,2.259,105.0,2.7677,SUCCESS,"Unsharp masking applied (sigma=1.0, amount=1.0, threshold=0.0)"
P_00012,1,calcification,LEFT,MLO,MALIGNANT,1,train,baseline,none,/app/data/processed/baseline/full_mammogram/P_00012_LEFT_MLO_1_baseline.png,/app/data/processed/baseline/full_mammogram/P_00012_LEFT_MLO_1_baseline.png,5904,3704,5904,3704,0.0,0.0,0.0,0.0,255.0,76.3274,86.0199,17.0,0.0,255.0,0.0,255.0,76.3274,86.0199,17.0,0.0,255.0,4.9138,47.5302,1.0979,11.0366,14.3017,16.0063,0.0,0.0,0.0,SUCCESS,Stage-6 baseline image preserved as unchanged control condition
P_00012,1,calcification,LEFT,MLO,MALIGNANT,1,train,baseline,unsharp_mask,/app/data/processed/baseline/full_mammogram/P_00012_LEFT_MLO_1_baseline.png,data/processed/sharpening/baseline/unsharp/P_00012_LEFT_MLO_1_baseline_unsharp.png,5904,3704,5904,3704,1.0,1.0,0.0,0.0,255.0,76.3274,86.0199,17.0,0.0,255.0,0.0,255.0,76.3338,86.0754,17.0,0.0,255.0,5.1112,47.7095,1.1604,16.8857,21.3576,30.6369,0.918,110.0,1.3859,SUCCESS,"Unsharp masking applied (sigma=1.0, amount=1.0, threshold=0.0)"
P_00012,1,calcification,LEFT,MLO,MALIGNANT,1,train,histogram_equalization,none,/app/data/processed/contrast/histogram_equalization/P_00012_LEFT_MLO_1_histeq.png,/app/data/processed/contrast/histogram_equalization/P_00012_LEFT_MLO_1_histeq.png,5904,3704,5904,3704,0.0,0.0,0.0,0.0,255.0,67.9586,83.5817,15.0,0.0,255.0,0.0,255.0,67.9586,83.5817,15.0,0.0,255.0,4.8411,47.5302,1.0345,13.682,18.9516,22.4038,0.0,0.0,0.0,SUCCESS,Stage-6 histogram_equalization image preserved as unchanged control condition
P_00012,1,calcification,LEFT,MLO,MALIGNANT,1,train,histogram_equalization,unsharp_mask,/app/data/processed/contrast/histogram_equalization/P_00012_LEFT_MLO_1_histeq.png,data/processed/sharpening/histogram_equalization/unsharp/P_00012_LEFT_MLO_1_histeq_unsharp.png,5904,3704,5904,3704,1.0,1.0,0.0,0.0,255.0,67.9586,83.5817,15.0,0.0,255.0,0.0,255.0,67.965,83.685,15.0,0.0,255.0,5.1992,47.4036,1.0351,20.9976,28.9319,31.8905,1.1412,110.0,1.8615,SUCCESS,"Unsharp masking applied (sigma=1.0, amount=1.0, threshold=0.0)"
P_00012,1,calcification,LEFT,MLO,MALIGNANT,1,train,clahe,none,/app/data/processed/contrast/clahe/P_00012_LEFT_MLO_1_clahe.png,/app/data/processed/contrast/clahe/P_00012_LEFT_MLO_1_clahe.png,5904,3704,5904,3704,0.0,0.0,0.0,0.0,255.0,72.8984,79.3212,28.0,2.0,255.0,0.0,255.0,72.8984,79.3212,28.0,2.0,255.0,5.3241,4.0257,1.0721,17.7103,22.964,30.3829,0.0,0.0,0.0,SUCCESS,Stage-6 clahe image preserved as unchanged control condition
P_00012,1,calcification,LEFT,MLO,MALIGNANT,1,train,clahe,unsharp_mask,/app/data/processed/contrast/clahe/P_00012_LEFT_MLO_1_clahe.png,data/processed/sharpening/clahe/unsharp/P_00012_LEFT_MLO_1_clahe_unsharp.png,5904,3704,5904,3704,1.0,1.0,0.0,0.0,255.0,72.8984,79.3212,28.0,2.0,255.0,0.0,255.0,72.899,79.502,28.0,2.0,255.0,5.3507,4.3186,1.1465,27.2785,35.2161,40.5215,1.501,111.0,2.2869,SUCCESS,"Unsharp masking applied (sigma=1.0, amount=1.0, threshold=0.0)"
P_00127,1,calcification,RIGHT,CC,MALIGNANT,1,test,baseline,none,/app/data/processed/baseline/full_mammogram/P_00127_RIGHT_CC_1_baseline.png,/app/data/processed/baseline/full_mammogram/P_00127_RIGHT_CC_1_baseline.png,6706,3796,6706,3796,0.0,0.0,0.0,0.0,255.0,44.8266,60.0872,0.0,0.0,255.0,0.0,255.0,44.8266,60.0872,0.0,0.0,255.0,4.2231,54.233,2.4525,5.9176,11.3546,2.8622,0.0,0.0,0.0,SUCCESS,Stage-6 baseline image preserved as unchanged control condition
P_00127,1,calcification,RIGHT,CC,MALIGNANT,1,test,baseline,unsharp_mask,/app/data/processed/baseline/full_mammogram/P_00127_RIGHT_CC_1_baseline.png,data/processed/sharpening/baseline/unsharp/P_00127_RIGHT_CC_1_baseline_unsharp.png,6706,3796,6706,3796,1.0,1.0,0.0,0.0,255.0,44.8266,60.0872,0.0,0.0,255.0,0.0,255.0,44.8363,60.1021,0.0,0.0,255.0,4.2062,54.315,2.4664,8.2553,14.329,8.9376,0.3834,35.0,0.7572,SUCCESS,"Unsharp masking applied (sigma=1.0, amount=1.0, threshold=0.0)"
P_00127,1,calcification,RIGHT,CC,MALIGNANT,1,test,histogram_equalization,none,/app/data/processed/contrast/histogram_equalization/P_00127_RIGHT_CC_1_histeq.png,/app/data/processed/contrast/histogram_equalization/P_00127_RIGHT_CC_1_histeq.png,6706,3796,6706,3796,0.0,0.0,0.0,0.0,255.0,59.7759,81.7693,0.0,0.0,255.0,0.0,255.0,59.7759,81.7693,0.0,0.0,255.0,4.1213,54.0642,2.4327,13.6779,25.0024,18.6448,0.0,0.0,0.0,SUCCESS,Stage-6 histogram_equalization image preserved as unchanged control condition
P_00127,1,calcification,RIGHT,CC,MALIGNANT,1,test,histogram_equalization,unsharp_mask,/app/data/processed/contrast/histogram_equalization/P_00127_RIGHT_CC_1_histeq.png,data/processed/sharpening/histogram_equalization/unsharp/P_00127_RIGHT_CC_1_histeq_unsharp.png,6706,3796,6706,3796,1.0,1.0,0.0,0.0,255.0,59.7759,81.7693,0.0,0.0,255.0,0.0,255.0,59.7848,81.8854,0.0,0.0,255.0,4.5965,54.0146,2.4328,19.1498,34.5155,24.2174,0.9001,60.0,1.832,SUCCESS,"Unsharp masking applied (sigma=1.0, amount=1.0, threshold=0.0)"
P_00127,1,calcification,RIGHT,CC,MALIGNANT,1,test,clahe,none,/app/data/processed/contrast/clahe/P_00127_RIGHT_CC_1_clahe.png,/app/data/processed/contrast/clahe/P_00127_RIGHT_CC_1_clahe.png,6706,3796,6706,3796,0.0,0.0,0.0,2.0,255.0,54.6942,66.9221,3.0,2.0,255.0,2.0,255.0,54.6942,66.9221,3.0,2.0,255.0,4.5226,1.9845,2.4372,11.804,17.7875,20.0146,0.0,0.0,0.0,SUCCESS,Stage-6 clahe image preserved as unchanged control condition
P_00127,1,calcification,RIGHT,CC,MALIGNANT,1,test,clahe,unsharp_mask,/app/data/processed/contrast/clahe/P_00127_RIGHT_CC_1_clahe.png,data/processed/sharpening/clahe/unsharp/P_00127_RIGHT_CC_1_clahe_unsharp.png,6706,3796,6706,3796,1.0,1.0,0.0,2.0,255.0,54.6942,66.9221,3.0,2.0,255.0,0.0,255.0,54.7,67.008,3.0,2.0,255.0,4.5572,2.4713,2.4534,16.7288,24.7438,28.8745,0.8237,46.0,1.4337,SUCCESS,"Unsharp masking applied (sigma=1.0, amount=1.0, threshold=0.0)"
P_00041,1,mass,LEFT,CC,BENIGN_WITHOUT_CALLBACK,0,train,baseline,none,/app/data/processed/baseline/full_mammogram/P_00041_LEFT_CC_1_baseline.png,/app/data/processed/baseline/full_mammogram/P_00041_LEFT_CC_1_baseline.png,5664,3070,5664,3070,0.0,0.0,0.0,0.0,255.0,92.7578,86.5854,115.0,0.0,255.0,0.0,255.0,92.7578,86.5854,115.0,0.0,255.0,4.8102,40.8524,1.1459,16.7636,19.9373,30.0061,0.0,0.0,0.0,SUCCESS,Stage-6 baseline image preserved as unchanged control condition
P_00041,1,mass,LEFT,CC,BENIGN_WITHOUT_CALLBACK,0,train,baseline,unsharp_mask,/app/data/processed/baseline/full_mammogram/P_00041_LEFT_CC_1_baseline.png,data/processed/sharpening/baseline/unsharp/P_00041_LEFT_CC_1_baseline_unsharp.png,5664,3070,5664,3070,1.0,1.0,0.0,0.0,255.0,92.7578,86.5854,115.0,0.0,255.0,0.0,255.0,92.7559,86.7133,114.0,0.0,255.0,5.3224,40.8115,1.2158,26.3112,30.0955,44.2094,1.5155,103.0,2.0584,SUCCESS,"Unsharp masking applied (sigma=1.0, amount=1.0, threshold=0.0)"
P_00041,1,mass,LEFT,CC,BENIGN_WITHOUT_CALLBACK,0,train,histogram_equalization,none,/app/data/processed/contrast/histogram_equalization/P_00041_LEFT_CC_1_histeq.png,/app/data/processed/contrast/histogram_equalization/P_00041_LEFT_CC_1_histeq.png,5664,3070,5664,3070,0.0,0.0,0.0,0.0,255.0,77.118,85.4962,41.0,0.0,255.0,0.0,255.0,77.118,85.4962,41.0,0.0,255.0,4.7161,40.8524,1.0548,39.0518,56.2541,38.8206,0.0,0.0,0.0,SUCCESS,Stage-6 histogram_equalization image preserved as unchanged control condition
P_00041,1,mass,LEFT,CC,BENIGN_WITHOUT_CALLBACK,0,train,histogram_equalization,unsharp_mask,/app/data/processed/contrast/histogram_equalization/P_00041_LEFT_CC_1_histeq.png,data/processed/sharpening/histogram_equalization/unsharp/P_00041_LEFT_CC_1_histeq_unsharp.png,5664,3070,5664,3070,1.0,1.0,0.0,0.0,255.0,77.118,85.4962,41.0,0.0,255.0,0.0,255.0,77.1129,86.5787,40.0,0.0,255.0,5.6999,40.8456,1.0819,61.843,88.7302,43.3128,3.6213,102.0,6.0323,SUCCESS,"Unsharp masking applied (sigma=1.0, amount=1.0, threshold=0.0)"
P_00041,1,mass,LEFT,CC,BENIGN_WITHOUT_CALLBACK,0,train,clahe,none,/app/data/processed/contrast/clahe/P_00041_LEFT_CC_1_clahe.png,/app/data/processed/contrast/clahe/P_00041_LEFT_CC_1_clahe.png,5664,3070,5664,3070,0.0,0.0,0.0,2.0,255.0,92.4008,82.7218,118.0,2.0,255.0,2.0,255.0,92.4008,82.7218,118.0,2.0,255.0,5.3618,2.1055,1.0704,27.1434,31.634,43.3745,0.0,0.0,0.0,SUCCESS,Stage-6 clahe image preserved as unchanged control condition
P_00041,1,mass,LEFT,CC,BENIGN_WITHOUT_CALLBACK,0,train,clahe,unsharp_mask,/app/data/processed/contrast/clahe/P_00041_LEFT_CC_1_clahe.png,data/processed/sharpening/clahe/unsharp/P_00041_LEFT_CC_1_clahe_unsharp.png,5664,3070,5664,3070,1.0,1.0,0.0,2.0,255.0,92.4008,82.7218,118.0,2.0,255.0,0.0,255.0,92.3907,83.114,116.0,2.0,255.0,5.4624,2.3712,1.1822,42.8143,49.3621,51.4239,2.4867,102.0,3.4183,SUCCESS,"Unsharp masking applied (sigma=1.0, amount=1.0, threshold=0.0)"
P_00100,1,calcification,RIGHT,CC,BENIGN,0,test,baseline,none,/app/data/processed/baseline/full_mammogram/P_00100_RIGHT_CC_1_baseline.png,/app/data/processed/baseline/full_mammogram/P_00100_RIGHT_CC_1_baseline.png,4831,2731,4831,2731,0.0,0.0,0.0,0.0,255.0,56.6534,77.1744,0.0,0.0,255.0,0.0,255.0,56.6534,77.1744,0.0,0.0,255.0,4.3595,56.3359,2.2072,5.8911,13.1012,3.1157,0.0,0.0,0.0,SUCCESS,Stage-6 baseline image preserved as unchanged control condition
P_00100,1,calcification,RIGHT,CC,BENIGN,0,test,baseline,unsharp_mask,/app/data/processed/baseline/full_mammogram/P_00100_RIGHT_CC_1_baseline.png,data/processed/sharpening/baseline/unsharp/P_00100_RIGHT_CC_1_baseline_unsharp.png,4831,2731,4831,2731,1.0,1.0,0.0,0.0,255.0,56.6534,77.1744,0.0,0.0,255.0,0.0,255.0,56.6615,77.1877,0.0,0.0,255.0,4.3416,56.42,2.2217,8.2611,16.2925,9.2583,0.3883,58.0,0.8088,SUCCESS,"Unsharp masking applied (sigma=1.0, amount=1.0, threshold=0.0)"
P_00100,1,calcification,RIGHT,CC,BENIGN,0,test,histogram_equalization,none,/app/data/processed/contrast/histogram_equalization/P_00100_RIGHT_CC_1_histeq.png,/app/data/processed/contrast/histogram_equalization/P_00100_RIGHT_CC_1_histeq.png,4831,2731,4831,2731,0.0,0.0,0.0,0.0,255.0,56.688,80.5794,0.0,0.0,255.0,0.0,255.0,56.688,80.5794,0.0,0.0,255.0,4.2767,56.1773,2.1793,7.1005,15.2719,6.8053,0.0,0.0,0.0,SUCCESS,Stage-6 histogram_equalization image preserved as unchanged control condition
P_00100,1,calcification,RIGHT,CC,BENIGN,0,test,histogram_equalization,unsharp_mask,/app/data/processed/contrast/histogram_equalization/P_00100_RIGHT_CC_1_histeq.png,data/processed/sharpening/histogram_equalization/unsharp/P_00100_RIGHT_CC_1_histeq_unsharp.png,4831,2731,4831,2731,1.0,1.0,0.0,0.0,255.0,56.688,80.5794,0.0,0.0,255.0,0.0,255.0,56.6948,80.6033,0.0,0.0,255.0,4.4302,56.1528,2.1895,9.9782,19.5057,13.9474,0.4717,67.0,0.961,SUCCESS,"Unsharp masking applied (sigma=1.0, amount=1.0, threshold=0.0)"
P_00100,1,calcification,RIGHT,CC,BENIGN,0,test,clahe,none,/app/data/processed/contrast/clahe/P_00100_RIGHT_CC_1_clahe.png,/app/data/processed/contrast/clahe/P_00100_RIGHT_CC_1_clahe.png,4831,2731,4831,2731,0.0,0.0,0.0,2.0,255.0,60.1075,76.4632,3.0,2.0,255.0,2.0,255.0,60.1075,76.4632,3.0,2.0,255.0,4.5112,2.1858,2.1879,10.2208,17.1708,15.5925,0.0,0.0,0.0,SUCCESS,Stage-6 clahe image preserved as unchanged control condition
P_00100,1,calcification,RIGHT,CC,BENIGN,0,test,clahe,unsharp_mask,/app/data/processed/contrast/clahe/P_00100_RIGHT_CC_1_clahe.png,data/processed/sharpening/clahe/unsharp/P_00100_RIGHT_CC_1_clahe_unsharp.png,4831,2731,4831,2731,1.0,1.0,0.0,2.0,255.0,60.1075,76.4632,3.0,2.0,255.0,0.0,255.0,60.1135,76.527,3.0,2.0,255.0,4.5392,2.6159,2.2012,14.6879,23.7672,24.8217,0.7366,59.0,1.3628,SUCCESS,"Unsharp masking applied (sigma=1.0, amount=1.0, threshold=0.0)"
P_00158,1,mass,RIGHT,MLO,BENIGN_WITHOUT_CALLBACK,0,test,baseline,none,/app/data/processed/baseline/full_mammogram/P_00158_RIGHT_MLO_1_baseline.png,/app/data/processed/baseline/full_mammogram/P_00158_RIGHT_MLO_1_baseline.png,4656,2888,4656,2888,0.0,0.0,0.0,0.0,255.0,59.0103,80.0638,0.0,0.0,255.0,0.0,255.0,59.0103,80.0638,0.0,0.0,255.0,4.5276,54.5229,1.155,7.6422,12.2235,7.0225,0.0,0.0,0.0,SUCCESS,Stage-6 baseline image preserved as unchanged control condition
P_00158,1,mass,RIGHT,MLO,BENIGN_WITHOUT_CALLBACK,0,test,baseline,unsharp_mask,/app/data/processed/baseline/full_mammogram/P_00158_RIGHT_MLO_1_baseline.png,data/processed/sharpening/baseline/unsharp/P_00158_RIGHT_MLO_1_baseline_unsharp.png,4656,2888,4656,2888,1.0,1.0,0.0,0.0,255.0,59.0103,80.0638,0.0,0.0,255.0,0.0,255.0,59.0215,80.0903,0.0,0.0,255.0,4.6138,54.4475,1.1519,11.518,17.1138,18.8646,0.6391,97.0,1.0847,SUCCESS,"Unsharp masking applied (sigma=1.0, amount=1.0, threshold=0.0)"
P_00158,1,mass,RIGHT,MLO,BENIGN_WITHOUT_CALLBACK,0,test,histogram_equalization,none,/app/data/processed/contrast/histogram_equalization/P_00158_RIGHT_MLO_1_histeq.png,/app/data/processed/contrast/histogram_equalization/P_00158_RIGHT_MLO_1_histeq.png,4656,2888,4656,2888,0.0,0.0,0.0,0.0,255.0,60.8193,81.6965,0.0,0.0,255.0,0.0,255.0,60.8193,81.6965,0.0,0.0,255.0,4.4325,52.6305,1.0124,10.4682,17.5074,14.6339,0.0,0.0,0.0,SUCCESS,Stage-6 histogram_equalization image preserved as unchanged control condition
P_00158,1,mass,RIGHT,MLO,BENIGN_WITHOUT_CALLBACK,0,test,histogram_equalization,unsharp_mask,/app/data/processed/contrast/histogram_equalization/P_00158_RIGHT_MLO_1_histeq.png,data/processed/sharpening/histogram_equalization/unsharp/P_00158_RIGHT_MLO_1_histeq_unsharp.png,4656,2888,4656,2888,1.0,1.0,0.0,0.0,255.0,60.8193,81.6965,0.0,0.0,255.0,0.0,255.0,60.8637,81.7462,0.0,0.0,255.0,4.7462,52.805,1.0181,15.7695,25.5203,23.5141,0.8771,80.0,1.6531,SUCCESS,"Unsharp masking applied (sigma=1.0, amount=1.0, threshold=0.0)"
P_00158,1,mass,RIGHT,MLO,BENIGN_WITHOUT_CALLBACK,0,test,clahe,none,/app/data/processed/contrast/clahe/P_00158_RIGHT_MLO_1_clahe.png,/app/data/processed/contrast/clahe/P_00158_RIGHT_MLO_1_clahe.png,4656,2888,4656,2888,0.0,0.0,0.0,2.0,255.0,60.4298,75.2402,3.0,2.0,255.0,2.0,255.0,60.4298,75.2402,3.0,2.0,255.0,4.796,1.9757,1.0386,13.2927,19.2697,21.9212,0.0,0.0,0.0,SUCCESS,Stage-6 clahe image preserved as unchanged control condition
P_00158,1,mass,RIGHT,MLO,BENIGN_WITHOUT_CALLBACK,0,test,clahe,unsharp_mask,/app/data/processed/contrast/clahe/P_00158_RIGHT_MLO_1_clahe.png,data/processed/sharpening/clahe/unsharp/P_00158_RIGHT_MLO_1_clahe_unsharp.png,4656,2888,4656,2888,1.0,1.0,0.0,2.0,255.0,60.4298,75.2402,3.0,2.0,255.0,0.0,255.0,60.4352,75.3648,3.0,2.0,255.0,4.8601,3.0188,1.0686,20.3586,28.8669,32.8597,1.1665,95.0,1.9217,SUCCESS,"Unsharp masking applied (sigma=1.0, amount=1.0, threshold=0.0)"
P_00299,1,calcification,LEFT,MLO,MALIGNANT,1,test,baseline,none,/app/data/processed/baseline/full_mammogram/P_00299_LEFT_MLO_1_baseline.png,/app/data/processed/baseline/full_mammogram/P_00299_LEFT_MLO_1_baseline.png,6301,3736,6301,3736,0.0,0.0,0.0,0.0,255.0,75.3626,83.1432,35.0,0.0,255.0,0.0,255.0,75.3626,83.1432,35.0,0.0,255.0,4.9427,45.1939,1.2141,10.3518,13.4282,12.1141,0.0,0.0,0.0,SUCCESS,Stage-6 baseline image preserved as unchanged control condition
P_00299,1,calcification,LEFT,MLO,MALIGNANT,1,test,baseline,unsharp_mask,/app/data/processed/baseline/full_mammogram/P_00299_LEFT_MLO_1_baseline.png,data/processed/sharpening/baseline/unsharp/P_00299_LEFT_MLO_1_baseline_unsharp.png,6301,3736,6301,3736,1.0,1.0,0.0,0.0,255.0,75.3626,83.1432,35.0,0.0,255.0,0.0,255.0,75.3897,83.1712,36.0,0.0,255.0,5.2639,45.2365,1.264,15.3388,19.5686,25.8941,0.8055,76.0,1.268,SUCCESS,"Unsharp masking applied (sigma=1.0, amount=1.0, threshold=0.0)"
P_00299,1,calcification,LEFT,MLO,MALIGNANT,1,test,histogram_equalization,none,/app/data/processed/contrast/histogram_equalization/P_00299_LEFT_MLO_1_histeq.png,/app/data/processed/contrast/histogram_equalization/P_00299_LEFT_MLO_1_histeq.png,6301,3736,6301,3736,0.0,0.0,0.0,0.0,255.0,71.2176,84.1722,25.0,0.0,255.0,0.0,255.0,71.2176,84.1722,25.0,0.0,255.0,4.9197,44.6333,1.0841,14.5749,23.3935,17.8994,0.0,0.0,0.0,SUCCESS,Stage-6 histogram_equalization image preserved as unchanged control condition
P_00299,1,calcification,LEFT,MLO,MALIGNANT,1,test,histogram_equalization,unsharp_mask,/app/data/processed/contrast/histogram_equalization/P_00299_LEFT_MLO_1_histeq.png,data/processed/sharpening/histogram_equalization/unsharp/P_00299_LEFT_MLO_1_histeq_unsharp.png,6301,3736,6301,3736,1.0,1.0,0.0,0.0,255.0,71.2176,84.1722,25.0,0.0,255.0,0.0,255.0,71.2388,84.2873,26.0,0.0,255.0,5.3764,44.9362,1.0847,21.5571,34.5981,27.5488,1.1176,85.0,2.0795,SUCCESS,"Unsharp masking applied (sigma=1.0, amount=1.0, threshold=0.0)"
P_00299,1,calcification,LEFT,MLO,MALIGNANT,1,test,clahe,none,/app/data/processed/contrast/clahe/P_00299_LEFT_MLO_1_clahe.png,/app/data/processed/contrast/clahe/P_00299_LEFT_MLO_1_clahe.png,6301,3736,6301,3736,0.0,0.0,0.0,1.0,255.0,75.2682,77.4977,55.0,2.0,255.0,1.0,255.0,75.2682,77.4977,55.0,2.0,255.0,5.3761,2.3059,1.1491,16.724,20.9611,28.8731,0.0,0.0,0.0,SUCCESS,Stage-6 clahe image preserved as unchanged control condition
P_00299,1,calcification,LEFT,MLO,MALIGNANT,1,test,clahe,unsharp_mask,/app/data/processed/contrast/clahe/P_00299_LEFT_MLO_1_clahe.png,data/processed/sharpening/clahe/unsharp/P_00299_LEFT_MLO_1_clahe_unsharp.png,6301,3736,6301,3736,1.0,1.0,0.0,1.0,255.0,75.2682,77.4977,55.0,2.0,255.0,0.0,255.0,75.2869,77.63,56.0,1.0,255.0,5.4254,2.9324,1.2149,24.9215,31.2773,39.9699,1.3307,78.0,2.0087,SUCCESS,"Unsharp masking applied (sigma=1.0, amount=1.0, threshold=0.0)"
P_00018,1,mass,RIGHT,CC,BENIGN,0,train,baseline,none,/app/data/processed/baseline/full_mammogram/P_00018_RIGHT_CC_1_baseline.png,/app/data/processed/baseline/full_mammogram/P_00018_RIGHT_CC_1_baseline.png,4720,2584,4720,2584,0.0,0.0,0.0,0.0,255.0,50.1792,77.2232,0.0,0.0,255.0,0.0,255.0,50.1792,77.2232,0.0,0.0,255.0,3.6209,63.6476,1.111,7.6335,17.1488,9.2788,0.0,0.0,0.0,SUCCESS,Stage-6 baseline image preserved as unchanged control condition
P_00018,1,mass,RIGHT,CC,BENIGN,0,train,baseline,unsharp_mask,/app/data/processed/baseline/full_mammogram/P_00018_RIGHT_CC_1_baseline.png,data/processed/sharpening/baseline/unsharp/P_00018_RIGHT_CC_1_baseline_unsharp.png,4720,2584,4720,2584,1.0,1.0,0.0,0.0,255.0,50.1792,77.2232,0.0,0.0,255.0,0.0,255.0,50.1829,77.2772,0.0,0.0,255.0,3.7569,63.811,1.1536,11.3921,22.2887,19.6063,0.6343,98.0,1.2629,SUCCESS,"Unsharp masking applied (sigma=1.0, amount=1.0, threshold=0.0)"
P_00018,1,mass,RIGHT,CC,BENIGN,0,train,histogram_equalization,none,/app/data/processed/contrast/histogram_equalization/P_00018_RIGHT_CC_1_histeq.png,/app/data/processed/contrast/histogram_equalization/P_00018_RIGHT_CC_1_histeq.png,4720,2584,4720,2584,0.0,0.0,0.0,0.0,255.0,47.2447,76.4413,0.0,0.0,255.0,0.0,255.0,47.2447,76.4413,0.0,0.0,255.0,3.5687,63.2524,1.0514,10.8891,24.6787,14.2285,0.0,0.0,0.0,SUCCESS,Stage-6 histogram_equalization image preserved as unchanged control condition
P_00018,1,mass,RIGHT,CC,BENIGN,0,train,histogram_equalization,unsharp_mask,/app/data/processed/contrast/histogram_equalization/P_00018_RIGHT_CC_1_histeq.png,data/processed/sharpening/histogram_equalization/unsharp/P_00018_RIGHT_CC_1_histeq_unsharp.png,4720,2584,4720,2584,1.0,1.0,0.0,0.0,255.0,47.2447,76.4413,0.0,0.0,255.0,0.0,255.0,47.2498,76.5886,0.0,0.0,255.0,3.8497,63.4101,1.0545,16.5115,35.5496,20.3315,0.9399,93.0,2.2221,SUCCESS,"Unsharp masking applied (sigma=1.0, amount=1.0, threshold=0.0)"
P_00018,1,mass,RIGHT,CC,BENIGN,0,train,clahe,none,/app/data/processed/contrast/clahe/P_00018_RIGHT_CC_1_clahe.png,/app/data/processed/contrast/clahe/P_00018_RIGHT_CC_1_clahe.png,4720,2584,4720,2584,0.0,0.0,0.0,2.0,255.0,51.5782,73.964,3.0,2.0,255.0,2.0,255.0,51.5782,73.964,3.0,2.0,255.0,3.9469,2.6266,1.067,11.6418,21.7439,19.1982,0.0,0.0,0.0,SUCCESS,Stage-6 clahe image preserved as unchanged control condition
P_00018,1,mass,RIGHT,CC,BENIGN,0,train,clahe,unsharp_mask,/app/data/processed/contrast/clahe/P_00018_RIGHT_CC_1_clahe.png,data/processed/sharpening/clahe/unsharp/P_00018_RIGHT_CC_1_clahe_unsharp.png,4720,2584,4720,2584,1.0,1.0,0.0,2.0,255.0,51.5782,73.964,3.0,2.0,255.0,0.0,255.0,51.5786,74.101,3.0,2.0,255.0,3.9698,2.8789,1.1075,17.8026,31.5236,26.8482,1.0217,98.0,2.0251,SUCCESS,"Unsharp masking applied (sigma=1.0, amount=1.0, threshold=0.0)"
P_00012,1,calcification,LEFT,CC,MALIGNANT,1,train,baseline,none,/app/data/processed/baseline/full_mammogram/P_00012_LEFT_CC_1_baseline.png,/app/data/processed/baseline/full_mammogram/P_00012_LEFT_CC_1_baseline.png,5944,3552,5944,3552,0.0,0.0,0.0,0.0,255.0,69.0699,82.2826,0.0,0.0,255.0,0.0,255.0,69.0699,82.2826,0.0,0.0,255.0,4.5688,50.7955,1.105,13.0669,21.8628,21.9217,0.0,0.0,0.0,SUCCESS,Stage-6 baseline image preserved as unchanged control condition
P_00012,1,calcification,LEFT,CC,MALIGNANT,1,train,baseline,unsharp_mask,/app/data/processed/baseline/full_mammogram/P_00012_LEFT_CC_1_baseline.png,data/processed/sharpening/baseline/unsharp/P_00012_LEFT_CC_1_baseline_unsharp.png,5944,3552,5944,3552,1.0,1.0,0.0,0.0,255.0,69.0699,82.2826,0.0,0.0,255.0,0.0,255.0,69.0842,82.3768,0.0,0.0,255.0,4.8511,50.7839,1.1715,19.7416,30.1356,33.5755,1.047,103.0,1.7361,SUCCESS,"Unsharp masking applied (sigma=1.0, amount=1.0, threshold=0.0)"
P_00012,1,calcification,LEFT,CC,MALIGNANT,1,train,histogram_equalization,none,/app/data/processed/contrast/histogram_equalization/P_00012_LEFT_CC_1_histeq.png,/app/data/processed/contrast/histogram_equalization/P_00012_LEFT_CC_1_histeq.png,5944,3552,5944,3552,0.0,0.0,0.0,0.0,255.0,63.8487,82.6192,0.0,0.0,255.0,0.0,255.0,63.8487,82.6192,0.0,0.0,255.0,4.5137,50.3022,1.0189,16.9435,27.9914,26.6381,0.0,0.0,0.0,SUCCESS,Stage-6 histogram_equalization image preserved as unchanged control condition
P_00012,1,calcification,LEFT,CC,MALIGNANT,1,train,histogram_equalization,unsharp_mask,/app/data/processed/contrast/histogram_equalization/P_00012_LEFT_CC_1_histeq.png,data/processed/sharpening/histogram_equalization/unsharp/P_00012_LEFT_CC_1_histeq_unsharp.png,5944,3552,5944,3552,1.0,1.0,0.0,0.0,255.0,63.8487,82.6192,0.0,0.0,255.0,0.0,255.0,63.8619,82.7931,0.0,0.0,255.0,4.9415,50.4997,1.029,25.6302,40.147,33.6518,1.3567,106.0,2.3577,SUCCESS,"Unsharp masking applied (sigma=1.0, amount=1.0, threshold=0.0)"
P_00012,1,calcification,LEFT,CC,MALIGNANT,1,train,clahe,none,/app/data/processed/contrast/clahe/P_00012_LEFT_CC_1_clahe.png,/app/data/processed/contrast/clahe/P_00012_LEFT_CC_1_clahe.png,5944,3552,5944,3552,0.0,0.0,0.0,2.0,255.0,67.8259,77.1462,3.0,2.0,255.0,2.0,255.0,67.8259,77.1462,3.0,2.0,255.0,4.952,1.7457,1.0523,20.1534,30.6915,32.1557,0.0,0.0,0.0,SUCCESS,Stage-6 clahe image preserved as unchanged control condition
P_00012,1,calcification,LEFT,CC,MALIGNANT,1,train,clahe,unsharp_mask,/app/data/processed/contrast/clahe/P_00012_LEFT_CC_1_clahe.png,data/processed/sharpening/clahe/unsharp/P_00012_LEFT_CC_1_clahe_unsharp.png,5944,3552,5944,3552,1.0,1.0,0.0,2.0,255.0,67.8259,77.1462,3.0,2.0,255.0,0.0,255.0,67.8315,77.4018,3.0,2.0,255.0,4.9895,2.1845,1.1547,30.6121,44.6282,40.1438,1.6396,100.0,2.6661,SUCCESS,"Unsharp masking applied (sigma=1.0, amount=1.0, threshold=0.0)"
P_00001,1,mass,LEFT,MLO,MALIGNANT,1,train,baseline,none,/app/data/processed/baseline/full_mammogram/P_00001_LEFT_MLO_1_baseline.png,/app/data/processed/baseline/full_mammogram/P_00001_LEFT_MLO_1_baseline.png,4800,2656,4800,2656,0.0,0.0,0.0,0.0,255.0,91.3271,91.6838,69.0,0.0,255.0,0.0,255.0,91.3271,91.6838,69.0,0.0,255.0,5.1799,42.2386,1.0748,12.1559,20.6876,16.1146,0.0,0.0,0.0,SUCCESS,Stage-6 baseline image preserved as unchanged control condition
P_00001,1,mass,LEFT,MLO,MALIGNANT,1,train,baseline,unsharp_mask,/app/data/processed/baseline/full_mammogram/P_00001_LEFT_MLO_1_baseline.png,data/processed/sharpening/baseline/unsharp/P_00001_LEFT_MLO_1_baseline_unsharp.png,4800,2656,4800,2656,1.0,1.0,0.0,0.0,255.0,91.3271,91.6838,69.0,0.0,255.0,0.0,255.0,91.3191,91.743,69.0,0.0,255.0,5.3915,42.4062,1.1472,18.2692,26.8582,32.6124,0.9837,101.0,1.4804,SUCCESS,"Unsharp masking applied (sigma=1.0, amount=1.0, threshold=0.0)"
P_00001,1,mass,LEFT,MLO,MALIGNANT,1,train,histogram_equalization,none,/app/data/processed/contrast/histogram_equalization/P_00001_LEFT_MLO_1_histeq.png,/app/data/processed/contrast/histogram_equalization/P_00001_LEFT_MLO_1_histeq.png,4800,2656,4800,2656,0.0,0.0,0.0,0.0,255.0,74.6728,84.8463,36.0,0.0,255.0,0.0,255.0,74.6728,84.8463,36.0,0.0,255.0,5.0704,42.4751,1.0261,19.4952,34.0148,26.8338,0.0,0.0,0.0,SUCCESS,Stage-6 histogram_equalization image preserved as unchanged control condition
P_00001,1,mass,LEFT,MLO,MALIGNANT,1,train,histogram_equalization,unsharp_mask,/app/data/processed/contrast/histogram_equalization/P_00001_LEFT_MLO_1_histeq.png,data/processed/sharpening/histogram_equalization/unsharp/P_00001_LEFT_MLO_1_histeq_unsharp.png,4800,2656,4800,2656,1.0,1.0,0.0,0.0,255.0,74.6728,84.8463,36.0,0.0,255.0,0.0,255.0,74.6552,85.0855,35.0,0.0,255.0,5.5888,42.5605,1.043,29.6046,48.0171,34.8667,1.5998,91.0,2.8312,SUCCESS,"Unsharp masking applied (sigma=1.0, amount=1.0, threshold=0.0)"
P_00001,1,mass,LEFT,MLO,MALIGNANT,1,train,clahe,none,/app/data/processed/contrast/clahe/P_00001_LEFT_MLO_1_clahe.png,/app/data/processed/contrast/clahe/P_00001_LEFT_MLO_1_clahe.png,4800,2656,4800,2656,0.0,0.0,0.0,2.0,255.0,88.0024,84.0888,84.0,2.0,255.0,2.0,255.0,88.0024,84.0888,84.0,2.0,255.0,5.5821,3.1166,1.0657,21.2851,27.8231,36.2979,0.0,0.0,0.0,SUCCESS,Stage-6 clahe image preserved as unchanged control condition
P_00001,1,mass,LEFT,MLO,MALIGNANT,1,train,clahe,unsharp_mask,/app/data/processed/contrast/clahe/P_00001_LEFT_MLO_1_clahe.png,data/processed/sharpening/clahe/unsharp/P_00001_LEFT_MLO_1_clahe_unsharp.png,4800,2656,4800,2656,1.0,1.0,0.0,2.0,255.0,88.0024,84.0888,84.0,2.0,255.0,0.0,255.0,87.9923,84.3054,83.0,2.0,255.0,5.61,3.3707,1.1283,32.4181,40.3362,46.3934,1.7733,96.0,2.5266,SUCCESS,"Unsharp masking applied (sigma=1.0, amount=1.0, threshold=0.0)"
P_00100,1,calcification,RIGHT,MLO,BENIGN,0,test,baseline,none,/app/data/processed/baseline/full_mammogram/P_00100_RIGHT_MLO_1_baseline.png,/app/data/processed/baseline/full_mammogram/P_00100_RIGHT_MLO_1_baseline.png,5491,2791,5491,2791,0.0,0.0,0.0,0.0,255.0,67.5452,80.5635,9.0,0.0,255.0,0.0,255.0,67.5452,80.5635,9.0,0.0,255.0,4.9149,49.1331,2.8618,6.8399,13.7761,3.4639,0.0,0.0,0.0,SUCCESS,Stage-6 baseline image preserved as unchanged control condition
P_00100,1,calcification,RIGHT,MLO,BENIGN,0,test,baseline,unsharp_mask,/app/data/processed/baseline/full_mammogram/P_00100_RIGHT_MLO_1_baseline.png,data/processed/sharpening/baseline/unsharp/P_00100_RIGHT_MLO_1_baseline_unsharp.png,5491,2791,5491,2791,1.0,1.0,0.0,0.0,255.0,67.5452,80.5635,9.0,0.0,255.0,0.0,255.0,67.5514,80.5777,9.0,0.0,255.0,4.8974,49.219,2.8819,9.6704,17.1213,11.2819,0.4595,59.0,0.8495,SUCCESS,"Unsharp masking applied (sigma=1.0, amount=1.0, threshold=0.0)"
P_00100,1,calcification,RIGHT,MLO,BENIGN,0,test,histogram_equalization,none,/app/data/processed/contrast/histogram_equalization/P_00100_RIGHT_MLO_1_histeq.png,/app/data/processed/contrast/histogram_equalization/P_00100_RIGHT_MLO_1_histeq.png,5491,2791,5491,2791,0.0,0.0,0.0,0.0,255.0,66.0004,83.4059,7.0,0.0,255.0,0.0,255.0,66.0004,83.4059,7.0,0.0,255.0,4.809,48.9657,2.8305,8.3465,16.7201,8.7469,0.0,0.0,0.0,SUCCESS,Stage-6 histogram_equalization image preserved as unchanged control condition
P_00100,1,calcification,RIGHT,MLO,BENIGN,0,test,histogram_equalization,unsharp_mask,/app/data/processed/contrast/histogram_equalization/P_00100_RIGHT_MLO_1_histeq.png,data/processed/sharpening/histogram_equalization/unsharp/P_00100_RIGHT_MLO_1_histeq_unsharp.png,5491,2791,5491,2791,1.0,1.0,0.0,0.0,255.0,66.0004,83.4059,7.0,0.0,255.0,0.0,255.0,66.0046,83.4359,7.0,0.0,255.0,4.9912,48.9426,2.8434,11.8398,21.5997,17.3691,0.5659,54.0,1.0675,SUCCESS,"Unsharp masking applied (sigma=1.0, amount=1.0, threshold=0.0)"
P_00100,1,calcification,RIGHT,MLO,BENIGN,0,test,clahe,none,/app/data/processed/contrast/clahe/P_00100_RIGHT_MLO_1_clahe.png,/app/data/processed/contrast/clahe/P_00100_RIGHT_MLO_1_clahe.png,5491,2791,5491,2791,0.0,0.0,0.0,1.0,255.0,70.0091,78.0124,18.0,2.0,255.0,1.0,255.0,70.0091,78.0124,18.0,2.0,255.0,4.9815,1.0724,2.8386,12.6947,19.0198,20.4582,0.0,0.0,0.0,SUCCESS,Stage-6 clahe image preserved as unchanged control condition
P_00100,1,calcification,RIGHT,MLO,BENIGN,0,test,clahe,unsharp_mask,/app/data/processed/contrast/clahe/P_00100_RIGHT_MLO_1_clahe.png,data/processed/sharpening/clahe/unsharp/P_00100_RIGHT_MLO_1_clahe_unsharp.png,5491,2791,5491,2791,1.0,1.0,0.0,1.0,255.0,70.0091,78.0124,18.0,2.0,255.0,0.0,255.0,70.013,78.0945,18.0,2.0,255.0,5.0116,1.5328,2.8658,18.3674,26.4932,30.7408,0.9261,81.0,1.5359,SUCCESS,"Unsharp masking applied (sigma=1.0, amount=1.0, threshold=0.0)"
