sample_id,patient_id,abnormality_id,image_role,category,view,side,pathology,split,selection_reason,image_path
SMP_FULL_001,P_00004,1,FULL_ORIGINAL,mass,CC,LEFT,BENIGN,train,Stratified sample: mass / LEFT_CC / BENIGN / train,1.3.6.1.4.1.9590.100.1.2.89180046211022531834352631483669346540/1-250.jpg
SMP_FULL_002,P_00009,1,FULL_ORIGINAL,mass,MLO,RIGHT,MALIGNANT,train,Stratified sample: mass / RIGHT_MLO / MALIGNANT / train,1.3.6.1.4.1.9590.100.1.2.18553022011298363903753970133853455201/1-104.jpg
SMP_FULL_003,P_00037,1,FULL_ORIGINAL,mass,CC,RIGHT,MALIGNANT,test,Stratified sample: mass / RIGHT_CC / MALIGNANT / test,1.3.6.1.4.1.9590.100.1.2.345140832810160378520078721331878282316/1-105.jpg
SMP_FULL_004,P_00056,1,FULL_ORIGINAL,mass,MLO,LEFT,BENIGN,test,Stratified sample: mass / LEFT_MLO / BENIGN / test,1.3.6.1.4.1.9590.100.1.2.302678903112208607702983192631368637142/1-107.jpg
SMP_FULL_005,P_00007,1,FULL_ORIGINAL,calcification,CC,LEFT,BENIGN,train,Stratified sample: calcification / LEFT_CC / BENIGN / train,1.3.6.1.4.1.9590.100.1.2.228699627313487111012474405462022068297/1-190.jpg
SMP_FULL_006,P_00008,1,FULL_ORIGINAL,calcification,MLO,RIGHT,BENIGN_WITHOUT_CALLBACK,train,Stratified sample: calcification / RIGHT_MLO / BENIGN_WITHOUT_CALLBACK / train,1.3.6.1.4.1.9590.100.1.2.101743131510015201839523365310215332980/1-195.jpg
SMP_FULL_007,P_00012,1,FULL_ORIGINAL,calcification,MLO,LEFT,MALIGNANT,train,Stratified sample: calcification / LEFT_MLO / MALIGNANT / train,1.3.6.1.4.1.9590.100.1.2.307271664512650974022213502811472047069/1-201.jpg
SMP_FULL_008,P_00127,1,FULL_ORIGINAL,calcification,CC,RIGHT,MALIGNANT,test,Stratified sample: calcification / RIGHT_CC / MALIGNANT / test,1.3.6.1.4.1.9590.100.1.2.61347581410432668240174563181885281950/1-056.jpg
SMP_CROP_001,P_00004,1,CROPPED_ABNORMALITY,mass,CC,LEFT,BENIGN,train,Stratified sample: mass / LEFT_CC / BENIGN / train,1.3.6.1.4.1.9590.100.1.2.429120414011832984817094399141838850375/1-296.jpg
SMP_CROP_002,P_00009,1,CROPPED_ABNORMALITY,mass,MLO,RIGHT,MALIGNANT,train,Stratified sample: mass / RIGHT_MLO / MALIGNANT / train,1.3.6.1.4.1.9590.100.1.2.401504763912518926442932683851439819951/1-106.jpg
SMP_CROP_003,P_00037,1,CROPPED_ABNORMALITY,mass,CC,RIGHT,MALIGNANT,test,Stratified sample: mass / RIGHT_CC / MALIGNANT / test,1.3.6.1.4.1.9590.100.1.2.335564193512609498716387099372607181452/1-278.jpg
SMP_CROP_004,P_00056,1,CROPPED_ABNORMALITY,mass,MLO,LEFT,BENIGN,test,Stratified sample: mass / LEFT_MLO / BENIGN / test,1.3.6.1.4.1.9590.100.1.2.94222899611000951402700588920137869763/1-280.jpg
SMP_CROP_005,P_00007,1,CROPPED_ABNORMALITY,calcification,CC,LEFT,BENIGN,train,Stratified sample: calcification / LEFT_CC / BENIGN / train,1.3.6.1.4.1.9590.100.1.2.314135871111943890422150247820137952041/2-109.jpg
SMP_CROP_006,P_00008,1,CROPPED_ABNORMALITY,calcification,MLO,RIGHT,BENIGN_WITHOUT_CALLBACK,train,Stratified sample: calcification / RIGHT_MLO / BENIGN_WITHOUT_CALLBACK / train,1.3.6.1.4.1.9590.100.1.2.178605044312208856828349828402686035872/2-122.jpg
SMP_CROP_007,P_00012,1,CROPPED_ABNORMALITY,calcification,MLO,LEFT,MALIGNANT,train,Stratified sample: calcification / LEFT_MLO / MALIGNANT / train,1.3.6.1.4.1.9590.100.1.2.55891837611351185918415450910974994265/2-132.jpg
SMP_CROP_008,P_00127,1,CROPPED_ABNORMALITY,calcification,CC,RIGHT,MALIGNANT,test,Stratified sample: calcification / RIGHT_CC / MALIGNANT / test,1.3.6.1.4.1.9590.100.1.2.2842079811478456724840697622497217059/2-114.jpg
SMP_ROI__001,P_00004,1,ROI_MASK,mass,CC,LEFT,BENIGN,train,Stratified sample: mass / LEFT_CC / BENIGN / train,1.3.6.1.4.1.9590.100.1.2.429120414011832984817094399141838850375/2-295.jpg
SMP_ROI__002,P_00009,1,ROI_MASK,mass,MLO,RIGHT,MALIGNANT,train,Stratified sample: mass / RIGHT_MLO / MALIGNANT / train,1.3.6.1.4.1.9590.100.1.2.401504763912518926442932683851439819951/2-107.jpg
SMP_ROI__003,P_00037,1,ROI_MASK,mass,CC,RIGHT,MALIGNANT,test,Stratified sample: mass / RIGHT_CC / MALIGNANT / test,1.3.6.1.4.1.9590.100.1.2.335564193512609498716387099372607181452/2-089.jpg
SMP_ROI__004,P_00056,1,ROI_MASK,mass,MLO,LEFT,BENIGN,test,Stratified sample: mass / LEFT_MLO / BENIGN / test,1.3.6.1.4.1.9590.100.1.2.94222899611000951402700588920137869763/2-091.jpg
SMP_ROI__005,P_00007,1,ROI_MASK,calcification,CC,LEFT,BENIGN,train,Stratified sample: calcification / LEFT_CC / BENIGN / train,1.3.6.1.4.1.9590.100.1.2.314135871111943890422150247820137952041/1-193.jpg
SMP_ROI__006,P_00008,1,ROI_MASK,calcification,MLO,RIGHT,BENIGN_WITHOUT_CALLBACK,train,Stratified sample: calcification / RIGHT_MLO / BENIGN_WITHOUT_CALLBACK / train,1.3.6.1.4.1.9590.100.1.2.178605044312208856828349828402686035872/1-206.jpg
SMP_ROI__007,P_00012,1,ROI_MASK,calcification,MLO,LEFT,MALIGNANT,train,Stratified sample: calcification / LEFT_MLO / MALIGNANT / train,1.3.6.1.4.1.9590.100.1.2.55891837611351185918415450910974994265/1-216.jpg
SMP_ROI__008,P_00127,1,ROI_MASK,calcification,CC,RIGHT,MALIGNANT,test,Stratified sample: calcification / RIGHT_CC / MALIGNANT / test,1.3.6.1.4.1.9590.100.1.2.2842079811478456724840697622497217059/1-262.jpg
SMP_TRIP_001,P_00004,1,PAIRED_TRIPLET,mass,CC,LEFT,BENIGN,train,Paired triplet: mass / LEFT_CC / BENIGN / train,1.3.6.1.4.1.9590.100.1.2.89180046211022531834352631483669346540/1-250.jpg
SMP_TRIP_002,P_00001,1,PAIRED_TRIPLET,mass,MLO,LEFT,MALIGNANT,train,Paired triplet: mass / LEFT_MLO / MALIGNANT / train,1.3.6.1.4.1.9590.100.1.2.359308329312397897125630708681441180834/1-207.jpg
SMP_TRIP_003,P_00016,1,PAIRED_TRIPLET,mass,CC,LEFT,MALIGNANT,test,Paired triplet: mass / LEFT_CC / MALIGNANT / test,1.3.6.1.4.1.9590.100.1.2.245063149211255120613007755642780114172/1-271.jpg
SMP_TRIP_004,P_00007,1,PAIRED_TRIPLET,calcification,CC,LEFT,BENIGN,train,Paired triplet: calcification / LEFT_CC / BENIGN / train,1.3.6.1.4.1.9590.100.1.2.228699627313487111012474405462022068297/1-190.jpg
SMP_TRIP_005,P_00012,1,PAIRED_TRIPLET,calcification,MLO,LEFT,MALIGNANT,train,Paired triplet: calcification / LEFT_MLO / MALIGNANT / train,1.3.6.1.4.1.9590.100.1.2.307271664512650974022213502811472047069/1-201.jpg
SMP_TRIP_006,P_00041,2,PAIRED_TRIPLET,calcification,MLO,LEFT,BENIGN_WITHOUT_CALLBACK,test,Paired triplet: calcification / LEFT_MLO / BENIGN_WITHOUT_CALLBACK / test,1.3.6.1.4.1.9590.100.1.2.214716350711587846302171252931002081387/1-048.jpg
SMP_OVER_001,P_00038,1,ROI_OVERLAY,calcification,CC,LEFT,BENIGN,test,Overlay candidate: calcification / LEFT_CC / BENIGN,1.3.6.1.4.1.9590.100.1.2.374115997511889073021386151921807063992/1-043.jpg
SMP_OVER_002,P_00041,2,ROI_OVERLAY,calcification,CC,LEFT,BENIGN_WITHOUT_CALLBACK,test,Overlay candidate: calcification / LEFT_CC / BENIGN_WITHOUT_CALLBACK,1.3.6.1.4.1.9590.100.1.2.272917492411709393015036949944104292812/1-047.jpg
SMP_OVER_003,P_00077,1,ROI_OVERLAY,calcification,CC,LEFT,BENIGN_WITHOUT_CALLBACK,test,Overlay candidate: calcification / LEFT_CC / BENIGN_WITHOUT_CALLBACK,1.3.6.1.4.1.9590.100.1.2.120762895113344405411143779050723940544/1-049.jpg
SMP_OVER_004,P_00140,1,ROI_OVERLAY,calcification,CC,LEFT,BENIGN_WITHOUT_CALLBACK,test,Overlay candidate: calcification / LEFT_CC / BENIGN_WITHOUT_CALLBACK,1.3.6.1.4.1.9590.100.1.2.274130392610570391808711256560834154926/1-062.jpg
SMP_OVER_005,P_00141,1,ROI_OVERLAY,calcification,CC,LEFT,BENIGN,test,Overlay candidate: calcification / LEFT_CC / BENIGN,1.3.6.1.4.1.9590.100.1.2.31530197011146306721503417840497423357/1-066.jpg
