source_csv,row_number,image_path,image_role,patient_id,abnormality_id,abnormality_category,breast_side,image_view,pathology,label,dataset_split,width,height,channels,min_intensity,max_intensity,unique_value_count,nonzero_pixels,mask_area_ratio,verification_status,verification_notes
mass_case_description_train_set.csv,2,1.3.6.1.4.1.9590.100.1.2.89180046211022531834352631483669346540/1-250.jpg,FULL_ORIGINAL,P_00004,1,mass,LEFT,CC,BENIGN,0,train,2986,5491,1,0,255,,,,PASS,High-resolution full mammogram verified (2986x5491)
mass_case_description_train_set.csv,6,1.3.6.1.4.1.9590.100.1.2.18553022011298363903753970133853455201/1-104.jpg,FULL_ORIGINAL,P_00009,1,mass,RIGHT,MLO,MALIGNANT,1,train,2596,5266,1,0,255,,,,PASS,High-resolution full mammogram verified (2596x5266)
mass_case_description_test_set.csv,6,1.3.6.1.4.1.9590.100.1.2.345140832810160378520078721331878282316/1-105.jpg,FULL_ORIGINAL,P_00037,1,mass,RIGHT,CC,MALIGNANT,1,test,2936,4608,1,0,255,,,,PASS,High-resolution full mammogram verified (2936x4608)
mass_case_description_test_set.csv,8,1.3.6.1.4.1.9590.100.1.2.302678903112208607702983192631368637142/1-107.jpg,FULL_ORIGINAL,P_00056,1,mass,LEFT,MLO,BENIGN,0,test,2936,4296,1,0,255,,,,PASS,High-resolution full mammogram verified (2936x4296)
calc_case_description_train_set.csv,2,1.3.6.1.4.1.9590.100.1.2.228699627313487111012474405462022068297/1-190.jpg,FULL_ORIGINAL,P_00007,1,calcification,LEFT,CC,BENIGN,0,train,2986,5356,1,0,255,,,,PASS,High-resolution full mammogram verified (2986x5356)
calc_case_description_train_set.csv,15,1.3.6.1.4.1.9590.100.1.2.101743131510015201839523365310215332980/1-195.jpg,FULL_ORIGINAL,P_00008,1,calcification,RIGHT,MLO,BENIGN_WITHOUT_CALLBACK,0,train,3048,4576,1,0,255,,,,PASS,High-resolution full mammogram verified (3048x4576)
calc_case_description_train_set.csv,25,1.3.6.1.4.1.9590.100.1.2.307271664512650974022213502811472047069/1-201.jpg,FULL_ORIGINAL,P_00012,1,calcification,LEFT,MLO,MALIGNANT,1,train,3704,5904,1,0,255,,,,PASS,High-resolution full mammogram verified (3704x5904)
calc_case_description_test_set.csv,16,1.3.6.1.4.1.9590.100.1.2.61347581410432668240174563181885281950/1-056.jpg,FULL_ORIGINAL,P_00127,1,calcification,RIGHT,CC,MALIGNANT,1,test,3796,6706,1,0,255,,,,PASS,High-resolution full mammogram verified (3796x6706)
mass_case_description_train_set.csv,2,1.3.6.1.4.1.9590.100.1.2.429120414011832984817094399141838850375/1-296.jpg,CROPPED_ABNORMALITY,P_00004,1,mass,LEFT,CC,BENIGN,0,train,2986,5491,1,0,255,,,,PASS,"Valid cropped lesion patch (2986x5491, mean intensity 1.76)"
mass_case_description_train_set.csv,6,1.3.6.1.4.1.9590.100.1.2.401504763912518926442932683851439819951/1-106.jpg,CROPPED_ABNORMALITY,P_00009,1,mass,RIGHT,MLO,MALIGNANT,1,train,2596,5266,1,0,255,,,,PASS,"Valid cropped lesion patch (2596x5266, mean intensity 0.55)"
mass_case_description_test_set.csv,6,1.3.6.1.4.1.9590.100.1.2.335564193512609498716387099372607181452/1-278.jpg,CROPPED_ABNORMALITY,P_00037,1,mass,RIGHT,CC,MALIGNANT,1,test,363,429,1,0,254,,,,PASS,"Valid cropped lesion patch (363x429, mean intensity 146.81)"
mass_case_description_test_set.csv,8,1.3.6.1.4.1.9590.100.1.2.94222899611000951402700588920137869763/1-280.jpg,CROPPED_ABNORMALITY,P_00056,1,mass,LEFT,MLO,BENIGN,0,test,334,276,1,0,255,,,,PASS,"Valid cropped lesion patch (334x276, mean intensity 131.11)"
calc_case_description_train_set.csv,2,1.3.6.1.4.1.9590.100.1.2.314135871111943890422150247820137952041/2-109.jpg,CROPPED_ABNORMALITY,P_00007,1,calcification,LEFT,CC,BENIGN,0,train,2986,5356,1,0,255,,,,PASS,"Valid cropped lesion patch (2986x5356, mean intensity 4.14)"
calc_case_description_train_set.csv,15,1.3.6.1.4.1.9590.100.1.2.178605044312208856828349828402686035872/2-122.jpg,CROPPED_ABNORMALITY,P_00008,1,calcification,RIGHT,MLO,BENIGN_WITHOUT_CALLBACK,0,train,3048,4576,1,0,255,,,,PASS,"Valid cropped lesion patch (3048x4576, mean intensity 0.22)"
calc_case_description_train_set.csv,25,1.3.6.1.4.1.9590.100.1.2.55891837611351185918415450910974994265/2-132.jpg,CROPPED_ABNORMALITY,P_00012,1,calcification,LEFT,MLO,MALIGNANT,1,train,3704,5904,1,0,255,,,,PASS,"Valid cropped lesion patch (3704x5904, mean intensity 6.73)"
calc_case_description_test_set.csv,16,1.3.6.1.4.1.9590.100.1.2.2842079811478456724840697622497217059/2-114.jpg,CROPPED_ABNORMALITY,P_00127,1,calcification,RIGHT,CC,MALIGNANT,1,test,3796,6706,1,0,255,,,,PASS,"Valid cropped lesion patch (3796x6706, mean intensity 0.49)"
mass_case_description_train_set.csv,2,1.3.6.1.4.1.9590.100.1.2.429120414011832984817094399141838850375/2-295.jpg,ROI_MASK,P_00004,1,mass,LEFT,CC,BENIGN,0,train,423,466,1,0,253,253.0,197115.0,0.999985,REVIEW,"NON_BINARY: ROI mask has 253 grayscale values (min=0, max=253)"
mass_case_description_train_set.csv,6,1.3.6.1.4.1.9590.100.1.2.401504763912518926442932683851439819951/2-107.jpg,ROI_MASK,P_00009,1,mass,RIGHT,MLO,MALIGNANT,1,train,220,271,1,1,252,242.0,59620.0,1.0,REVIEW,"NON_BINARY: ROI mask has 242 grayscale values (min=1, max=252)"
mass_case_description_test_set.csv,6,1.3.6.1.4.1.9590.100.1.2.335564193512609498716387099372607181452/2-089.jpg,ROI_MASK,P_00037,1,mass,RIGHT,CC,MALIGNANT,1,test,2936,4608,1,0,255,12.0,81474.0,0.006022,REVIEW,"NON_BINARY: ROI mask has 12 grayscale values (min=0, max=255)"
mass_case_description_test_set.csv,8,1.3.6.1.4.1.9590.100.1.2.94222899611000951402700588920137869763/2-091.jpg,ROI_MASK,P_00056,1,mass,LEFT,MLO,BENIGN,0,test,2936,4296,1,0,255,12.0,44850.0,0.003556,REVIEW,"NON_BINARY: ROI mask has 12 grayscale values (min=0, max=255)"
calc_case_description_train_set.csv,2,1.3.6.1.4.1.9590.100.1.2.314135871111943890422150247820137952041/1-193.jpg,ROI_MASK,P_00007,1,calcification,LEFT,CC,BENIGN,0,train,577,681,1,0,255,242.0,381974.0,0.9721,REVIEW,"NON_BINARY: ROI mask has 242 grayscale values (min=0, max=255)"
calc_case_description_train_set.csv,15,1.3.6.1.4.1.9590.100.1.2.178605044312208856828349828402686035872/1-206.jpg,ROI_MASK,P_00008,1,calcification,RIGHT,MLO,BENIGN_WITHOUT_CALLBACK,0,train,153,281,1,0,255,246.0,42992.0,0.999977,REVIEW,"NON_BINARY: ROI mask has 246 grayscale values (min=0, max=255)"
calc_case_description_train_set.csv,25,1.3.6.1.4.1.9590.100.1.2.55891837611351185918415450910974994265/1-216.jpg,ROI_MASK,P_00012,1,calcification,LEFT,MLO,MALIGNANT,1,train,1041,777,1,1,255,215.0,808857.0,1.0,REVIEW,"NON_BINARY: ROI mask has 215 grayscale values (min=1, max=255)"
calc_case_description_test_set.csv,16,1.3.6.1.4.1.9590.100.1.2.2842079811478456724840697622497217059/1-262.jpg,ROI_MASK,P_00127,1,calcification,RIGHT,CC,MALIGNANT,1,test,297,313,1,0,255,216.0,92957.0,0.999957,REVIEW,"NON_BINARY: ROI mask has 216 grayscale values (min=0, max=255)"
