patient_id,abnormality_id,category,side,view,pathology,label,split,baseline_image_path,method,output_image_path,original_height,original_width,output_height,output_width,input_min,input_max,input_mean,input_std,input_p01,input_p99,output_min,output_max,output_mean,output_std,output_p01,output_p99,output_p05,output_p25,output_p50,output_p75,output_p95,entropy,breast_region_mean,breast_region_std,clip_limit,tile_grid_width,tile_grid_height,status,notes
P_00004,1,mass,LEFT,CC,BENIGN,0,train,data/processed/baseline/full_mammogram/P_00004_LEFT_CC_1_baseline.png,baseline,data/processed/baseline/full_mammogram/P_00004_LEFT_CC_1_baseline.png,5491,2986,5491,2986,0.0,255.0,54.6894,67.0279,0.0,255.0,0.0,255.0,54.6894,67.0279,0.0,255.0,0.0,0.0,0.0,114.0,160.0,4.3261,116.9984,48.2294,,,,SUCCESS,Stage-5 baseline preserved as unchanged control condition
P_00004,1,mass,LEFT,CC,BENIGN,0,train,data/processed/baseline/full_mammogram/P_00004_LEFT_CC_1_baseline.png,histogram_equalization,data/processed/contrast/histogram_equalization/P_00004_LEFT_CC_1_histeq.png,5491,2986,5491,2986,0.0,255.0,54.6894,67.0279,0.0,255.0,0.0,255.0,61.1354,82.1258,0.0,255.0,0.0,0.0,0.0,121.0,229.0,4.2046,131.5377,72.5398,,,,SUCCESS,Global histogram equalization applied (2986x5491)
P_00004,1,mass,LEFT,CC,BENIGN,0,train,data/processed/baseline/full_mammogram/P_00004_LEFT_CC_1_baseline.png,clahe,data/processed/contrast/clahe/P_00004_LEFT_CC_1_clahe.png,5491,2986,5491,2986,0.0,255.0,54.6894,67.0279,0.0,255.0,2.0,255.0,60.8317,69.9847,2.0,255.0,3.0,3.0,3.0,120.0,181.0,4.5382,125.7628,49.2185,2.0,8,8,SUCCESS,"CLAHE applied (clip_limit=2.0, tileGrid=8x8)"
P_00009,1,mass,RIGHT,MLO,MALIGNANT,1,train,data/processed/baseline/full_mammogram/P_00009_RIGHT_MLO_1_baseline.png,baseline,data/processed/baseline/full_mammogram/P_00009_RIGHT_MLO_1_baseline.png,5266,2596,5266,2596,0.0,255.0,77.7027,82.4284,0.0,255.0,0.0,255.0,77.7027,82.4284,0.0,255.0,0.0,0.0,63.0,147.0,221.0,5.2842,139.3224,60.0453,,,,SUCCESS,Stage-5 baseline preserved as unchanged control condition
P_00009,1,mass,RIGHT,MLO,MALIGNANT,1,train,data/processed/baseline/full_mammogram/P_00009_RIGHT_MLO_1_baseline.png,histogram_equalization,data/processed/contrast/histogram_equalization/P_00009_RIGHT_MLO_1_histeq.png,5266,2596,5266,2596,0.0,255.0,77.7027,82.4284,0.0,255.0,0.0,255.0,73.0365,84.3886,0.0,255.0,0.0,0.0,31.0,144.0,233.0,5.1992,130.919,72.1187,,,,SUCCESS,Global histogram equalization applied (2596x5266)
P_00009,1,mass,RIGHT,MLO,MALIGNANT,1,train,data/processed/baseline/full_mammogram/P_00009_RIGHT_MLO_1_baseline.png,clahe,data/processed/contrast/clahe/P_00009_RIGHT_MLO_1_clahe.png,5266,2596,5266,2596,0.0,255.0,77.7027,82.4284,0.0,255.0,2.0,255.0,79.4516,79.7996,2.0,255.0,3.0,3.0,65.0,150.0,215.0,5.5454,138.567,57.2151,2.0,8,8,SUCCESS,"CLAHE applied (clip_limit=2.0, tileGrid=8x8)"
P_00037,1,mass,RIGHT,CC,MALIGNANT,1,test,data/processed/baseline/full_mammogram/P_00037_RIGHT_CC_1_baseline.png,baseline,data/processed/baseline/full_mammogram/P_00037_RIGHT_CC_1_baseline.png,4608,2936,4608,2936,0.0,255.0,32.8867,60.7684,0.0,255.0,0.0,255.0,32.8867,60.7684,0.0,255.0,0.0,0.0,0.0,36.0,200.0,4.0409,79.0829,72.4936,,,,SUCCESS,Stage-5 baseline preserved as unchanged control condition
P_00037,1,mass,RIGHT,CC,MALIGNANT,1,test,data/processed/baseline/full_mammogram/P_00037_RIGHT_CC_1_baseline.png,histogram_equalization,data/processed/contrast/histogram_equalization/P_00037_RIGHT_CC_1_histeq.png,4608,2936,4608,2936,0.0,255.0,32.8867,60.7684,0.0,255.0,0.0,255.0,57.4958,80.5147,0.0,255.0,0.0,0.0,0.0,116.0,227.0,3.9369,129.1415,72.8572,,,,SUCCESS,Global histogram equalization applied (2936x4608)
P_00037,1,mass,RIGHT,CC,MALIGNANT,1,test,data/processed/baseline/full_mammogram/P_00037_RIGHT_CC_1_baseline.png,clahe,data/processed/contrast/clahe/P_00037_RIGHT_CC_1_clahe.png,4608,2936,4608,2936,0.0,255.0,32.8867,60.7684,0.0,255.0,2.0,255.0,40.3911,60.907,2.0,255.0,3.0,3.0,3.0,55.0,190.0,4.4299,87.917,66.2435,2.0,8,8,SUCCESS,"CLAHE applied (clip_limit=2.0, tileGrid=8x8)"
P_00056,1,mass,LEFT,MLO,BENIGN,0,test,data/processed/baseline/full_mammogram/P_00056_LEFT_MLO_1_baseline.png,baseline,data/processed/baseline/full_mammogram/P_00056_LEFT_MLO_1_baseline.png,4296,2936,4296,2936,0.0,255.0,44.6171,78.137,0.0,255.0,0.0,255.0,44.6171,78.137,0.0,255.0,0.0,0.0,0.0,51.0,227.0,3.6797,129.7644,82.1485,,,,SUCCESS,Stage-5 baseline preserved as unchanged control condition
P_00056,1,mass,LEFT,MLO,BENIGN,0,test,data/processed/baseline/full_mammogram/P_00056_LEFT_MLO_1_baseline.png,histogram_equalization,data/processed/contrast/histogram_equalization/P_00056_LEFT_MLO_1_histeq.png,4296,2936,4296,2936,0.0,255.0,44.6171,78.137,0.0,255.0,0.0,255.0,47.7255,76.5184,0.0,255.0,0.0,0.0,0.0,84.0,221.0,3.6463,128.4981,73.3845,,,,SUCCESS,Global histogram equalization applied (2936x4296)
P_00056,1,mass,LEFT,MLO,BENIGN,0,test,data/processed/baseline/full_mammogram/P_00056_LEFT_MLO_1_baseline.png,clahe,data/processed/contrast/clahe/P_00056_LEFT_MLO_1_clahe.png,4296,2936,4296,2936,0.0,255.0,44.6171,78.137,0.0,255.0,2.0,255.0,46.1944,72.5828,3.0,255.0,3.0,3.0,3.0,70.0,215.0,3.8965,121.7588,74.2699,2.0,8,8,SUCCESS,"CLAHE applied (clip_limit=2.0, tileGrid=8x8)"
P_00007,1,calcification,LEFT,CC,BENIGN,0,train,data/processed/baseline/full_mammogram/P_00007_LEFT_CC_1_baseline.png,baseline,data/processed/baseline/full_mammogram/P_00007_LEFT_CC_1_baseline.png,5356,2986,5356,2986,0.0,255.0,64.4789,80.2198,0.0,255.0,0.0,255.0,64.4789,80.2198,0.0,255.0,0.0,0.0,0.0,151.0,199.0,4.4549,140.711,57.661,,,,SUCCESS,Stage-5 baseline preserved as unchanged control condition
P_00007,1,calcification,LEFT,CC,BENIGN,0,train,data/processed/baseline/full_mammogram/P_00007_LEFT_CC_1_baseline.png,histogram_equalization,data/processed/contrast/histogram_equalization/P_00007_LEFT_CC_1_histeq.png,5356,2986,5356,2986,0.0,255.0,64.4789,80.2198,0.0,255.0,0.0,255.0,60.0474,81.6431,0.0,255.0,0.0,0.0,0.0,119.0,230.0,4.3805,131.0182,72.5034,,,,SUCCESS,Global histogram equalization applied (2986x5356)
P_00007,1,calcification,LEFT,CC,BENIGN,0,train,data/processed/baseline/full_mammogram/P_00007_LEFT_CC_1_baseline.png,clahe,data/processed/contrast/clahe/P_00007_LEFT_CC_1_clahe.png,5356,2986,5356,2986,0.0,255.0,64.4789,80.2198,0.0,255.0,2.0,255.0,67.2241,79.0606,2.0,255.0,3.0,3.0,3.0,143.0,205.0,4.7647,141.572,56.3384,2.0,8,8,SUCCESS,"CLAHE applied (clip_limit=2.0, tileGrid=8x8)"
P_00008,1,calcification,RIGHT,MLO,BENIGN_WITHOUT_CALLBACK,0,train,data/processed/baseline/full_mammogram/P_00008_RIGHT_MLO_1_baseline.png,baseline,data/processed/baseline/full_mammogram/P_00008_RIGHT_MLO_1_baseline.png,4576,3048,4576,3048,0.0,255.0,70.2222,64.9002,0.0,255.0,0.0,255.0,70.2222,64.9002,0.0,255.0,0.0,0.0,78.0,117.0,188.0,5.9816,104.9986,51.6063,,,,SUCCESS,Stage-5 baseline preserved as unchanged control condition
P_00008,1,calcification,RIGHT,MLO,BENIGN_WITHOUT_CALLBACK,0,train,data/processed/baseline/full_mammogram/P_00008_RIGHT_MLO_1_baseline.png,histogram_equalization,data/processed/contrast/histogram_equalization/P_00008_RIGHT_MLO_1_histeq.png,4576,3048,4576,3048,0.0,255.0,70.2222,64.9002,0.0,255.0,0.0,255.0,90.8461,85.1703,0.0,255.0,0.0,0.0,75.0,165.0,237.0,5.814,131.0094,72.2181,,,,SUCCESS,Global histogram equalization applied (3048x4576)
P_00008,1,calcification,RIGHT,MLO,BENIGN_WITHOUT_CALLBACK,0,train,data/processed/baseline/full_mammogram/P_00008_RIGHT_MLO_1_baseline.png,clahe,data/processed/contrast/clahe/P_00008_RIGHT_MLO_1_clahe.png,4576,3048,4576,3048,0.0,255.0,70.2222,64.9002,0.0,255.0,2.0,255.0,78.6843,65.4244,2.0,255.0,3.0,3.0,91.0,128.0,178.0,6.284,112.1565,50.1742,2.0,8,8,SUCCESS,"CLAHE applied (clip_limit=2.0, tileGrid=8x8)"
P_00012,1,calcification,LEFT,MLO,MALIGNANT,1,train,data/processed/baseline/full_mammogram/P_00012_LEFT_MLO_1_baseline.png,baseline,data/processed/baseline/full_mammogram/P_00012_LEFT_MLO_1_baseline.png,5904,3704,5904,3704,0.0,255.0,76.3274,86.0199,0.0,255.0,0.0,255.0,76.3274,86.0199,0.0,255.0,0.0,0.0,17.0,158.0,223.0,4.9138,147.6727,61.5801,,,,SUCCESS,Stage-5 baseline preserved as unchanged control condition
P_00012,1,calcification,LEFT,MLO,MALIGNANT,1,train,data/processed/baseline/full_mammogram/P_00012_LEFT_MLO_1_baseline.png,histogram_equalization,data/processed/contrast/histogram_equalization/P_00012_LEFT_MLO_1_histeq.png,5904,3704,5904,3704,0.0,255.0,76.3274,86.0199,0.0,255.0,0.0,255.0,67.9586,83.5817,0.0,255.0,0.0,0.0,15.0,136.0,231.0,4.8411,130.8586,72.3324,,,,SUCCESS,Global histogram equalization applied (3704x5904)
P_00012,1,calcification,LEFT,MLO,MALIGNANT,1,train,data/processed/baseline/full_mammogram/P_00012_LEFT_MLO_1_baseline.png,clahe,data/processed/contrast/clahe/P_00012_LEFT_MLO_1_clahe.png,5904,3704,5904,3704,0.0,255.0,76.3274,86.0199,0.0,255.0,0.0,255.0,72.8984,79.3212,2.0,255.0,3.0,3.0,28.0,138.0,220.0,5.3241,136.2787,59.4942,2.0,8,8,SUCCESS,"CLAHE applied (clip_limit=2.0, tileGrid=8x8)"
P_00127,1,calcification,RIGHT,CC,MALIGNANT,1,test,data/processed/baseline/full_mammogram/P_00127_RIGHT_CC_1_baseline.png,baseline,data/processed/baseline/full_mammogram/P_00127_RIGHT_CC_1_baseline.png,6706,3796,6706,3796,0.0,255.0,44.8266,60.0872,0.0,255.0,0.0,255.0,44.8266,60.0872,0.0,255.0,0.0,0.0,0.0,91.0,144.0,4.2231,98.7193,51.351,,,,SUCCESS,Stage-5 baseline preserved as unchanged control condition
P_00127,1,calcification,RIGHT,CC,MALIGNANT,1,test,data/processed/baseline/full_mammogram/P_00127_RIGHT_CC_1_baseline.png,histogram_equalization,data/processed/contrast/histogram_equalization/P_00127_RIGHT_CC_1_histeq.png,6706,3796,6706,3796,0.0,255.0,44.8266,60.0872,0.0,255.0,0.0,255.0,59.7759,81.7693,0.0,255.0,0.0,0.0,0.0,122.0,227.0,4.1213,131.6429,72.6285,,,,SUCCESS,Global histogram equalization applied (3796x6706)
P_00127,1,calcification,RIGHT,CC,MALIGNANT,1,test,data/processed/baseline/full_mammogram/P_00127_RIGHT_CC_1_baseline.png,clahe,data/processed/contrast/clahe/P_00127_RIGHT_CC_1_clahe.png,6706,3796,6706,3796,0.0,255.0,44.8266,60.0872,0.0,255.0,2.0,255.0,54.6942,66.9221,2.0,255.0,3.0,3.0,3.0,104.0,181.0,4.5226,115.6088,53.7809,2.0,8,8,SUCCESS,"CLAHE applied (clip_limit=2.0, tileGrid=8x8)"
P_00041,1,mass,LEFT,CC,BENIGN_WITHOUT_CALLBACK,0,train,data/processed/baseline/full_mammogram/P_00041_LEFT_CC_1_baseline.png,baseline,data/processed/baseline/full_mammogram/P_00041_LEFT_CC_1_baseline.png,5664,3070,5664,3070,0.0,255.0,92.7578,86.5854,0.0,255.0,0.0,255.0,92.7578,86.5854,0.0,255.0,0.0,0.0,115.0,172.0,208.0,4.8102,157.9417,49.7786,,,,SUCCESS,Stage-5 baseline preserved as unchanged control condition
P_00041,1,mass,LEFT,CC,BENIGN_WITHOUT_CALLBACK,0,train,data/processed/baseline/full_mammogram/P_00041_LEFT_CC_1_baseline.png,histogram_equalization,data/processed/contrast/histogram_equalization/P_00041_LEFT_CC_1_histeq.png,5664,3070,5664,3070,0.0,255.0,92.7578,86.5854,0.0,255.0,0.0,255.0,77.118,85.4962,0.0,255.0,0.0,0.0,41.0,148.0,234.0,4.7161,132.1162,72.5748,,,,SUCCESS,Global histogram equalization applied (3070x5664)
P_00041,1,mass,LEFT,CC,BENIGN_WITHOUT_CALLBACK,0,train,data/processed/baseline/full_mammogram/P_00041_LEFT_CC_1_baseline.png,clahe,data/processed/contrast/clahe/P_00041_LEFT_CC_1_clahe.png,5664,3070,5664,3070,0.0,255.0,92.7578,86.5854,0.0,255.0,2.0,255.0,92.4008,82.7218,2.0,255.0,3.0,3.0,118.0,168.0,201.0,5.3618,153.9319,47.5515,2.0,8,8,SUCCESS,"CLAHE applied (clip_limit=2.0, tileGrid=8x8)"
P_00100,1,calcification,RIGHT,CC,BENIGN,0,test,data/processed/baseline/full_mammogram/P_00100_RIGHT_CC_1_baseline.png,baseline,data/processed/baseline/full_mammogram/P_00100_RIGHT_CC_1_baseline.png,4831,2731,4831,2731,0.0,255.0,56.6534,77.1744,0.0,255.0,0.0,255.0,56.6534,77.1744,0.0,255.0,0.0,0.0,0.0,126.0,208.0,4.3595,130.7964,63.7218,,,,SUCCESS,Stage-5 baseline preserved as unchanged control condition
P_00100,1,calcification,RIGHT,CC,BENIGN,0,test,data/processed/baseline/full_mammogram/P_00100_RIGHT_CC_1_baseline.png,histogram_equalization,data/processed/contrast/histogram_equalization/P_00100_RIGHT_CC_1_histeq.png,4831,2731,4831,2731,0.0,255.0,56.6534,77.1744,0.0,255.0,0.0,255.0,56.688,80.5794,0.0,255.0,0.0,0.0,0.0,113.0,227.0,4.2767,130.8619,72.7524,,,,SUCCESS,Global histogram equalization applied (2731x4831)
P_00100,1,calcification,RIGHT,CC,BENIGN,0,test,data/processed/baseline/full_mammogram/P_00100_RIGHT_CC_1_baseline.png,clahe,data/processed/contrast/clahe/P_00100_RIGHT_CC_1_clahe.png,4831,2731,4831,2731,0.0,255.0,56.6534,77.1744,0.0,255.0,2.0,255.0,60.1075,76.4632,2.0,255.0,3.0,3.0,3.0,116.0,217.0,4.5112,133.3765,61.5562,2.0,8,8,SUCCESS,"CLAHE applied (clip_limit=2.0, tileGrid=8x8)"
P_00158,1,mass,RIGHT,MLO,BENIGN_WITHOUT_CALLBACK,0,test,data/processed/baseline/full_mammogram/P_00158_RIGHT_MLO_1_baseline.png,baseline,data/processed/baseline/full_mammogram/P_00158_RIGHT_MLO_1_baseline.png,4656,2888,4656,2888,0.0,255.0,59.0103,80.0638,0.0,255.0,0.0,255.0,59.0103,80.0638,0.0,255.0,0.0,0.0,0.0,140.0,206.0,4.5276,132.9089,68.15,,,,SUCCESS,Stage-5 baseline preserved as unchanged control condition
P_00158,1,mass,RIGHT,MLO,BENIGN_WITHOUT_CALLBACK,0,test,data/processed/baseline/full_mammogram/P_00158_RIGHT_MLO_1_baseline.png,histogram_equalization,data/processed/contrast/histogram_equalization/P_00158_RIGHT_MLO_1_histeq.png,4656,2888,4656,2888,0.0,255.0,59.0103,80.0638,0.0,255.0,0.0,255.0,60.8193,81.6965,0.0,255.0,0.0,0.0,0.0,122.0,228.0,4.4325,128.3934,73.5788,,,,SUCCESS,Global histogram equalization applied (2888x4656)
P_00158,1,mass,RIGHT,MLO,BENIGN_WITHOUT_CALLBACK,0,test,data/processed/baseline/full_mammogram/P_00158_RIGHT_MLO_1_baseline.png,clahe,data/processed/contrast/clahe/P_00158_RIGHT_MLO_1_clahe.png,4656,2888,4656,2888,0.0,255.0,59.0103,80.0638,0.0,255.0,2.0,255.0,60.4298,75.2402,2.0,255.0,3.0,3.0,3.0,127.0,204.0,4.796,125.7064,63.8911,2.0,8,8,SUCCESS,"CLAHE applied (clip_limit=2.0, tileGrid=8x8)"
P_00299,1,calcification,LEFT,MLO,MALIGNANT,1,test,data/processed/baseline/full_mammogram/P_00299_LEFT_MLO_1_baseline.png,baseline,data/processed/baseline/full_mammogram/P_00299_LEFT_MLO_1_baseline.png,6301,3736,6301,3736,0.0,255.0,75.3626,83.1432,0.0,255.0,0.0,255.0,75.3626,83.1432,0.0,255.0,0.0,0.0,35.0,135.0,229.0,4.9427,138.6826,62.8382,,,,SUCCESS,Stage-5 baseline preserved as unchanged control condition
P_00299,1,calcification,LEFT,MLO,MALIGNANT,1,test,data/processed/baseline/full_mammogram/P_00299_LEFT_MLO_1_baseline.png,histogram_equalization,data/processed/contrast/histogram_equalization/P_00299_LEFT_MLO_1_histeq.png,6301,3736,6301,3736,0.0,255.0,75.3626,83.1432,0.0,255.0,0.0,255.0,71.2176,84.1722,0.0,255.0,0.0,0.0,25.0,141.0,233.0,4.9197,131.0366,72.1753,,,,SUCCESS,Global histogram equalization applied (3736x6301)
P_00299,1,calcification,LEFT,MLO,MALIGNANT,1,test,data/processed/baseline/full_mammogram/P_00299_LEFT_MLO_1_baseline.png,clahe,data/processed/contrast/clahe/P_00299_LEFT_MLO_1_clahe.png,6301,3736,6301,3736,0.0,255.0,75.3626,83.1432,0.0,255.0,1.0,255.0,75.2682,77.4977,2.0,255.0,3.0,3.0,55.0,135.0,218.0,5.3761,134.3063,56.1731,2.0,8,8,SUCCESS,"CLAHE applied (clip_limit=2.0, tileGrid=8x8)"
P_00018,1,mass,RIGHT,CC,BENIGN,0,train,data/processed/baseline/full_mammogram/P_00018_RIGHT_CC_1_baseline.png,baseline,data/processed/baseline/full_mammogram/P_00018_RIGHT_CC_1_baseline.png,4720,2584,4720,2584,0.0,255.0,50.1792,77.2232,0.0,255.0,0.0,255.0,50.1792,77.2232,0.0,255.0,0.0,0.0,0.0,124.0,207.0,3.6209,140.7229,63.2241,,,,SUCCESS,Stage-5 baseline preserved as unchanged control condition
P_00018,1,mass,RIGHT,CC,BENIGN,0,train,data/processed/baseline/full_mammogram/P_00018_RIGHT_CC_1_baseline.png,histogram_equalization,data/processed/contrast/histogram_equalization/P_00018_RIGHT_CC_1_histeq.png,4720,2584,4720,2584,0.0,255.0,50.1792,77.2232,0.0,255.0,0.0,255.0,47.2447,76.4413,0.0,255.0,0.0,0.0,0.0,82.0,221.0,3.5687,130.8235,72.5103,,,,SUCCESS,Global histogram equalization applied (2584x4720)
P_00018,1,mass,RIGHT,CC,BENIGN,0,train,data/processed/baseline/full_mammogram/P_00018_RIGHT_CC_1_baseline.png,clahe,data/processed/contrast/clahe/P_00018_RIGHT_CC_1_clahe.png,4720,2584,4720,2584,0.0,255.0,50.1792,77.2232,0.0,255.0,2.0,255.0,51.5782,73.964,2.0,255.0,3.0,3.0,3.0,115.0,207.0,3.9469,136.5559,60.6793,2.0,8,8,SUCCESS,"CLAHE applied (clip_limit=2.0, tileGrid=8x8)"
P_00012,1,calcification,LEFT,CC,MALIGNANT,1,train,data/processed/baseline/full_mammogram/P_00012_LEFT_CC_1_baseline.png,baseline,data/processed/baseline/full_mammogram/P_00012_LEFT_CC_1_baseline.png,5944,3552,5944,3552,0.0,255.0,69.0699,82.2826,0.0,255.0,0.0,255.0,69.0699,82.2826,0.0,255.0,0.0,0.0,0.0,145.0,214.0,4.5688,141.9739,59.8095,,,,SUCCESS,Stage-5 baseline preserved as unchanged control condition
P_00012,1,calcification,LEFT,CC,MALIGNANT,1,train,data/processed/baseline/full_mammogram/P_00012_LEFT_CC_1_baseline.png,histogram_equalization,data/processed/contrast/histogram_equalization/P_00012_LEFT_CC_1_histeq.png,5944,3552,5944,3552,0.0,255.0,69.0699,82.2826,0.0,255.0,0.0,255.0,63.8487,82.6192,0.0,255.0,0.0,0.0,0.0,127.0,230.0,4.5137,131.2202,72.1241,,,,SUCCESS,Global histogram equalization applied (3552x5944)
P_00012,1,calcification,LEFT,CC,MALIGNANT,1,train,data/processed/baseline/full_mammogram/P_00012_LEFT_CC_1_baseline.png,clahe,data/processed/contrast/clahe/P_00012_LEFT_CC_1_clahe.png,5944,3552,5944,3552,0.0,255.0,69.0699,82.2826,0.0,255.0,2.0,255.0,67.8259,77.1462,2.0,255.0,3.0,3.0,3.0,131.0,211.0,4.952,134.4292,57.5259,2.0,8,8,SUCCESS,"CLAHE applied (clip_limit=2.0, tileGrid=8x8)"
P_00001,1,mass,LEFT,MLO,MALIGNANT,1,train,data/processed/baseline/full_mammogram/P_00001_LEFT_MLO_1_baseline.png,baseline,data/processed/baseline/full_mammogram/P_00001_LEFT_MLO_1_baseline.png,4800,2656,4800,2656,0.0,255.0,91.3271,91.6838,0.0,255.0,0.0,255.0,91.3271,91.6838,0.0,255.0,0.0,0.0,69.0,183.0,226.0,5.1799,159.9242,61.3094,,,,SUCCESS,Stage-5 baseline preserved as unchanged control condition
P_00001,1,mass,LEFT,MLO,MALIGNANT,1,train,data/processed/baseline/full_mammogram/P_00001_LEFT_MLO_1_baseline.png,histogram_equalization,data/processed/contrast/histogram_equalization/P_00001_LEFT_MLO_1_histeq.png,4800,2656,4800,2656,0.0,255.0,91.3271,91.6838,0.0,255.0,0.0,255.0,74.6728,84.8463,0.0,255.0,0.0,0.0,36.0,149.0,234.0,5.0704,131.244,72.375,,,,SUCCESS,Global histogram equalization applied (2656x4800)
P_00001,1,mass,LEFT,MLO,MALIGNANT,1,train,data/processed/baseline/full_mammogram/P_00001_LEFT_MLO_1_baseline.png,clahe,data/processed/contrast/clahe/P_00001_LEFT_MLO_1_clahe.png,4800,2656,4800,2656,0.0,255.0,91.3271,91.6838,0.0,255.0,2.0,255.0,88.0024,84.0888,2.0,255.0,3.0,3.0,84.0,167.0,217.0,5.5821,150.1846,55.5311,2.0,8,8,SUCCESS,"CLAHE applied (clip_limit=2.0, tileGrid=8x8)"
P_00100,1,calcification,RIGHT,MLO,BENIGN,0,test,data/processed/baseline/full_mammogram/P_00100_RIGHT_MLO_1_baseline.png,baseline,data/processed/baseline/full_mammogram/P_00100_RIGHT_MLO_1_baseline.png,5491,2791,5491,2791,0.0,255.0,67.5452,80.5635,0.0,255.0,0.0,255.0,67.5452,80.5635,0.0,255.0,0.0,0.0,9.0,144.0,207.0,4.9149,133.7687,63.2649,,,,SUCCESS,Stage-5 baseline preserved as unchanged control condition
P_00100,1,calcification,RIGHT,MLO,BENIGN,0,test,data/processed/baseline/full_mammogram/P_00100_RIGHT_MLO_1_baseline.png,histogram_equalization,data/processed/contrast/histogram_equalization/P_00100_RIGHT_MLO_1_histeq.png,5491,2791,5491,2791,0.0,255.0,67.5452,80.5635,0.0,255.0,0.0,255.0,66.0004,83.4059,0.0,255.0,0.0,0.0,7.0,132.0,230.0,4.809,131.0127,72.8203,,,,SUCCESS,Global histogram equalization applied (2791x5491)
P_00100,1,calcification,RIGHT,MLO,BENIGN,0,test,data/processed/baseline/full_mammogram/P_00100_RIGHT_MLO_1_baseline.png,clahe,data/processed/contrast/clahe/P_00100_RIGHT_MLO_1_clahe.png,5491,2791,5491,2791,0.0,255.0,67.5452,80.5635,0.0,255.0,1.0,255.0,70.0091,78.0124,2.0,255.0,3.0,3.0,18.0,132.0,215.0,4.9815,134.3132,58.9981,2.0,8,8,SUCCESS,"CLAHE applied (clip_limit=2.0, tileGrid=8x8)"
