grouping_field,grouping_value,image_count,valid_count,review_count,fail_count,missing_count,unreadable_count,mean_width,mean_height,min_width,max_width,min_height,max_height,mean_intensity,mean_std_intensity,mean_foreground_ratio,near_blank_count,high_saturation_count,suspicious_roi_count,duplicate_count
image_role,CROPPED_ABNORMALITY,3568,3416,152,0,1,0,2227.5,3639.9,95,5251,126,7111,42.7,28.7,0.3163,1,5,0,0
image_role,FULL_ORIGINAL,3568,3511,57,0,0,0,3138.2,5220.3,1531,5431,3256,7111,51.86,63.89,0.4392,0,0,0,183
image_role,ROI_MASK,3568,480,3088,0,1,0,1325.9,1983.2,68,5431,73,6931,80.71,33.76,0.6795,0,1,2457,0
abnormality_category,calcification,5616,3582,2034,0,2,0,2242.8,3590.7,68,5251,73,7111,55.17,41.65,0.4741,1,6,1870,100
abnormality_category,mass,5088,3825,1263,0,0,0,2217.2,3641.1,95,5431,126,6931,62.01,42.64,0.483,0,0,587,83
image_view,CC,5016,3482,1534,0,0,0,2213.1,3581.2,73,5386,73,6916,55.62,40.72,0.4621,1,3,1164,81
image_view,MLO,5688,3925,1763,0,2,0,2246.1,3644.2,68,5431,73,7111,60.9,43.35,0.4926,0,3,1293,102
breast_side,LEFT,5457,3771,1686,0,0,0,2239.9,3627.1,73,5431,73,7111,58.68,42.26,0.4807,0,5,1292,80
breast_side,RIGHT,5247,3636,1611,0,2,0,2220.9,3601.7,68,5386,73,7021,58.16,41.97,0.4759,1,1,1165,103
pathology,BENIGN,4287,3002,1285,0,0,0,2208.1,3638.4,102,5251,105,6871,58.97,41.86,0.4776,0,2,906,48
pathology,BENIGN_WITHOUT_CALLBACK,2046,1380,666,0,2,0,2320.0,3353.5,68,4192,73,6691,48.53,36.3,0.4663,1,0,581,47
pathology,MALIGNANT,4371,3025,1346,0,0,0,2210.9,3713.4,81,5431,73,7111,62.51,45.1,0.4847,0,4,970,88
dataset_split,test,2112,1531,581,0,0,0,2193.0,3607.1,68,5431,81,6916,59.85,42.75,0.4785,0,0,328,44
dataset_split,train,8592,5876,2716,0,2,0,2239.8,3616.5,73,5386,73,7111,58.07,41.97,0.4783,1,6,2129,139
