grouping,group_value,image_role,total_references,resolved_references,missing_references,unresolved_references,ambiguous_references
OVERALL,ALL,FULL_ORIGINAL,3568,3568,0,0,0
OVERALL,ALL,CROPPED_ABNORMALITY,3568,3567,0,1,0
OVERALL,ALL,ROI_MASK,3568,3567,0,1,0
OVERALL,ALL,UNKNOWN,0,0,0,0,0
ABNORMALITY_CATEGORY,mass,FULL_ORIGINAL,1696,1696,0,0,0
ABNORMALITY_CATEGORY,mass,CROPPED_ABNORMALITY,1696,1696,0,0,0
ABNORMALITY_CATEGORY,mass,ROI_MASK,1696,1696,0,0,0
ABNORMALITY_CATEGORY,calcification,FULL_ORIGINAL,1872,1872,0,0,0
ABNORMALITY_CATEGORY,calcification,CROPPED_ABNORMALITY,1872,1871,0,1,0
ABNORMALITY_CATEGORY,calcification,ROI_MASK,1872,1871,0,1,0
IMAGE_VIEW,CC,FULL_ORIGINAL,1672,1672,0,0,0
IMAGE_VIEW,CC,CROPPED_ABNORMALITY,1672,1672,0,0,0
IMAGE_VIEW,CC,ROI_MASK,1672,1672,0,0,0
IMAGE_VIEW,MLO,FULL_ORIGINAL,1896,1896,0,0,0
IMAGE_VIEW,MLO,CROPPED_ABNORMALITY,1896,1895,0,1,0
IMAGE_VIEW,MLO,ROI_MASK,1896,1895,0,1,0
DATASET_SPLIT,train,FULL_ORIGINAL,2864,2864,0,0,0
DATASET_SPLIT,train,CROPPED_ABNORMALITY,2864,2863,0,1,0
DATASET_SPLIT,train,ROI_MASK,2864,2863,0,1,0
DATASET_SPLIT,test,FULL_ORIGINAL,704,704,0,0,0
DATASET_SPLIT,test,CROPPED_ABNORMALITY,704,704,0,0,0
DATASET_SPLIT,test,ROI_MASK,704,704,0,0,0
PATHOLOGY,BENIGN,FULL_ORIGINAL,1429,1429,0,0,0
PATHOLOGY,BENIGN,CROPPED_ABNORMALITY,1429,1429,0,0,0
PATHOLOGY,BENIGN,ROI_MASK,1429,1429,0,0,0
PATHOLOGY,BENIGN_WITHOUT_CALLBACK,FULL_ORIGINAL,682,682,0,0,0
PATHOLOGY,BENIGN_WITHOUT_CALLBACK,CROPPED_ABNORMALITY,682,681,0,1,0
PATHOLOGY,BENIGN_WITHOUT_CALLBACK,ROI_MASK,682,681,0,1,0
PATHOLOGY,MALIGNANT,FULL_ORIGINAL,1457,1457,0,0,0
PATHOLOGY,MALIGNANT,CROPPED_ABNORMALITY,1457,1457,0,0,0
PATHOLOGY,MALIGNANT,ROI_MASK,1457,1457,0,0,0
