patient_id,csv_record_count,unique_original_images,unique_cropped_images,unique_roi_masks,cc_count,mlo_count,mass_record_count,calcification_record_count,pathology_values,dataset_splits
P_00001,2,2,2,2,1,1,2,0,MALIGNANT,train
P_00004,3,3,3,3,1,2,3,0,BENIGN,train
P_00005,2,2,2,2,1,1,0,2,MALIGNANT,train
P_00007,2,2,2,2,1,1,0,2,BENIGN,train
P_00008,16,4,16,16,8,8,0,16,BENIGN_WITHOUT_CALLBACK,train
P_00009,2,2,2,2,1,1,2,0,MALIGNANT,train
P_00010,2,2,2,2,1,1,0,2,BENIGN_WITHOUT_CALLBACK,train
P_00011,2,2,2,2,1,1,0,2,BENIGN,train
P_00012,2,2,2,2,1,1,0,2,MALIGNANT,train
P_00013,1,1,1,1,0,1,0,1,BENIGN,train
P_00014,2,2,2,2,1,1,0,2,MALIGNANT,train
P_00015,1,1,1,1,0,1,1,0,MALIGNANT,train
P_00016,4,4,4,4,2,2,2,2,MALIGNANT,"test, train"
P_00017,2,2,2,2,1,1,2,0,MALIGNANT,test
P_00018,2,2,2,2,1,1,2,0,BENIGN,train
P_00019,2,2,2,2,1,1,0,2,BENIGN,train
P_00020,2,2,2,2,1,1,0,2,MALIGNANT,train
P_00021,4,4,4,4,2,2,4,0,BENIGN,train
P_00022,2,2,2,2,1,1,0,2,BENIGN,train
P_00023,2,2,2,2,1,1,2,0,MALIGNANT,train
P_00024,2,2,2,2,1,1,0,2,BENIGN,train
P_00026,2,2,2,2,1,1,2,0,BENIGN,train
P_00027,2,2,2,2,1,1,2,0,BENIGN,train
P_00028,1,1,1,1,0,1,0,1,BENIGN,train
P_00029,2,2,2,2,1,1,0,2,MALIGNANT,train
P_00030,6,4,6,6,3,3,0,6,BENIGN_WITHOUT_CALLBACK,train
P_00031,1,1,1,1,1,0,0,1,MALIGNANT,train
P_00032,2,2,2,2,1,1,2,0,BENIGN,test
P_00034,4,4,4,4,2,2,2,2,MALIGNANT,train
P_00037,2,2,2,2,1,1,2,0,MALIGNANT,test
P_00038,6,4,6,6,3,3,0,6,BENIGN; BENIGN_WITHOUT_CALLBACK,test
P_00039,2,2,2,2,1,1,2,0,MALIGNANT,train
P_00041,4,4,4,4,2,2,2,2,BENIGN_WITHOUT_CALLBACK,"test, train"
P_00043,1,1,1,1,0,1,0,1,MALIGNANT,train
P_00044,6,2,6,6,4,2,6,0,BENIGN,train
P_00045,2,2,2,2,1,1,2,0,MALIGNANT,train
P_00046,1,1,1,1,0,1,1,0,MALIGNANT,train
P_00047,6,2,6,6,3,3,0,6,MALIGNANT,train
P_00048,4,2,4,4,2,2,0,4,BENIGN_WITHOUT_CALLBACK,train
P_00049,2,2,2,2,1,1,0,2,MALIGNANT,train
P_00051,2,2,2,2,1,1,2,0,MALIGNANT,train
P_00054,1,1,1,1,0,1,1,0,BENIGN_WITHOUT_CALLBACK,train
P_00055,1,1,1,1,1,0,1,0,BENIGN,train
P_00056,1,1,1,1,0,1,1,0,BENIGN,test
P_00057,2,2,2,2,1,1,2,0,MALIGNANT,train
P_00058,1,1,1,1,1,0,1,0,MALIGNANT,train
P_00059,2,2,2,2,1,1,2,0,MALIGNANT,train
P_00060,2,2,2,2,1,1,0,2,BENIGN,train
P_00061,2,2,2,2,1,1,2,0,BENIGN,train
P_00062,2,2,2,2,1,1,0,2,BENIGN,train
P_00063,2,2,2,2,1,1,0,2,MALIGNANT,train
P_00064,1,1,1,1,0,1,1,0,BENIGN_WITHOUT_CALLBACK,train
P_00065,2,2,2,2,1,1,2,0,BENIGN,train
P_00066,2,2,2,2,1,1,2,0,MALIGNANT,test
P_00068,2,2,2,2,1,1,2,0,MALIGNANT,train
P_00071,2,2,2,2,1,1,0,2,BENIGN,train
P_00074,3,3,3,3,1,2,3,0,MALIGNANT,train
P_00076,2,2,2,2,1,1,2,0,BENIGN,train
P_00077,6,4,6,6,3,3,0,6,BENIGN_WITHOUT_CALLBACK,test
P_00078,2,2,2,2,1,1,0,2,MALIGNANT,train
P_00079,2,2,2,2,1,1,2,0,MALIGNANT,train
P_00080,2,2,2,2,1,1,2,0,MALIGNANT,train
P_00081,2,2,2,2,1,1,2,0,BENIGN,train
P_00083,1,1,1,1,1,0,0,1,BENIGN,train
P_00084,2,2,2,2,1,1,0,2,MALIGNANT,train
P_00085,2,2,2,2,1,1,0,2,MALIGNANT,train
P_00086,2,2,2,2,1,1,2,0,MALIGNANT,train
P_00088,2,2,2,2,1,1,0,2,MALIGNANT,train
P_00090,2,2,2,2,1,1,2,0,BENIGN,train
P_00091,2,2,2,2,1,1,0,2,BENIGN,train
P_00092,6,4,6,6,2,4,6,0,MALIGNANT,train
P_00094,2,2,2,2,1,1,2,0,BENIGN,train
P_00095,2,2,2,2,1,1,2,0,MALIGNANT,train
P_00096,2,2,2,2,1,1,2,0,BENIGN,train
P_00098,6,4,6,6,2,4,0,6,BENIGN_WITHOUT_CALLBACK,train
P_00099,1,1,1,1,0,1,1,0,BENIGN,test
P_00100,2,2,2,2,1,1,0,2,BENIGN,test
P_00101,2,2,2,2,1,1,0,2,MALIGNANT,train
P_00105,2,2,2,2,1,1,0,2,BENIGN,train
P_00106,16,6,16,16,7,9,14,2,BENIGN_WITHOUT_CALLBACK,train
P_00107,1,1,1,1,0,1,1,0,BENIGN_WITHOUT_CALLBACK,train
P_00108,2,2,2,2,1,1,2,0,BENIGN,train
P_00109,1,1,1,1,1,0,1,0,BENIGN,train
P_00110,3,3,3,3,2,1,3,0,MALIGNANT,train
P_00112,23,4,23,23,10,13,0,23,BENIGN_WITHOUT_CALLBACK,train
P_00114,1,1,1,1,0,1,1,0,BENIGN_WITHOUT_CALLBACK,test
P_00116,4,2,4,4,2,2,4,0,MALIGNANT,test
P_00117,1,1,1,1,0,1,1,0,BENIGN,train
P_00118,2,2,2,2,1,1,2,0,MALIGNANT,test
P_00119,2,2,2,2,1,1,2,0,BENIGN,train
P_00120,2,2,2,2,1,1,2,0,BENIGN,train
P_00121,2,2,2,2,1,1,0,2,MALIGNANT,train
P_00122,1,1,1,1,0,1,1,0,BENIGN_WITHOUT_CALLBACK,train
P_00123,2,2,2,2,1,1,0,2,BENIGN,train
P_00124,1,1,1,1,1,0,1,0,BENIGN,test
P_00126,2,2,2,2,1,1,2,0,BENIGN,test
P_00127,2,2,2,2,1,1,0,2,MALIGNANT,test
P_00128,1,1,1,1,1,0,1,0,MALIGNANT,train
P_00129,2,2,2,2,1,1,0,2,BENIGN,train
P_00131,2,2,2,2,1,1,2,0,BENIGN,test
P_00132,1,1,1,1,0,1,0,1,BENIGN,test
P_00133,2,2,2,2,1,1,2,0,MALIGNANT,train
P_00134,2,2,2,2,1,1,2,0,MALIGNANT,train
P_00136,3,2,3,3,1,2,0,3,MALIGNANT,train
P_00137,2,2,2,2,1,1,2,0,BENIGN,train
P_00140,8,4,8,8,4,4,0,8,BENIGN_WITHOUT_CALLBACK,test
P_00141,2,2,2,2,1,1,0,2,BENIGN,test
P_00145,2,2,2,2,1,1,2,0,BENIGN,test
P_00146,2,2,2,2,1,1,2,0,MALIGNANT,train
P_00147,2,2,2,2,1,1,2,0,MALIGNANT,test
P_00148,2,2,2,2,1,1,2,0,MALIGNANT,train
P_00149,2,2,2,2,1,1,2,0,MALIGNANT,train
P_00150,1,1,1,1,0,1,0,1,MALIGNANT,test
P_00151,1,1,1,1,0,1,0,1,BENIGN,train
P_00156,1,1,1,1,0,1,1,0,BENIGN,test
P_00157,5,2,5,5,2,3,0,5,MALIGNANT,train
P_00158,1,1,1,1,0,1,1,0,BENIGN_WITHOUT_CALLBACK,test
P_00159,3,3,3,3,1,2,1,2,BENIGN_WITHOUT_CALLBACK,"test, train"
P_00160,4,4,4,4,2,2,4,0,BENIGN; MALIGNANT,train
P_00161,1,1,1,1,0,1,0,1,BENIGN,train
P_00162,2,2,2,2,1,1,0,2,MALIGNANT,train
P_00163,2,2,2,2,1,1,0,2,BENIGN,test
P_00164,1,1,1,1,1,0,0,1,MALIGNANT,test
P_00166,2,2,2,2,1,1,2,0,BENIGN,train
P_00169,1,1,1,1,0,1,1,0,BENIGN_WITHOUT_CALLBACK,train
P_00171,2,2,2,2,1,1,2,0,BENIGN,test
P_00172,2,2,2,2,1,1,2,0,MALIGNANT,train
P_00173,6,4,6,6,3,3,6,0,BENIGN,test
P_00174,2,2,2,2,1,1,2,0,MALIGNANT,train
P_00175,2,2,2,2,1,1,2,0,MALIGNANT,train
P_00177,2,2,2,2,1,1,2,0,BENIGN,test
P_00179,2,2,2,2,1,1,0,2,BENIGN,train
P_00180,2,2,2,2,1,1,0,2,BENIGN,test
P_00181,2,2,2,2,1,1,0,2,BENIGN,train
P_00182,2,2,2,2,1,1,0,2,BENIGN,train
P_00183,1,1,1,1,0,1,0,1,BENIGN,train
P_00185,2,2,2,2,1,1,0,2,BENIGN,train
P_00187,2,2,2,2,1,1,2,0,BENIGN,train
P_00188,1,1,1,1,0,1,0,1,MALIGNANT,train
P_00189,2,2,2,2,1,1,0,2,MALIGNANT,train
P_00190,1,1,1,1,0,1,1,0,MALIGNANT,train
P_00192,1,1,1,1,1,0,1,0,BENIGN,test
P_00194,2,2,2,2,1,1,2,0,MALIGNANT,test
P_00195,2,2,2,2,1,1,0,2,BENIGN,test
P_00196,2,2,2,2,1,1,0,2,BENIGN,train
P_00197,2,2,2,2,1,1,0,2,BENIGN,train
P_00198,2,2,2,2,1,1,2,0,MALIGNANT,test
P_00199,2,2,2,2,1,1,2,0,MALIGNANT,train
P_00200,4,4,4,4,2,2,4,0,BENIGN_WITHOUT_CALLBACK,test
P_00201,1,1,1,1,0,1,0,1,MALIGNANT,train
P_00202,4,4,4,4,2,2,2,2,MALIGNANT,test
P_00203,2,2,2,2,1,1,2,0,BENIGN,test
P_00205,2,2,2,2,1,1,2,0,BENIGN,train
P_00206,1,1,1,1,0,1,1,0,BENIGN,train
P_00207,6,2,6,6,3,3,6,0,MALIGNANT,train
P_00208,5,3,5,5,2,3,1,4,BENIGN,train
P_00209,1,1,1,1,0,1,1,0,MALIGNANT,test
P_00212,2,2,2,2,1,1,2,0,MALIGNANT,test
P_00214,5,3,5,5,2,3,0,5,BENIGN_WITHOUT_CALLBACK,test
P_00215,1,1,1,1,1,0,1,0,BENIGN,train
P_00217,1,1,1,1,1,0,1,0,MALIGNANT,train
P_00218,2,2,2,2,1,1,2,0,MALIGNANT,train
P_00219,1,1,1,1,1,0,1,0,BENIGN,train
P_00220,2,2,2,2,1,1,0,2,BENIGN,train
P_00221,1,1,1,1,0,1,1,0,BENIGN,train
P_00223,1,1,1,1,0,1,0,1,BENIGN,test
P_00224,6,6,6,6,3,3,4,2,BENIGN,train
P_00225,2,2,2,2,1,1,2,0,BENIGN,train
P_00226,2,2,2,2,1,1,2,0,MALIGNANT,train
P_00229,2,2,2,2,1,1,2,0,BENIGN_WITHOUT_CALLBACK,train
P_00230,2,2,2,2,1,1,2,0,BENIGN,test
P_00231,2,2,2,2,1,1,2,0,BENIGN,train
P_00232,2,2,2,2,1,1,0,2,MALIGNANT,train
P_00234,1,1,1,1,1,0,1,0,BENIGN,train
P_00235,2,2,2,2,1,1,2,0,MALIGNANT,train
P_00236,1,1,1,1,0,1,1,0,MALIGNANT,train
P_00238,2,2,2,2,1,1,2,0,BENIGN,test
P_00239,2,2,2,2,1,1,2,0,BENIGN,train
P_00240,2,2,2,2,1,1,2,0,MALIGNANT,train
P_00241,2,2,2,2,1,1,2,0,MALIGNANT,train
P_00242,2,2,2,2,1,1,2,0,BENIGN,train
P_00243,2,2,2,2,1,1,0,2,MALIGNANT,train
P_00244,1,1,1,1,0,1,0,1,MALIGNANT,test
P_00245,1,1,1,1,0,1,0,1,BENIGN,train
P_00246,1,1,1,1,0,1,0,1,BENIGN,test
P_00247,2,2,2,2,1,1,2,0,BENIGN,train
P_00248,1,1,1,1,0,1,1,0,MALIGNANT,train
P_00250,1,1,1,1,0,1,0,1,BENIGN,train
P_00251,2,2,2,2,1,1,0,2,MALIGNANT,train
P_00254,2,2,2,2,1,1,2,0,MALIGNANT,train
P_00255,2,2,2,2,1,1,0,2,BENIGN,train
P_00256,2,2,2,2,1,1,0,2,BENIGN_WITHOUT_CALLBACK,train
P_00257,2,2,2,2,1,1,0,2,BENIGN,test
P_00259,2,2,2,2,1,1,2,0,MALIGNANT,train
P_00260,2,2,2,2,1,1,0,2,BENIGN,train
P_00263,1,1,1,1,0,1,0,1,MALIGNANT,train
P_00264,2,2,2,2,1,1,2,0,MALIGNANT,train
P_00265,2,2,2,2,1,1,2,0,MALIGNANT,train
P_00266,2,2,2,2,1,1,0,2,MALIGNANT,train
P_00268,2,2,2,2,1,1,0,2,MALIGNANT,train
P_00269,2,2,2,2,1,1,0,2,BENIGN,train
P_00270,2,2,2,2,1,1,0,2,BENIGN,train
P_00271,2,2,2,2,1,1,0,2,MALIGNANT,train
P_00273,1,1,1,1,1,0,1,0,BENIGN,train
P_00274,1,1,1,1,0,1,0,1,BENIGN,train
P_00275,2,2,2,2,1,1,0,2,MALIGNANT,train
P_00276,2,2,2,2,1,1,0,2,BENIGN,train
P_00278,2,2,2,2,1,1,2,0,BENIGN,test
P_00279,1,1,1,1,1,0,1,0,BENIGN,train
P_00280,2,2,2,2,1,1,0,2,MALIGNANT,train
P_00281,1,1,1,1,0,1,1,0,BENIGN,train
P_00282,2,2,2,2,1,1,0,2,BENIGN,train
P_00283,2,2,2,2,1,1,2,0,MALIGNANT,train
P_00284,4,2,4,4,2,2,0,4,BENIGN,train
P_00287,2,2,2,2,1,1,2,0,MALIGNANT,train
P_00288,2,2,2,2,1,1,0,2,MALIGNANT,train
P_00289,2,2,2,2,1,1,2,0,BENIGN,train
P_00291,7,4,7,7,4,3,0,7,BENIGN,train
P_00293,2,2,2,2,1,1,0,2,MALIGNANT,train
P_00294,2,2,2,2,1,1,2,0,BENIGN,train
P_00296,2,2,2,2,1,1,2,0,MALIGNANT,test
P_00297,2,2,2,2,1,1,0,2,BENIGN,train
P_00298,2,2,2,2,1,1,2,0,BENIGN,train
P_00299,3,3,3,3,1,2,0,3,MALIGNANT,test
P_00302,6,4,6,6,3,3,0,6,BENIGN,train
P_00303,4,4,4,4,2,2,4,0,BENIGN,train
P_00304,1,1,1,1,0,1,1,0,BENIGN,train
P_00307,2,2,2,2,1,1,0,2,MALIGNANT,train
P_00308,2,2,2,2,1,1,0,2,BENIGN,train
P_00309,4,2,4,4,2,2,4,0,BENIGN,train
P_00311,1,1,1,1,1,0,0,1,BENIGN,train
P_00312,1,1,1,1,0,1,0,1,BENIGN,train
P_00313,2,2,2,2,1,1,2,0,MALIGNANT,train
P_00314,2,2,2,2,1,1,2,0,MALIGNANT,train
P_00315,1,1,1,1,0,1,0,1,BENIGN,test
P_00316,2,2,2,2,1,1,0,2,MALIGNANT,train
P_00317,1,1,1,1,0,1,1,0,MALIGNANT,train
P_00318,1,1,1,1,0,1,0,1,BENIGN,train
P_00319,2,2,2,2,1,1,2,0,MALIGNANT,train
P_00320,2,2,2,2,1,1,2,0,BENIGN,train
P_00321,2,2,2,2,1,1,0,2,MALIGNANT,train
P_00322,2,2,2,2,1,1,0,2,BENIGN,train
P_00324,2,2,2,2,1,1,2,0,MALIGNANT,test
P_00325,1,1,1,1,0,1,0,1,BENIGN,test
P_00326,1,1,1,1,0,1,0,1,BENIGN,train
P_00328,5,3,5,5,2,3,5,0,BENIGN_WITHOUT_CALLBACK; MALIGNANT,train
P_00330,2,2,2,2,1,1,2,0,BENIGN,train
P_00331,2,2,2,2,1,1,0,2,BENIGN,test
P_00332,4,4,4,4,2,2,4,0,BENIGN,train
P_00333,2,2,2,2,1,1,2,0,BENIGN,train
P_00334,1,1,1,1,0,1,1,0,BENIGN,train
P_00335,1,1,1,1,0,1,1,0,MALIGNANT,train
P_00336,2,2,2,2,1,1,0,2,BENIGN,train
P_00337,2,2,2,2,1,1,0,2,BENIGN,train
P_00339,2,2,2,2,1,1,0,2,MALIGNANT,train
P_00340,1,1,1,1,1,0,1,0,BENIGN,test
P_00342,4,2,4,4,1,3,4,0,BENIGN_WITHOUT_CALLBACK,train
P_00343,6,4,6,6,3,3,6,0,BENIGN_WITHOUT_CALLBACK,test
P_00344,2,2,2,2,1,1,0,2,BENIGN,test
P_00346,2,2,2,2,1,1,0,2,BENIGN,train
P_00347,2,2,2,2,1,1,2,0,MALIGNANT,test
P_00348,2,2,2,2,1,1,2,0,BENIGN,train
P_00349,2,2,2,2,1,1,0,2,BENIGN,train
P_00351,2,2,2,2,1,1,2,0,BENIGN,train
P_00352,2,2,2,2,1,1,0,2,BENIGN,test
P_00353,4,2,4,4,2,2,0,4,BENIGN; MALIGNANT,test
P_00354,2,2,2,2,1,1,2,0,MALIGNANT,train
P_00355,2,2,2,2,1,1,0,2,BENIGN,train
P_00356,1,1,1,1,1,0,1,0,MALIGNANT,train
P_00357,1,1,1,1,1,0,0,1,BENIGN,train
P_00358,2,2,2,2,1,1,2,0,BENIGN,test
P_00359,1,1,1,1,0,1,1,0,BENIGN,test
P_00360,2,2,2,2,1,1,0,2,BENIGN,train
P_00361,1,1,1,1,0,1,1,0,MALIGNANT,train
P_00363,2,2,2,2,1,1,2,0,MALIGNANT,train
P_00364,2,2,2,2,1,1,0,2,BENIGN,train
P_00366,2,2,2,2,1,1,2,0,BENIGN,train
P_00368,2,2,2,2,1,1,0,2,BENIGN,test
P_00369,2,2,2,2,1,1,2,0,BENIGN,test
P_00370,2,2,2,2,1,1,2,0,MALIGNANT,train
P_00372,2,2,2,2,1,1,0,2,MALIGNANT,test
P_00373,2,2,2,2,1,1,0,2,BENIGN,train
P_00375,2,2,2,2,1,1,2,0,MALIGNANT,test
P_00376,5,2,5,5,1,4,5,0,BENIGN_WITHOUT_CALLBACK,train
P_00377,3,2,3,3,2,1,0,3,BENIGN,train
P_00378,2,2,2,2,1,1,0,2,BENIGN,train
P_00379,2,2,2,2,1,1,2,0,BENIGN,test
P_00380,2,2,2,2,1,1,0,2,BENIGN,train
P_00381,2,2,2,2,1,1,2,0,BENIGN,test
P_00383,1,1,1,1,0,1,1,0,MALIGNANT,train
P_00384,2,2,2,2,1,1,2,0,BENIGN,train
P_00385,14,6,14,14,7,7,2,12,BENIGN_WITHOUT_CALLBACK,train
P_00386,2,2,2,2,1,1,2,0,MALIGNANT,train
P_00387,2,2,2,2,1,1,2,0,BENIGN,test
P_00389,1,1,1,1,0,1,1,0,BENIGN,train
P_00390,2,2,2,2,1,1,0,2,MALIGNANT,test
P_00391,4,4,4,4,2,2,4,0,BENIGN,test
P_00392,2,2,2,2,1,1,0,2,MALIGNANT,train
P_00393,1,1,1,1,0,1,0,1,BENIGN,train
P_00394,3,2,3,3,0,3,1,2,BENIGN_WITHOUT_CALLBACK,"test, train"
P_00395,6,2,6,6,3,3,0,6,BENIGN,train
P_00396,2,2,2,2,1,1,2,0,MALIGNANT,train
P_00397,1,1,1,1,1,0,0,1,MALIGNANT,test
P_00398,2,2,2,2,1,1,0,2,BENIGN,train
P_00399,2,2,2,2,1,1,2,0,MALIGNANT,train
P_00400,2,2,2,2,1,1,0,2,BENIGN,train
P_00401,2,2,2,2,1,1,2,0,BENIGN,train
P_00402,2,2,2,2,1,1,0,2,BENIGN_WITHOUT_CALLBACK,test
P_00403,2,2,2,2,1,1,0,2,MALIGNANT,test
P_00404,1,1,1,1,0,1,0,1,MALIGNANT,train
P_00405,2,2,2,2,1,1,2,0,BENIGN,test
P_00406,2,2,2,2,1,1,2,0,MALIGNANT,train
P_00408,2,2,2,2,1,1,2,0,MALIGNANT,train
P_00409,2,2,2,2,1,1,2,0,BENIGN,test
P_00410,2,2,2,2,1,1,0,2,MALIGNANT,train
P_00411,2,2,2,2,1,1,2,0,BENIGN,train
P_00412,2,2,2,2,1,1,2,0,BENIGN,train
P_00413,2,2,2,2,1,1,2,0,MALIGNANT,train
P_00414,2,2,2,2,1,1,2,0,MALIGNANT,train
P_00415,2,2,2,2,1,1,2,0,MALIGNANT,train
P_00417,2,2,2,2,1,1,2,0,BENIGN,train
P_00418,4,4,4,4,2,2,0,4,BENIGN_WITHOUT_CALLBACK; MALIGNANT,train
P_00419,6,4,6,6,3,3,6,0,BENIGN; MALIGNANT,train
P_00420,4,2,4,4,2,2,4,0,MALIGNANT,train
P_00421,2,2,2,2,1,1,2,0,BENIGN,train
P_00422,2,2,2,2,1,1,0,2,MALIGNANT,train
P_00423,1,1,1,1,1,0,1,0,MALIGNANT,train
P_00425,2,2,2,2,1,1,0,2,BENIGN,train
P_00426,2,2,2,2,1,1,2,0,BENIGN,train
P_00427,1,1,1,1,0,1,1,0,BENIGN,train
P_00428,1,1,1,1,1,0,1,0,BENIGN,train
P_00429,2,2,2,2,1,1,2,0,BENIGN_WITHOUT_CALLBACK,test
P_00430,2,2,2,2,1,1,2,0,BENIGN,train
P_00431,2,2,2,2,1,1,2,0,BENIGN,train
P_00432,8,4,8,8,4,4,4,4,BENIGN_WITHOUT_CALLBACK; MALIGNANT,train
P_00433,2,2,2,2,1,1,2,0,BENIGN,test
P_00435,1,1,1,1,0,1,1,0,MALIGNANT,train
P_00436,2,2,2,2,1,1,2,0,BENIGN,train
P_00437,2,2,2,2,1,1,2,0,BENIGN,train
P_00438,2,2,2,2,1,1,0,2,MALIGNANT,train
P_00439,2,2,2,2,1,1,2,0,MALIGNANT,train
P_00440,1,1,1,1,0,1,1,0,MALIGNANT,train
P_00441,1,1,1,1,0,1,1,0,BENIGN,train
P_00442,2,2,2,2,1,1,2,0,BENIGN,train
P_00443,1,1,1,1,0,1,0,1,MALIGNANT,train
P_00444,2,2,2,2,1,1,2,0,MALIGNANT,train
P_00445,1,1,1,1,0,1,0,1,MALIGNANT,train
P_00447,2,2,2,2,1,1,0,2,BENIGN,train
P_00448,2,2,2,2,1,1,0,2,BENIGN,train
P_00450,2,2,2,2,1,1,2,0,MALIGNANT,train
P_00451,2,2,2,2,1,1,2,0,BENIGN,train
P_00452,8,4,8,8,3,5,0,8,BENIGN_WITHOUT_CALLBACK,train
P_00453,2,2,2,2,1,1,2,0,BENIGN,train
P_00454,2,2,2,2,1,1,2,0,BENIGN,train
P_00455,8,2,8,8,4,4,0,8,BENIGN_WITHOUT_CALLBACK,train
P_00456,2,2,2,2,1,1,0,2,BENIGN,train
P_00457,2,2,2,2,1,1,2,0,BENIGN,test
P_00458,1,1,1,1,1,0,0,1,BENIGN,train
P_00460,2,2,2,2,1,1,0,2,BENIGN,test
P_00462,2,2,2,2,1,1,2,0,BENIGN,train
P_00464,2,2,2,2,1,1,2,0,BENIGN,test
P_00465,2,2,2,2,1,1,2,0,MALIGNANT,train
P_00466,1,1,1,1,0,1,0,1,MALIGNANT,test
P_00467,4,4,4,4,2,2,0,4,BENIGN_WITHOUT_CALLBACK; MALIGNANT,train
P_00468,2,2,2,2,1,1,2,0,BENIGN,train
P_00469,2,2,2,2,1,1,0,2,BENIGN,train
P_00470,2,2,2,2,1,1,2,0,BENIGN,test
P_00471,8,4,8,8,4,4,2,6,BENIGN_WITHOUT_CALLBACK; MALIGNANT,train
P_00473,2,2,2,2,1,1,0,2,MALIGNANT,train
P_00474,2,2,2,2,1,1,0,2,MALIGNANT,train
P_00475,2,2,2,2,0,2,2,0,BENIGN,train
P_00476,8,4,8,8,4,4,0,8,BENIGN_WITHOUT_CALLBACK,train
P_00479,2,2,2,2,1,1,0,2,MALIGNANT,train
P_00480,6,4,6,6,4,2,0,6,BENIGN_WITHOUT_CALLBACK,train
P_00481,2,2,2,2,1,1,2,0,MALIGNANT,test
P_00482,2,2,2,2,1,1,2,0,BENIGN,test
P_00484,3,3,3,3,2,1,1,2,MALIGNANT,train
P_00485,6,2,6,6,5,1,0,6,MALIGNANT,test
P_00486,2,2,2,2,1,1,0,2,BENIGN,train
P_00487,2,2,2,2,1,1,2,0,BENIGN,train
P_00488,2,2,2,2,1,1,2,0,BENIGN,train
P_00490,2,2,2,2,1,1,2,0,BENIGN,test
P_00491,1,1,1,1,0,1,0,1,BENIGN,train
P_00492,1,1,1,1,0,1,1,0,BENIGN,train
P_00493,1,1,1,1,1,0,1,0,BENIGN,test
P_00494,2,2,2,2,1,1,2,0,BENIGN,test
P_00495,6,4,6,6,3,3,2,4,BENIGN; BENIGN_WITHOUT_CALLBACK,"test, train"
P_00496,2,2,2,2,1,1,2,0,BENIGN,train
P_00497,2,2,2,2,1,1,0,2,MALIGNANT,test
P_00498,2,2,2,2,1,1,2,0,MALIGNANT,test
P_00499,2,2,2,2,1,1,2,0,BENIGN,train
P_00500,1,1,1,1,0,1,1,0,MALIGNANT,test
P_00502,2,2,2,2,1,1,0,2,MALIGNANT,train
P_00503,2,2,2,2,1,1,0,2,BENIGN,train
P_00504,1,1,1,1,0,1,1,0,MALIGNANT,train
P_00505,7,4,7,7,3,4,0,7,BENIGN_WITHOUT_CALLBACK,train
P_00506,3,3,3,3,1,2,1,2,BENIGN_WITHOUT_CALLBACK,train
P_00508,2,2,2,2,1,1,0,2,BENIGN,train
P_00509,2,2,2,2,1,1,2,0,BENIGN,train
P_00510,14,6,14,14,8,6,2,12,BENIGN_WITHOUT_CALLBACK,"test, train"
P_00512,2,2,2,2,1,1,2,0,BENIGN,train
P_00514,1,1,1,1,0,1,1,0,MALIGNANT,test
P_00515,3,3,3,3,2,1,3,0,BENIGN,train
P_00516,2,2,2,2,1,1,2,0,MALIGNANT,test
P_00517,2,2,2,2,1,1,2,0,BENIGN_WITHOUT_CALLBACK,train
P_00518,2,2,2,2,1,1,2,0,BENIGN,train
P_00519,4,4,4,4,2,2,2,2,BENIGN_WITHOUT_CALLBACK; MALIGNANT,train
P_00520,2,2,2,2,1,1,0,2,BENIGN,train
P_00522,3,3,3,3,1,2,1,2,BENIGN,train
P_00523,2,2,2,2,1,1,0,2,MALIGNANT,train
P_00524,2,2,2,2,1,1,2,0,MALIGNANT,test
P_00526,2,2,2,2,1,1,2,0,MALIGNANT,train
P_00527,1,1,1,1,0,1,0,1,MALIGNANT,train
P_00528,4,3,4,4,1,3,4,0,BENIGN,train
P_00529,5,3,5,5,2,3,0,5,BENIGN_WITHOUT_CALLBACK,train
P_00530,2,2,2,2,1,1,0,2,MALIGNANT,train
P_00531,2,2,2,2,1,1,0,2,BENIGN,train
P_00532,1,1,1,1,1,0,1,0,BENIGN,train
P_00533,2,2,2,2,1,1,2,0,BENIGN_WITHOUT_CALLBACK,test
P_00534,4,4,4,4,2,2,2,2,BENIGN; MALIGNANT,train
P_00535,1,1,1,1,1,0,1,0,BENIGN,train
P_00537,1,1,1,1,0,1,0,1,MALIGNANT,test
P_00538,4,2,4,4,2,2,0,4,BENIGN_WITHOUT_CALLBACK,train
P_00539,8,4,8,8,4,4,2,6,MALIGNANT,train
P_00540,2,2,2,2,1,1,2,0,MALIGNANT,train
P_00543,2,2,2,2,1,1,2,0,MALIGNANT,train
P_00544,2,2,2,2,1,1,2,0,MALIGNANT,test
P_00545,1,1,1,1,0,1,1,0,MALIGNANT,train
P_00546,1,1,1,1,0,1,0,1,MALIGNANT,train
P_00548,6,2,6,6,3,3,0,6,BENIGN,train
P_00549,2,2,2,2,1,1,2,0,BENIGN,train
P_00550,1,1,1,1,0,1,1,0,BENIGN,train
P_00551,2,2,2,2,1,1,0,2,MALIGNANT,train
P_00552,1,1,1,1,0,1,0,1,MALIGNANT,train
P_00553,2,2,2,2,1,1,2,0,MALIGNANT,train
P_00554,2,2,2,2,1,1,2,0,MALIGNANT,train
P_00555,4,2,4,4,2,2,0,4,BENIGN_WITHOUT_CALLBACK,train
P_00556,2,2,2,2,1,1,0,2,BENIGN,train
P_00557,9,4,9,9,5,4,0,9,BENIGN; BENIGN_WITHOUT_CALLBACK,train
P_00558,3,2,3,3,1,2,0,3,BENIGN,train
P_00559,6,4,6,6,3,3,2,4,BENIGN; MALIGNANT,train
P_00560,1,1,1,1,0,1,1,0,BENIGN_WITHOUT_CALLBACK,train
P_00562,6,4,6,6,3,3,0,6,BENIGN_WITHOUT_CALLBACK,test
P_00563,1,1,1,1,0,1,0,1,MALIGNANT,train
P_00564,1,1,1,1,1,0,1,0,MALIGNANT,train
P_00566,2,2,2,2,1,1,2,0,MALIGNANT,train
P_00568,2,2,2,2,1,1,2,0,MALIGNANT,train
P_00569,2,2,2,2,1,1,2,0,BENIGN,train
P_00570,1,1,1,1,0,1,0,1,MALIGNANT,test
P_00571,2,2,2,2,1,1,0,2,BENIGN,train
P_00572,2,2,2,2,1,1,2,0,BENIGN,train
P_00573,4,3,4,4,1,3,2,2,MALIGNANT,train
P_00574,2,2,2,2,1,1,0,2,MALIGNANT,train
P_00575,1,1,1,1,0,1,1,0,MALIGNANT,train
P_00576,2,2,2,2,1,1,2,0,MALIGNANT,test
P_00577,2,2,2,2,1,1,2,0,MALIGNANT,train
P_00578,2,2,2,2,1,1,0,2,BENIGN,train
P_00579,1,1,1,1,0,1,0,1,BENIGN,test
P_00581,1,1,1,1,0,1,1,0,MALIGNANT,train
P_00582,1,1,1,1,0,1,0,1,MALIGNANT,train
P_00583,2,2,2,2,1,1,0,2,BENIGN,train
P_00584,2,2,2,2,1,1,1,1,MALIGNANT,train
P_00585,2,2,2,2,1,1,0,2,BENIGN,train
P_00586,3,2,3,3,1,2,3,0,MALIGNANT,train
P_00587,2,2,2,2,1,1,2,0,BENIGN,test
P_00589,2,2,2,2,1,1,0,2,BENIGN,test
P_00591,5,3,5,5,2,3,1,4,MALIGNANT,"test, train"
P_00592,2,2,2,2,1,1,2,0,BENIGN,train
P_00593,2,2,2,2,1,1,0,2,BENIGN,train
P_00594,2,2,2,2,1,1,0,2,MALIGNANT,train
P_00595,2,2,2,2,1,1,0,2,MALIGNANT,train
P_00596,4,4,4,4,2,2,4,0,BENIGN; MALIGNANT,train
P_00597,3,3,3,3,1,2,1,2,BENIGN,train
P_00598,2,2,2,2,1,1,2,0,MALIGNANT,test
P_00600,4,2,4,4,2,2,0,4,BENIGN; MALIGNANT,train
P_00601,4,4,4,4,2,2,2,2,BENIGN; MALIGNANT,"test, train"
P_00604,2,2,2,2,1,1,2,0,MALIGNANT,train
P_00605,1,1,1,1,0,1,1,0,MALIGNANT,train
P_00606,2,2,2,2,1,1,0,2,MALIGNANT,train
P_00607,2,2,2,2,1,1,2,0,MALIGNANT,train
P_00608,2,2,2,2,1,1,0,2,BENIGN,test
P_00609,2,2,2,2,1,1,0,2,MALIGNANT,train
P_00611,2,2,2,2,1,1,2,0,BENIGN,train
P_00612,1,1,1,1,0,1,1,0,BENIGN_WITHOUT_CALLBACK,test
P_00613,2,2,2,2,1,1,0,2,BENIGN_WITHOUT_CALLBACK,train
P_00615,2,2,2,2,1,1,2,0,BENIGN,test
P_00616,1,1,1,1,0,1,1,0,MALIGNANT,train
P_00617,1,1,1,1,0,1,1,0,BENIGN_WITHOUT_CALLBACK,train
P_00620,1,1,1,1,1,0,0,1,BENIGN,test
P_00621,2,2,2,2,1,1,0,2,BENIGN,train
P_00622,1,1,1,1,1,0,1,0,BENIGN,train
P_00623,2,2,2,2,1,1,2,0,BENIGN,test
P_00624,4,4,4,4,2,2,0,4,BENIGN,train
P_00625,1,1,1,1,0,1,0,1,BENIGN,train
P_00626,2,2,2,2,1,1,2,0,BENIGN,train
P_00627,1,1,1,1,1,0,0,1,BENIGN,train
P_00629,2,2,2,2,1,1,2,0,BENIGN,test
P_00630,2,2,2,2,1,1,2,0,BENIGN,train
P_00631,2,2,2,2,1,1,0,2,MALIGNANT,train
P_00633,1,1,1,1,0,1,0,1,BENIGN,train
P_00634,5,3,5,5,2,3,5,0,BENIGN; MALIGNANT,train
P_00635,6,4,6,6,3,3,0,6,BENIGN_WITHOUT_CALLBACK,train
P_00636,2,2,2,2,1,1,2,0,MALIGNANT,test
P_00637,1,1,1,1,1,0,1,0,MALIGNANT,train
P_00638,2,2,2,2,1,1,0,2,MALIGNANT,train
P_00639,3,3,3,3,1,2,1,2,BENIGN; MALIGNANT,"test, train"
P_00640,2,2,2,2,1,1,2,0,BENIGN,train
P_00641,2,2,2,2,1,1,2,0,MALIGNANT,test
P_00642,4,4,4,4,2,2,0,4,BENIGN,train
P_00643,2,2,2,2,1,1,0,2,MALIGNANT,test
P_00644,2,2,2,2,1,1,2,0,MALIGNANT,train
P_00645,1,1,1,1,0,1,0,1,BENIGN,train
P_00646,2,2,2,2,1,1,0,2,MALIGNANT,test
P_00647,2,2,2,2,1,1,0,2,BENIGN,train
P_00648,2,2,2,2,1,1,2,0,MALIGNANT,train
P_00649,2,2,2,2,1,1,0,2,BENIGN,test
P_00651,1,1,1,1,0,1,1,0,BENIGN,train
P_00652,3,3,3,3,2,1,1,2,BENIGN; MALIGNANT,"test, train"
P_00653,2,2,2,2,1,1,2,0,MALIGNANT,train
P_00654,2,2,2,2,1,1,0,2,MALIGNANT,train
P_00655,2,2,2,2,1,1,0,2,BENIGN,train
P_00656,1,1,1,1,0,1,1,0,MALIGNANT,test
P_00658,2,2,2,2,1,1,0,2,MALIGNANT,train
P_00659,1,1,1,1,0,1,1,0,BENIGN,train
P_00660,2,2,2,2,1,1,2,0,MALIGNANT,train
P_00661,2,2,2,2,1,1,2,0,MALIGNANT,train
P_00662,2,2,2,2,1,1,2,0,BENIGN,test
P_00663,2,2,2,2,1,1,0,2,BENIGN,test
P_00664,2,2,2,2,1,1,0,2,MALIGNANT,train
P_00665,1,1,1,1,0,1,1,0,MALIGNANT,train
P_00666,8,6,8,8,4,4,2,6,BENIGN; BENIGN_WITHOUT_CALLBACK,train
P_00667,2,2,2,2,1,1,0,2,MALIGNANT,train
P_00669,2,2,2,2,1,1,0,2,BENIGN,train
P_00670,2,2,2,2,1,1,2,0,BENIGN,train
P_00671,2,2,2,2,1,1,2,0,BENIGN,test
P_00673,5,3,5,5,0,5,3,2,BENIGN_WITHOUT_CALLBACK,train
P_00674,2,2,2,2,1,1,0,2,BENIGN_WITHOUT_CALLBACK,train
P_00675,2,2,2,2,1,1,2,0,BENIGN,train
P_00677,2,2,2,2,1,1,2,0,MALIGNANT,test
P_00678,3,3,3,3,2,1,2,1,MALIGNANT,"test, train"
P_00679,2,2,2,2,1,1,0,2,BENIGN,test
P_00680,4,4,4,4,2,2,0,4,BENIGN,train
P_00681,2,2,2,2,1,1,0,2,MALIGNANT,test
P_00682,2,2,2,2,1,1,0,2,BENIGN,train
P_00683,2,2,2,2,1,1,0,2,MALIGNANT,train
P_00684,2,2,2,2,1,1,0,2,MALIGNANT,train
P_00685,2,2,2,2,1,1,0,2,MALIGNANT,train
P_00686,1,1,1,1,0,1,0,1,MALIGNANT,test
P_00687,2,2,2,2,1,1,2,0,BENIGN,train
P_00690,1,1,1,1,0,1,1,0,MALIGNANT,train
P_00692,1,1,1,1,0,1,1,0,BENIGN,train
P_00693,2,2,2,2,1,1,0,2,MALIGNANT,train
P_00694,2,2,2,2,1,1,2,0,BENIGN,train
P_00695,2,2,2,2,1,1,2,0,MALIGNANT,train
P_00698,2,2,2,2,1,1,2,0,MALIGNANT,train
P_00699,2,2,2,2,1,1,2,0,BENIGN,test
P_00700,2,2,2,2,1,1,2,0,BENIGN,train
P_00701,2,2,2,2,1,1,0,2,BENIGN,train
P_00702,2,2,2,2,1,1,2,0,MALIGNANT,train
P_00703,2,2,2,2,1,1,2,0,BENIGN,train
P_00704,2,2,2,2,1,1,0,2,BENIGN,train
P_00705,4,2,4,4,2,2,0,4,BENIGN_WITHOUT_CALLBACK,train
P_00706,2,2,2,2,1,1,2,0,MALIGNANT,train
P_00707,2,2,2,2,1,1,2,0,BENIGN,test
P_00708,2,2,2,2,1,1,2,0,BENIGN_WITHOUT_CALLBACK,train
P_00709,2,2,2,2,1,1,0,2,BENIGN,train
P_00710,7,6,7,7,4,3,5,2,BENIGN; MALIGNANT,train
P_00711,4,4,4,4,2,2,4,0,BENIGN; MALIGNANT,train
P_00712,2,2,2,2,1,1,0,2,BENIGN,train
P_00713,1,1,1,1,1,0,0,1,BENIGN,train
P_00715,2,2,2,2,1,1,2,0,BENIGN,train
P_00716,1,1,1,1,0,1,1,0,MALIGNANT,train
P_00717,2,2,2,2,1,1,2,0,MALIGNANT,train
P_00718,1,1,1,1,0,1,1,0,BENIGN,test
P_00719,2,2,2,2,1,1,2,0,MALIGNANT,train
P_00720,1,1,1,1,0,1,1,0,MALIGNANT,train
P_00723,4,2,4,4,0,4,1,3,BENIGN,"test, train"
P_00725,2,2,2,2,1,1,0,2,BENIGN,train
P_00726,2,2,2,2,1,1,2,0,BENIGN,train
P_00728,2,2,2,2,1,1,2,0,MALIGNANT,train
P_00729,2,2,2,2,1,1,0,2,MALIGNANT,train
P_00730,1,1,1,1,1,0,1,0,MALIGNANT,train
P_00731,2,2,2,2,1,1,2,0,BENIGN,train
P_00732,2,2,2,2,1,1,2,0,MALIGNANT,train
P_00733,2,2,2,2,1,1,2,0,BENIGN,train
P_00734,3,3,3,3,1,2,1,2,MALIGNANT,train
P_00735,2,2,2,2,1,1,0,2,MALIGNANT,train
P_00736,2,2,2,2,1,1,0,2,MALIGNANT,train
P_00737,2,2,2,2,1,1,2,0,MALIGNANT,train
P_00738,2,2,2,2,1,1,2,0,BENIGN,test
P_00739,2,2,2,2,1,1,2,0,BENIGN,train
P_00741,2,2,2,2,1,1,2,0,MALIGNANT,test
P_00742,2,2,2,2,1,1,2,0,BENIGN,train
P_00743,2,2,2,2,1,1,0,2,BENIGN,train
P_00744,2,2,2,2,1,1,0,2,BENIGN_WITHOUT_CALLBACK,train
P_00746,2,2,2,2,1,1,2,0,MALIGNANT,train
P_00747,2,2,2,2,1,1,2,0,BENIGN_WITHOUT_CALLBACK,train
P_00750,6,4,6,6,3,3,0,6,BENIGN_WITHOUT_CALLBACK,train
P_00751,1,1,1,1,1,0,0,1,BENIGN,train
P_00753,4,4,4,4,2,2,2,2,BENIGN; MALIGNANT,"test, train"
P_00754,2,2,2,2,1,1,2,0,BENIGN,train
P_00757,1,1,1,1,0,1,0,1,BENIGN,train
P_00758,2,2,2,2,1,1,2,0,MALIGNANT,test
P_00759,4,2,4,4,2,2,0,4,MALIGNANT,train
P_00761,2,2,2,2,1,1,0,2,BENIGN,train
P_00764,2,2,2,2,1,1,2,0,BENIGN,train
P_00765,2,2,2,2,1,1,2,0,BENIGN,train
P_00766,2,2,2,2,1,1,2,0,BENIGN,test
P_00767,4,4,4,4,2,2,0,4,BENIGN_WITHOUT_CALLBACK,train
P_00768,2,2,2,2,1,1,0,2,BENIGN,train
P_00770,1,1,1,1,1,0,1,0,MALIGNANT,train
P_00771,2,2,2,2,1,1,0,2,BENIGN,train
P_00772,2,2,2,2,1,1,0,2,MALIGNANT,train
P_00773,2,2,2,2,1,1,2,0,MALIGNANT,test
P_00774,2,2,2,2,1,1,0,2,BENIGN,test
P_00775,2,2,2,2,1,1,2,0,BENIGN_WITHOUT_CALLBACK,train
P_00776,2,2,2,2,1,1,2,0,MALIGNANT,train
P_00778,6,4,6,6,3,3,4,2,BENIGN; MALIGNANT,train
P_00779,2,2,2,2,1,1,2,0,MALIGNANT,train
P_00780,14,4,14,14,7,7,0,14,BENIGN_WITHOUT_CALLBACK,train
P_00781,2,2,2,2,1,1,2,0,BENIGN,train
P_00782,1,1,1,1,1,0,1,0,MALIGNANT,train
P_00784,2,2,2,2,1,1,0,2,MALIGNANT,train
P_00787,2,2,2,2,1,1,0,2,MALIGNANT,train
P_00788,1,1,1,1,0,1,1,0,BENIGN,test
P_00789,1,1,1,1,0,1,0,1,BENIGN,test
P_00790,2,2,2,2,1,1,0,2,BENIGN,test
P_00792,2,2,2,2,1,1,0,2,BENIGN,train
P_00793,2,2,2,2,1,1,0,2,BENIGN,train
P_00794,2,2,2,2,1,1,2,0,BENIGN,train
P_00795,2,2,2,2,1,1,0,2,BENIGN_WITHOUT_CALLBACK,test
P_00797,6,4,6,6,3,3,6,0,BENIGN; MALIGNANT,train
P_00798,2,2,2,2,1,1,2,0,BENIGN,train
P_00799,4,4,4,4,2,2,0,4,BENIGN_WITHOUT_CALLBACK,train
P_00801,2,2,2,2,1,1,2,0,MALIGNANT,train
P_00802,4,2,4,4,1,3,4,0,MALIGNANT,train
P_00803,1,1,1,1,1,0,1,0,MALIGNANT,train
P_00806,2,2,2,2,1,1,0,2,BENIGN,train
P_00808,1,1,1,1,0,1,0,1,BENIGN,train
P_00809,2,2,2,2,1,1,0,2,MALIGNANT,train
P_00810,1,1,1,1,0,1,1,0,MALIGNANT,train
P_00811,1,1,1,1,1,0,0,1,BENIGN,test
P_00812,2,2,2,2,1,1,0,2,BENIGN_WITHOUT_CALLBACK,train
P_00813,1,1,1,1,0,1,1,0,MALIGNANT,test
P_00814,6,6,6,6,3,3,2,4,BENIGN,train
P_00815,2,2,2,2,1,1,2,0,MALIGNANT,train
P_00816,2,2,2,2,1,1,2,0,BENIGN,train
P_00818,2,2,2,2,1,1,2,0,MALIGNANT,train
P_00819,2,2,2,2,1,1,0,2,BENIGN,train
P_00820,4,4,4,4,2,2,4,0,BENIGN; MALIGNANT,test
P_00823,2,2,2,2,1,1,2,0,BENIGN,train
P_00824,2,2,2,2,1,1,0,2,BENIGN,train
P_00825,1,1,1,1,0,1,0,1,BENIGN,train
P_00826,2,2,2,2,1,1,2,0,BENIGN,train
P_00827,2,2,2,2,1,1,0,2,MALIGNANT,test
P_00828,1,1,1,1,1,0,1,0,MALIGNANT,train
P_00829,2,2,2,2,1,1,2,0,BENIGN,train
P_00831,1,1,1,1,0,1,1,0,MALIGNANT,train
P_00832,2,2,2,2,1,1,0,2,MALIGNANT,train
P_00833,2,2,2,2,1,1,0,2,BENIGN,train
P_00834,2,2,2,2,1,1,0,2,BENIGN,train
P_00835,2,2,2,2,1,1,0,2,MALIGNANT,train
P_00836,2,2,2,2,1,1,2,0,MALIGNANT,train
P_00837,2,2,2,2,1,1,2,0,BENIGN,test
P_00840,2,2,2,2,1,1,0,2,BENIGN_WITHOUT_CALLBACK,train
P_00841,2,2,2,2,1,1,2,0,BENIGN,train
P_00842,2,2,2,2,1,1,0,2,BENIGN,train
P_00843,2,2,2,2,1,1,0,2,BENIGN,test
P_00844,2,2,2,2,1,1,2,0,BENIGN,train
P_00845,1,1,1,1,1,0,1,0,MALIGNANT,train
P_00846,2,2,2,2,1,1,0,2,MALIGNANT,train
P_00847,3,3,3,3,1,2,1,2,BENIGN,train
P_00848,2,2,2,2,1,1,2,0,MALIGNANT,train
P_00849,2,2,2,2,1,1,2,0,MALIGNANT,train
P_00851,2,2,2,2,1,1,2,0,MALIGNANT,train
P_00852,2,2,2,2,1,1,0,2,MALIGNANT,train
P_00853,1,1,1,1,1,0,1,0,MALIGNANT,train
P_00854,2,2,2,2,1,1,0,2,BENIGN,train
P_00855,1,1,1,1,1,0,0,1,MALIGNANT,train
P_00856,1,1,1,1,0,1,0,1,MALIGNANT,train
P_00857,2,2,2,2,1,1,0,2,MALIGNANT,test
P_00858,6,4,6,6,3,3,0,6,BENIGN; BENIGN_WITHOUT_CALLBACK,train
P_00859,2,2,2,2,1,1,2,0,BENIGN,train
P_00861,2,2,2,2,1,1,0,2,MALIGNANT,train
P_00862,2,2,2,2,1,1,0,2,MALIGNANT,train
P_00863,2,2,2,2,1,1,2,0,BENIGN,train
P_00864,2,2,2,2,1,1,0,2,MALIGNANT,train
P_00865,2,1,2,2,0,2,2,0,MALIGNANT,train
P_00866,2,2,2,2,1,1,0,2,BENIGN,train
P_00868,2,2,2,2,1,1,0,2,BENIGN,train
P_00869,2,2,2,2,1,1,2,0,BENIGN,train
P_00870,2,2,2,2,1,1,2,0,MALIGNANT,train
P_00871,2,2,2,2,1,1,2,0,MALIGNANT,train
P_00875,2,2,2,2,1,1,2,0,MALIGNANT,test
P_00876,2,2,2,2,1,1,0,2,MALIGNANT,test
P_00877,4,2,4,4,2,2,0,4,BENIGN,train
P_00878,2,2,2,2,1,1,0,2,BENIGN_WITHOUT_CALLBACK,train
P_00879,2,2,2,2,1,1,0,2,MALIGNANT,test
P_00880,1,1,1,1,1,0,0,1,MALIGNANT,train
P_00881,2,2,2,2,1,1,2,0,MALIGNANT,train
P_00882,4,4,4,4,2,2,2,2,BENIGN,"test, train"
P_00883,2,2,2,2,1,1,0,2,MALIGNANT,train
P_00884,1,1,1,1,0,1,1,0,BENIGN_WITHOUT_CALLBACK,train
P_00886,2,2,2,2,1,1,2,0,MALIGNANT,train
P_00889,2,2,2,2,1,1,2,0,MALIGNANT,train
P_00890,1,1,1,1,0,1,0,1,MALIGNANT,train
P_00891,2,2,2,2,1,1,2,0,MALIGNANT,train
P_00892,2,2,2,2,1,1,2,0,MALIGNANT,train
P_00893,2,2,2,2,1,1,2,0,BENIGN_WITHOUT_CALLBACK,test
P_00894,1,1,1,1,0,1,1,0,BENIGN,train
P_00895,2,2,2,2,1,1,0,2,BENIGN_WITHOUT_CALLBACK,train
P_00896,1,1,1,1,1,0,1,0,BENIGN,train
P_00897,2,2,2,2,1,1,0,2,BENIGN,train
P_00898,1,1,1,1,1,0,1,0,MALIGNANT,train
P_00899,2,2,2,2,1,1,0,2,BENIGN,train
P_00900,1,1,1,1,0,1,1,0,MALIGNANT,train
P_00901,2,2,2,2,1,1,2,0,MALIGNANT,train
P_00902,2,2,2,2,1,1,2,0,MALIGNANT,train
P_00903,1,1,1,1,0,1,1,0,MALIGNANT,train
P_00905,2,2,2,2,1,1,0,2,BENIGN_WITHOUT_CALLBACK,test
P_00906,5,4,5,5,2,3,2,3,MALIGNANT,"test, train"
P_00909,1,1,1,1,0,1,0,1,BENIGN,train
P_00911,1,1,1,1,1,0,1,0,BENIGN,train
P_00912,2,2,2,2,1,1,0,2,BENIGN,train
P_00913,2,2,2,2,1,1,2,0,MALIGNANT,train
P_00914,6,2,6,6,3,3,6,0,MALIGNANT,train
P_00915,2,2,2,2,1,1,2,0,MALIGNANT,train
P_00916,1,1,1,1,0,1,0,1,MALIGNANT,train
P_00917,1,1,1,1,0,1,1,0,BENIGN,train
P_00919,2,2,2,2,1,1,0,2,MALIGNANT,test
P_00920,2,2,2,2,1,1,2,0,BENIGN,train
P_00921,1,1,1,1,1,0,1,0,MALIGNANT,train
P_00922,2,2,2,2,1,1,2,0,BENIGN,test
P_00923,2,2,2,2,1,1,0,2,BENIGN,train
P_00924,9,5,9,9,3,6,1,8,BENIGN_WITHOUT_CALLBACK,"test, train"
P_00925,2,2,2,2,1,1,0,2,MALIGNANT,train
P_00926,2,2,2,2,1,1,0,2,BENIGN,train
P_00927,2,2,2,2,1,1,2,0,BENIGN,train
P_00928,3,2,3,3,1,2,3,0,BENIGN_WITHOUT_CALLBACK,test
P_00929,2,2,2,2,1,1,2,0,MALIGNANT,train
P_00930,2,2,2,2,1,1,0,2,MALIGNANT,train
P_00931,2,2,2,2,1,1,2,0,MALIGNANT,train
P_00932,1,1,1,1,0,1,1,0,MALIGNANT,test
P_00933,2,2,2,2,1,1,0,2,MALIGNANT,train
P_00935,2,2,2,2,1,1,2,0,MALIGNANT,train
P_00937,6,4,6,6,3,3,0,6,BENIGN; MALIGNANT,train
P_00939,2,2,2,2,1,1,2,0,BENIGN,train
P_00941,1,1,1,1,0,1,1,0,BENIGN,train
P_00942,1,1,1,1,1,0,1,0,MALIGNANT,test
P_00944,2,2,2,2,1,1,0,2,BENIGN,train
P_00945,2,2,2,2,1,1,0,2,MALIGNANT,train
P_00947,2,2,2,2,1,1,2,0,MALIGNANT,test
P_00949,2,2,2,2,1,1,2,0,BENIGN,train
P_00950,1,1,1,1,1,0,1,0,MALIGNANT,train
P_00951,3,3,3,3,2,1,3,0,BENIGN_WITHOUT_CALLBACK; MALIGNANT,test
P_00952,2,2,2,2,1,1,2,0,BENIGN_WITHOUT_CALLBACK,train
P_00953,2,2,2,2,1,1,0,2,BENIGN,train
P_00954,2,2,2,2,1,1,0,2,MALIGNANT,train
P_00955,2,2,2,2,1,1,0,2,BENIGN,train
P_00956,1,1,1,1,0,1,0,1,BENIGN,train
P_00958,2,2,2,2,1,1,2,0,BENIGN,train
P_00959,1,1,1,1,0,1,1,0,MALIGNANT,train
P_00960,2,2,2,2,1,1,0,2,BENIGN,train
P_00961,1,1,1,1,0,1,1,0,MALIGNANT,train
P_00962,2,2,2,2,1,1,2,0,MALIGNANT,test
P_00963,2,2,2,2,1,1,2,0,BENIGN,train
P_00965,2,2,2,2,1,1,0,2,BENIGN,train
P_00966,1,1,1,1,0,1,1,0,BENIGN_WITHOUT_CALLBACK,test
P_00967,2,2,2,2,1,1,0,2,MALIGNANT,train
P_00968,2,2,2,2,1,1,2,0,MALIGNANT,train
P_00969,8,4,8,8,3,5,4,4,BENIGN; MALIGNANT,"test, train"
P_00970,1,1,1,1,0,1,1,0,BENIGN_WITHOUT_CALLBACK,train
P_00971,1,1,1,1,0,1,0,1,MALIGNANT,train
P_00972,2,2,2,2,1,1,2,0,MALIGNANT,train
P_00973,2,2,2,2,1,1,0,2,BENIGN,train
P_00974,2,2,2,2,1,1,0,2,MALIGNANT,test
P_00976,2,2,2,2,1,1,2,0,BENIGN,train
P_00977,1,1,1,1,0,1,0,1,BENIGN,train
P_00978,4,4,4,4,2,2,2,2,BENIGN; MALIGNANT,train
P_00979,2,2,2,2,1,1,2,0,BENIGN,test
P_00980,2,2,2,2,1,1,2,0,BENIGN,test
P_00981,2,2,2,2,1,1,0,2,MALIGNANT,train
P_00982,2,2,2,2,1,1,2,0,BENIGN,train
P_00983,1,1,1,1,1,0,0,1,MALIGNANT,train
P_00984,2,2,2,2,1,1,2,0,MALIGNANT,train
P_00985,2,2,2,2,1,1,2,0,MALIGNANT,test
P_00986,1,1,1,1,0,1,1,0,MALIGNANT,test
P_00987,2,2,2,2,1,1,2,0,MALIGNANT,test
P_00988,2,2,2,2,1,1,2,0,BENIGN,train
P_00989,3,2,3,3,2,1,0,3,MALIGNANT,train
P_00990,2,2,2,2,1,1,2,0,MALIGNANT,train
P_00991,2,2,2,2,1,1,0,2,BENIGN_WITHOUT_CALLBACK,train
P_00992,4,4,4,4,2,2,0,4,BENIGN_WITHOUT_CALLBACK; MALIGNANT,train
P_00993,2,2,2,2,1,1,0,2,MALIGNANT,train
P_00994,1,1,1,1,0,1,1,0,BENIGN,train
P_00995,2,2,2,2,1,1,2,0,MALIGNANT,train
P_00996,1,1,1,1,1,0,1,0,BENIGN,train
P_00997,2,2,2,2,1,1,2,0,MALIGNANT,train
P_00998,1,1,1,1,1,0,0,1,MALIGNANT,train
P_00999,2,2,2,2,1,1,2,0,MALIGNANT,train
P_01000,2,2,2,2,1,1,2,0,MALIGNANT,train
P_01002,2,2,2,2,1,1,0,2,MALIGNANT,train
P_01003,2,2,2,2,1,1,0,2,BENIGN_WITHOUT_CALLBACK,train
P_01004,4,2,4,4,2,2,0,4,BENIGN,test
P_01006,2,2,2,2,1,1,0,2,BENIGN,test
P_01008,2,2,2,2,1,1,2,0,MALIGNANT,train
P_01009,2,2,2,2,1,1,2,0,MALIGNANT,train
P_01010,1,1,1,1,0,1,0,1,BENIGN,train
P_01014,2,2,2,2,1,1,2,0,MALIGNANT,test
P_01015,2,2,2,2,1,1,0,2,MALIGNANT,train
P_01016,1,1,1,1,0,1,0,1,BENIGN,train
P_01018,1,1,1,1,0,1,1,0,BENIGN_WITHOUT_CALLBACK,train
P_01019,2,2,2,2,1,1,0,2,BENIGN,train
P_01022,2,2,2,2,1,1,0,2,BENIGN,test
P_01029,8,4,8,8,4,4,0,8,BENIGN_WITHOUT_CALLBACK,train
P_01030,4,2,4,4,2,2,0,4,BENIGN_WITHOUT_CALLBACK,test
P_01031,1,1,1,1,1,0,1,0,MALIGNANT,train
P_01032,1,1,1,1,1,0,1,0,BENIGN_WITHOUT_CALLBACK,train
P_01033,2,2,2,2,1,1,0,2,BENIGN,train
P_01034,7,4,7,7,3,4,2,5,BENIGN; MALIGNANT,train
P_01035,2,2,2,2,1,1,2,0,MALIGNANT,train
P_01036,1,1,1,1,0,1,1,0,BENIGN_WITHOUT_CALLBACK,train
P_01037,2,2,2,2,1,1,0,2,BENIGN,train
P_01039,12,3,12,12,6,6,12,0,BENIGN; MALIGNANT,train
P_01040,2,2,2,2,1,1,0,2,BENIGN,train
P_01041,2,2,2,2,1,1,0,2,MALIGNANT,train
P_01042,2,2,2,2,1,1,0,2,BENIGN,test
P_01043,2,2,2,2,1,1,0,2,MALIGNANT,train
P_01044,1,1,1,1,0,1,1,0,MALIGNANT,test
P_01045,2,2,2,2,1,1,0,2,MALIGNANT,train
P_01046,2,2,2,2,1,1,0,2,BENIGN,train
P_01047,2,2,2,2,1,1,2,0,MALIGNANT,train
P_01048,2,2,2,2,1,1,2,0,BENIGN,train
P_01049,2,2,2,2,1,1,0,2,BENIGN_WITHOUT_CALLBACK,train
P_01050,1,1,1,1,0,1,0,1,MALIGNANT,test
P_01051,2,2,2,2,1,1,2,0,BENIGN,train
P_01052,2,2,2,2,1,1,2,0,BENIGN,train
P_01053,2,2,2,2,1,1,0,2,BENIGN,train
P_01054,1,1,1,1,0,1,1,0,MALIGNANT,train
P_01056,2,2,2,2,1,1,0,2,BENIGN,train
P_01057,2,2,2,2,1,1,2,0,MALIGNANT,train
P_01058,2,2,2,2,1,1,0,2,MALIGNANT,test
P_01059,2,2,2,2,1,1,0,2,MALIGNANT,train
P_01060,2,2,2,2,1,1,0,2,MALIGNANT,train
P_01062,2,2,2,2,1,1,2,0,BENIGN,train
P_01063,1,1,1,1,0,1,0,1,BENIGN,train
P_01064,1,1,1,1,0,1,0,1,MALIGNANT,train
P_01065,2,2,2,2,1,1,0,2,MALIGNANT,train
P_01066,2,2,2,2,1,1,0,2,BENIGN,train
P_01067,2,2,2,2,1,1,0,2,MALIGNANT,test
P_01068,1,1,1,1,0,1,1,0,MALIGNANT,test
P_01069,4,4,4,4,2,2,0,4,BENIGN_WITHOUT_CALLBACK,train
P_01070,2,2,2,2,1,1,2,0,MALIGNANT,train
P_01071,2,2,2,2,1,1,2,0,MALIGNANT,train
P_01072,2,2,2,2,1,1,0,2,MALIGNANT,train
P_01073,2,2,2,2,1,1,0,2,BENIGN,train
P_01076,2,2,2,2,1,1,2,0,MALIGNANT,train
P_01077,1,1,1,1,1,0,1,0,BENIGN,train
P_01079,2,2,2,2,1,1,2,0,MALIGNANT,train
P_01082,1,1,1,1,0,1,1,0,BENIGN,train
P_01083,1,1,1,1,0,1,1,0,MALIGNANT,train
P_01084,5,4,5,5,2,3,2,3,MALIGNANT,train
P_01086,1,1,1,1,0,1,1,0,MALIGNANT,train
P_01087,1,1,1,1,1,0,0,1,MALIGNANT,train
P_01088,2,2,2,2,1,1,2,0,MALIGNANT,train
P_01090,8,3,8,8,3,5,8,0,BENIGN,test
P_01091,1,1,1,1,0,1,0,1,MALIGNANT,train
P_01092,2,2,2,2,1,1,0,2,MALIGNANT,test
P_01093,2,2,2,2,1,1,2,0,MALIGNANT,train
P_01094,2,2,2,2,1,1,0,2,BENIGN,train
P_01095,2,2,2,2,1,1,0,2,BENIGN,train
P_01097,2,2,2,2,1,1,2,0,MALIGNANT,train
P_01099,16,4,16,16,10,6,0,16,BENIGN_WITHOUT_CALLBACK,train
P_01100,2,2,2,2,1,1,0,2,MALIGNANT,train
P_01101,1,1,1,1,1,0,1,0,BENIGN,test
P_01102,2,2,2,2,1,1,0,2,BENIGN,train
P_01103,6,2,6,6,3,3,6,0,BENIGN; MALIGNANT,train
P_01104,1,1,1,1,0,1,1,0,BENIGN,train
P_01106,1,1,1,1,0,1,1,0,BENIGN,test
P_01107,1,1,1,1,1,0,0,1,BENIGN,train
P_01108,4,4,4,4,2,2,2,2,BENIGN; MALIGNANT,"test, train"
P_01109,1,1,1,1,0,1,1,0,MALIGNANT,train
P_01110,1,1,1,1,1,0,1,0,MALIGNANT,test
P_01111,2,2,2,2,1,1,0,2,BENIGN,train
P_01112,2,2,2,2,1,1,2,0,BENIGN,train
P_01114,1,1,1,1,0,1,1,0,MALIGNANT,test
P_01115,2,2,2,2,1,1,2,0,BENIGN,train
P_01116,2,2,2,2,1,1,0,2,MALIGNANT,train
P_01118,2,2,2,2,1,1,2,0,BENIGN,train
P_01119,2,2,2,2,1,1,2,0,MALIGNANT,test
P_01120,2,2,2,2,1,1,2,0,MALIGNANT,train
P_01121,1,1,1,1,1,0,0,1,BENIGN,train
P_01122,1,1,1,1,0,1,0,1,MALIGNANT,train
P_01123,2,2,2,2,1,1,2,0,BENIGN,train
P_01124,2,2,2,2,1,1,2,0,BENIGN,train
P_01126,2,2,2,2,1,1,0,2,MALIGNANT,train
P_01127,2,2,2,2,1,1,0,2,MALIGNANT,train
P_01128,2,2,2,2,1,1,0,2,MALIGNANT,train
P_01129,2,2,2,2,1,1,0,2,MALIGNANT,train
P_01130,2,2,2,2,1,1,2,0,MALIGNANT,train
P_01131,2,2,2,2,1,1,2,0,BENIGN,train
P_01132,1,1,1,1,0,1,0,1,BENIGN,test
P_01133,1,1,1,1,1,0,1,0,BENIGN_WITHOUT_CALLBACK,train
P_01134,2,2,2,2,1,1,2,0,MALIGNANT,train
P_01135,2,2,2,2,1,1,0,2,MALIGNANT,train
P_01136,2,2,2,2,1,1,0,2,MALIGNANT,train
P_01137,2,2,2,2,1,1,0,2,BENIGN,train
P_01138,2,2,2,2,1,1,2,0,MALIGNANT,train
P_01139,2,2,2,2,1,1,0,2,BENIGN,train
P_01140,2,2,2,2,1,1,2,0,MALIGNANT,test
P_01142,2,2,2,2,1,1,2,0,BENIGN_WITHOUT_CALLBACK,train
P_01143,1,1,1,1,1,0,0,1,MALIGNANT,train
P_01144,2,2,2,2,1,1,2,0,MALIGNANT,train
P_01145,1,1,1,1,0,1,1,0,BENIGN_WITHOUT_CALLBACK,test
P_01146,1,1,1,1,1,0,1,0,BENIGN,train
P_01148,1,1,1,1,0,1,0,1,MALIGNANT,test
P_01149,2,2,2,2,1,1,2,0,MALIGNANT,train
P_01150,2,2,2,2,1,1,2,0,BENIGN,train
P_01151,2,2,2,2,1,1,2,0,MALIGNANT,train
P_01152,6,4,6,6,3,3,4,2,BENIGN,"test, train"
P_01153,1,1,1,1,1,0,1,0,BENIGN,train
P_01154,2,2,2,2,1,1,0,2,MALIGNANT,test
P_01155,2,2,2,2,1,1,2,0,MALIGNANT,train
P_01156,4,4,4,4,2,2,0,4,BENIGN; MALIGNANT,train
P_01157,2,2,2,2,1,1,0,2,MALIGNANT,test
P_01158,2,2,2,2,1,1,2,0,BENIGN,train
P_01159,2,2,2,2,1,1,0,2,BENIGN,train
P_01160,5,4,5,5,3,2,0,5,BENIGN,train
P_01161,2,2,2,2,1,1,0,2,MALIGNANT,train
P_01162,2,2,2,2,1,1,2,0,BENIGN,train
P_01163,2,2,2,2,1,1,2,0,MALIGNANT,train
P_01164,2,2,2,2,1,1,2,0,BENIGN,train
P_01165,3,3,3,3,2,1,3,0,BENIGN_WITHOUT_CALLBACK; MALIGNANT,train
P_01166,2,2,2,2,1,1,0,2,MALIGNANT,train
P_01167,1,1,1,1,0,1,1,0,MALIGNANT,test
P_01169,6,2,6,6,3,3,0,6,BENIGN_WITHOUT_CALLBACK,train
P_01170,2,2,2,2,1,1,0,2,BENIGN,train
P_01171,2,2,2,2,1,1,2,0,BENIGN,train
P_01172,2,2,2,2,1,1,0,2,BENIGN,train
P_01173,2,2,2,2,1,1,2,0,MALIGNANT,train
P_01175,3,3,3,3,1,2,3,0,BENIGN_WITHOUT_CALLBACK,train
P_01178,2,2,2,2,1,1,2,0,BENIGN,train
P_01179,3,3,3,3,1,2,2,1,MALIGNANT,"test, train"
P_01180,2,2,2,2,1,1,0,2,MALIGNANT,train
P_01181,2,2,2,2,1,1,2,0,BENIGN,train
P_01182,2,2,2,2,1,1,2,0,BENIGN,train
P_01183,2,2,2,2,1,1,2,0,BENIGN,test
P_01184,2,2,2,2,1,1,0,2,BENIGN,train
P_01185,2,2,2,2,1,1,2,0,BENIGN_WITHOUT_CALLBACK,train
P_01186,2,2,2,2,1,1,0,2,BENIGN,train
P_01187,1,1,1,1,0,1,1,0,BENIGN,test
P_01188,2,2,2,2,1,1,0,2,MALIGNANT,train
P_01189,2,2,2,2,1,1,2,0,MALIGNANT,train
P_01190,2,2,2,2,1,1,2,0,MALIGNANT,train
P_01192,2,2,2,2,1,1,2,0,BENIGN,test
P_01193,1,1,1,1,1,0,0,1,MALIGNANT,train
P_01194,1,1,1,1,0,1,1,0,BENIGN,train
P_01196,1,1,1,1,0,1,0,1,MALIGNANT,train
P_01197,2,2,2,2,1,1,0,2,MALIGNANT,train
P_01198,2,2,2,2,1,1,0,2,MALIGNANT,train
P_01200,3,3,3,3,1,2,0,3,BENIGN; BENIGN_WITHOUT_CALLBACK,train
P_01201,2,2,2,2,1,1,2,0,MALIGNANT,train
P_01203,2,2,2,2,1,1,2,0,BENIGN,train
P_01204,2,2,2,2,1,1,2,0,MALIGNANT,test
P_01205,2,2,2,2,1,1,0,2,BENIGN,train
P_01206,2,2,2,2,1,1,2,0,MALIGNANT,train
P_01207,1,1,1,1,0,1,1,0,BENIGN_WITHOUT_CALLBACK,train
P_01209,1,1,1,1,1,0,1,0,BENIGN,train
P_01210,1,1,1,1,0,1,1,0,MALIGNANT,test
P_01211,6,4,6,6,3,3,0,6,BENIGN_WITHOUT_CALLBACK,test
P_01212,2,2,2,2,1,1,2,0,BENIGN,train
P_01213,2,2,2,2,1,1,2,0,MALIGNANT,test
P_01215,2,2,2,2,1,1,2,0,BENIGN,train
P_01216,2,2,2,2,1,1,2,0,BENIGN,train
P_01217,2,2,2,2,1,1,0,2,MALIGNANT,test
P_01218,2,2,2,2,1,1,2,0,MALIGNANT,train
P_01219,2,2,2,2,1,1,0,2,BENIGN,train
P_01220,2,2,2,2,1,1,0,2,MALIGNANT,train
P_01221,2,2,2,2,1,1,2,0,MALIGNANT,train
P_01222,1,1,1,1,0,1,1,0,MALIGNANT,train
P_01224,2,2,2,2,1,1,0,2,BENIGN_WITHOUT_CALLBACK,test
P_01225,2,2,2,2,1,1,2,0,BENIGN,train
P_01226,1,1,1,1,0,1,1,0,BENIGN,train
P_01227,2,2,2,2,1,1,0,2,BENIGN,train
P_01229,2,2,2,2,1,1,0,2,MALIGNANT,train
P_01230,1,1,1,1,0,1,1,0,MALIGNANT,train
P_01231,2,2,2,2,1,1,2,0,BENIGN_WITHOUT_CALLBACK,train
P_01232,2,2,2,2,1,1,2,0,MALIGNANT,train
P_01233,2,2,2,2,1,1,2,0,BENIGN,train
P_01234,2,2,2,2,1,1,0,2,MALIGNANT,train
P_01235,1,1,1,1,0,1,1,0,MALIGNANT,test
P_01237,3,3,3,3,1,2,1,2,BENIGN,"test, train"
P_01238,2,2,2,2,1,1,2,0,BENIGN,train
P_01239,1,1,1,1,1,0,1,0,BENIGN,train
P_01240,1,1,1,1,0,1,0,1,BENIGN,train
P_01241,2,2,2,2,1,1,2,0,MALIGNANT,train
P_01243,2,2,2,2,1,1,2,0,BENIGN,train
P_01246,1,1,1,1,0,1,0,1,BENIGN,train
P_01248,2,2,2,2,1,1,2,0,MALIGNANT,train
P_01249,2,2,2,2,1,1,0,2,BENIGN,train
P_01250,4,4,4,4,2,2,2,2,BENIGN; MALIGNANT,train
P_01251,2,2,2,2,1,1,2,0,BENIGN,test
P_01252,2,2,2,2,1,1,0,2,MALIGNANT,train
P_01253,2,2,2,2,1,1,0,2,MALIGNANT,test
P_01254,2,2,2,2,1,1,2,0,BENIGN,test
P_01255,2,2,2,2,1,1,0,2,BENIGN,train
P_01256,2,2,2,2,1,1,0,2,BENIGN,train
P_01257,2,2,2,2,1,1,2,0,BENIGN,test
P_01258,1,1,1,1,1,0,1,0,MALIGNANT,train
P_01259,2,2,2,2,1,1,0,2,MALIGNANT,train
P_01260,1,1,1,1,0,1,1,0,MALIGNANT,train
P_01261,2,2,2,2,1,1,2,0,MALIGNANT,train
P_01262,8,4,8,8,4,4,3,5,MALIGNANT,train
P_01264,2,2,2,2,0,2,1,1,BENIGN; MALIGNANT,train
P_01265,2,2,2,2,1,1,2,0,BENIGN,train
P_01267,1,1,1,1,0,1,1,0,BENIGN,train
P_01268,2,2,2,2,1,1,2,0,BENIGN,train
P_01270,5,4,5,5,2,3,5,0,BENIGN; MALIGNANT,train
P_01271,2,2,2,2,1,1,2,0,BENIGN,train
P_01272,4,2,4,4,2,2,0,4,BENIGN,test
P_01273,6,2,6,6,3,3,6,0,BENIGN,train
P_01274,7,5,7,7,3,4,1,6,BENIGN_WITHOUT_CALLBACK,train
P_01275,2,2,2,2,1,1,0,2,BENIGN,train
P_01276,6,4,6,6,3,3,0,6,BENIGN; BENIGN_WITHOUT_CALLBACK,train
P_01277,2,2,2,2,1,1,2,0,MALIGNANT,test
P_01279,1,1,1,1,1,0,1,0,BENIGN,train
P_01280,2,2,2,2,1,1,2,0,BENIGN,train
P_01281,1,1,1,1,0,1,1,0,MALIGNANT,train
P_01283,1,1,1,1,0,1,1,0,BENIGN,train
P_01284,2,1,2,2,0,2,0,2,BENIGN; MALIGNANT,train
P_01285,2,2,2,2,1,1,2,0,BENIGN,train
P_01286,2,2,2,2,1,1,0,2,MALIGNANT,train
P_01288,1,1,1,1,0,1,0,1,BENIGN,train
P_01290,1,1,1,1,1,0,1,0,MALIGNANT,train
P_01291,2,2,2,2,1,1,0,2,MALIGNANT,train
P_01292,6,2,6,6,3,3,0,6,BENIGN,train
P_01293,2,2,2,2,1,1,0,2,BENIGN,train
P_01294,2,2,2,2,1,1,2,0,MALIGNANT,test
P_01296,2,2,2,2,1,1,0,2,MALIGNANT,train
P_01297,4,4,4,4,2,2,2,2,BENIGN; MALIGNANT,train
P_01298,2,2,2,2,1,1,2,0,MALIGNANT,test
P_01299,1,1,1,1,0,1,1,0,BENIGN,train
P_01300,5,2,5,5,2,3,0,5,MALIGNANT,train
P_01301,2,2,2,2,1,1,2,0,BENIGN,train
P_01302,2,2,2,2,1,1,2,0,MALIGNANT,train
P_01303,2,2,2,2,1,1,0,2,MALIGNANT,test
P_01304,2,2,2,2,1,1,2,0,MALIGNANT,train
P_01305,2,2,2,2,1,1,2,0,BENIGN,train
P_01306,6,4,6,6,3,3,0,6,BENIGN_WITHOUT_CALLBACK,train
P_01307,4,4,4,4,2,2,2,2,BENIGN; MALIGNANT,"test, train"
P_01308,1,1,1,1,0,1,0,1,BENIGN,test
P_01309,2,2,2,2,1,1,0,2,MALIGNANT,train
P_01312,1,1,1,1,1,0,1,0,MALIGNANT,train
P_01313,2,2,2,2,1,1,0,2,MALIGNANT,train
P_01314,2,2,2,2,1,1,0,2,BENIGN,train
P_01315,2,2,2,2,1,1,0,2,MALIGNANT,train
P_01316,2,2,2,2,1,1,2,0,BENIGN,test
P_01317,1,1,1,1,0,1,1,0,BENIGN_WITHOUT_CALLBACK,train
P_01318,1,1,1,1,0,1,0,1,BENIGN,test
P_01319,2,2,2,2,1,1,0,2,BENIGN,train
P_01320,1,1,1,1,0,1,0,1,BENIGN,test
P_01321,5,2,5,5,2,3,0,5,MALIGNANT,train
P_01322,2,2,2,2,1,1,2,0,BENIGN,test
P_01323,2,2,2,2,1,1,2,0,MALIGNANT,test
P_01324,2,2,2,2,1,1,2,0,MALIGNANT,train
P_01325,1,1,1,1,0,1,1,0,MALIGNANT,train
P_01326,2,2,2,2,1,1,2,0,MALIGNANT,train
P_01327,1,1,1,1,0,1,1,0,BENIGN,train
P_01328,2,2,2,2,1,1,2,0,MALIGNANT,train
P_01330,1,1,1,1,0,1,1,0,BENIGN_WITHOUT_CALLBACK,train
P_01331,2,2,2,2,1,1,2,0,BENIGN_WITHOUT_CALLBACK,test
P_01332,2,2,2,2,1,1,2,0,BENIGN_WITHOUT_CALLBACK,train
P_01333,2,2,2,2,1,1,2,0,MALIGNANT,test
P_01334,4,2,4,4,2,2,0,4,BENIGN,train
P_01336,10,4,10,10,5,5,0,10,BENIGN_WITHOUT_CALLBACK,train
P_01337,2,2,2,2,1,1,0,2,BENIGN,train
P_01338,2,2,2,2,1,1,0,2,BENIGN,train
P_01339,2,2,2,2,1,1,0,2,MALIGNANT,train
P_01340,1,1,1,1,1,0,1,0,BENIGN,train
P_01342,2,2,2,2,1,1,0,2,MALIGNANT,train
P_01343,4,2,4,4,2,2,4,0,MALIGNANT,train
P_01345,1,1,1,1,1,0,0,1,MALIGNANT,train
P_01346,2,2,2,2,1,1,0,2,MALIGNANT,train
P_01347,2,2,2,2,1,1,2,0,MALIGNANT,test
P_01348,1,1,1,1,0,1,1,0,MALIGNANT,test
P_01349,1,1,1,1,0,1,1,0,BENIGN,train
P_01350,2,2,2,2,1,1,2,0,MALIGNANT,train
P_01351,1,1,1,1,1,0,1,0,MALIGNANT,test
P_01352,2,2,2,2,1,1,0,2,BENIGN_WITHOUT_CALLBACK,test
P_01353,2,2,2,2,1,1,0,2,BENIGN,test
P_01354,1,1,1,1,0,1,1,0,BENIGN,train
P_01355,1,1,1,1,0,1,1,0,MALIGNANT,train
P_01356,2,2,2,2,1,1,2,0,MALIGNANT,train
P_01357,1,1,1,1,0,1,1,0,MALIGNANT,train
P_01358,2,2,2,2,1,1,0,2,MALIGNANT,train
P_01359,2,2,2,2,1,1,0,2,MALIGNANT,train
P_01360,2,2,2,2,1,1,2,0,MALIGNANT,train
P_01361,2,2,2,2,1,1,0,2,MALIGNANT,train
P_01362,3,3,3,3,1,2,1,2,BENIGN,train
P_01363,2,2,2,2,1,1,2,0,BENIGN,train
P_01364,2,2,2,2,1,1,2,0,MALIGNANT,train
P_01365,3,3,3,3,2,1,1,2,BENIGN_WITHOUT_CALLBACK; MALIGNANT,"test, train"
P_01366,1,1,1,1,0,1,0,1,BENIGN,train
P_01367,1,1,1,1,0,1,1,0,BENIGN,train
P_01369,1,1,1,1,0,1,0,1,BENIGN,train
P_01370,2,2,2,2,1,1,0,2,MALIGNANT,train
P_01371,2,2,2,2,1,1,2,0,MALIGNANT,train
P_01373,2,2,2,2,1,1,2,0,MALIGNANT,train
P_01374,2,2,2,2,1,1,2,0,MALIGNANT,train
P_01375,2,2,2,2,1,1,0,2,BENIGN,train
P_01378,3,3,3,3,2,1,3,0,BENIGN,test
P_01379,2,2,2,2,1,1,2,0,MALIGNANT,train
P_01381,2,2,2,2,1,1,2,0,BENIGN_WITHOUT_CALLBACK,test
P_01382,2,2,2,2,1,1,2,0,BENIGN,train
P_01383,2,2,2,2,1,1,2,0,MALIGNANT,train
P_01384,1,1,1,1,0,1,0,1,MALIGNANT,train
P_01385,2,2,2,2,1,1,0,2,BENIGN,train
P_01386,1,1,1,1,1,0,1,0,BENIGN_WITHOUT_CALLBACK,train
P_01387,2,2,2,2,1,1,0,2,BENIGN,train
P_01388,2,2,2,2,1,1,2,0,BENIGN,train
P_01389,2,2,2,2,1,1,2,0,BENIGN,train
P_01390,4,2,4,4,2,2,0,4,MALIGNANT,test
P_01391,1,1,1,1,1,0,1,0,MALIGNANT,train
P_01392,2,2,2,2,1,1,0,2,BENIGN,train
P_01394,6,4,6,6,3,3,6,0,MALIGNANT,train
P_01395,2,2,2,2,1,1,2,0,BENIGN,test
P_01397,2,2,2,2,1,1,0,2,MALIGNANT,train
P_01398,2,2,2,2,1,1,2,0,BENIGN_WITHOUT_CALLBACK,train
P_01399,2,2,2,2,1,1,0,2,BENIGN,test
P_01400,2,2,2,2,1,1,0,2,MALIGNANT,train
P_01401,2,2,2,2,1,1,0,2,BENIGN,train
P_01402,1,1,1,1,0,1,1,0,MALIGNANT,train
P_01405,2,2,2,2,1,1,2,0,MALIGNANT,train
P_01406,3,3,3,3,1,2,1,2,BENIGN; BENIGN_WITHOUT_CALLBACK,train
P_01407,4,4,4,4,2,2,0,4,BENIGN; BENIGN_WITHOUT_CALLBACK,test
P_01408,11,2,11,11,6,5,0,11,BENIGN_WITHOUT_CALLBACK,train
P_01409,6,4,6,6,3,3,0,6,BENIGN; BENIGN_WITHOUT_CALLBACK,train
P_01410,2,2,2,2,1,1,0,2,BENIGN,train
P_01411,1,1,1,1,0,1,1,0,MALIGNANT,train
P_01412,2,2,2,2,1,1,2,0,MALIGNANT,train
P_01413,2,2,2,2,1,1,2,0,MALIGNANT,train
P_01414,2,2,2,2,1,1,0,2,BENIGN,test
P_01415,1,1,1,1,0,1,0,1,BENIGN,test
P_01416,2,2,2,2,1,1,2,0,BENIGN,test
P_01417,1,1,1,1,0,1,1,0,BENIGN,train
P_01418,2,2,2,2,1,1,2,0,MALIGNANT,train
P_01419,2,2,2,2,1,1,0,2,MALIGNANT,test
P_01420,2,2,2,2,1,1,0,2,MALIGNANT,train
P_01422,2,2,2,2,1,1,0,2,BENIGN,train
P_01423,2,2,2,2,1,1,2,0,BENIGN,train
P_01424,2,2,2,2,1,1,0,2,MALIGNANT,train
P_01425,2,2,2,2,1,1,0,2,MALIGNANT,test
P_01426,2,2,2,2,1,1,2,0,MALIGNANT,train
P_01427,1,1,1,1,0,1,1,0,MALIGNANT,train
P_01430,1,1,1,1,0,1,1,0,MALIGNANT,train
P_01431,1,1,1,1,0,1,1,0,BENIGN,train
P_01433,2,2,2,2,1,1,2,0,MALIGNANT,train
P_01434,2,2,2,2,1,1,2,0,MALIGNANT,train
P_01435,5,2,5,5,2,3,0,5,BENIGN_WITHOUT_CALLBACK,train
P_01436,2,2,2,2,1,1,0,2,BENIGN,train
P_01437,24,4,24,24,12,12,0,24,BENIGN_WITHOUT_CALLBACK,train
P_01438,1,1,1,1,0,1,1,0,MALIGNANT,train
P_01439,2,2,2,2,1,1,2,0,BENIGN,train
P_01440,6,4,6,6,3,3,0,6,BENIGN_WITHOUT_CALLBACK,train
P_01441,2,2,2,2,1,1,2,0,MALIGNANT,train
P_01442,2,2,2,2,1,1,2,0,BENIGN,train
P_01443,2,2,2,2,1,1,0,2,MALIGNANT,train
P_01444,1,1,1,1,0,1,1,0,MALIGNANT,train
P_01445,2,2,2,2,1,1,2,0,MALIGNANT,train
P_01446,1,1,1,1,0,1,0,1,BENIGN,train
P_01447,2,2,2,2,1,1,2,0,BENIGN,train
P_01451,2,2,2,2,1,1,0,2,BENIGN,train
P_01452,1,1,1,1,1,0,1,0,BENIGN,train
P_01453,1,1,1,1,0,1,1,0,BENIGN,train
P_01454,2,2,2,2,0,2,1,1,MALIGNANT,train
P_01455,2,2,2,2,1,1,0,2,MALIGNANT,train
P_01456,4,2,4,4,2,2,0,4,MALIGNANT,train
P_01457,6,4,6,6,3,3,0,6,BENIGN_WITHOUT_CALLBACK,train
P_01458,2,2,2,2,1,1,0,2,BENIGN_WITHOUT_CALLBACK,train
P_01459,2,2,2,2,1,1,0,2,MALIGNANT,train
P_01460,6,4,6,6,2,4,0,6,BENIGN_WITHOUT_CALLBACK,test
P_01461,2,2,2,2,1,1,2,0,MALIGNANT,train
P_01462,2,2,2,2,1,1,0,2,BENIGN_WITHOUT_CALLBACK,train
P_01465,1,1,1,1,0,1,0,1,BENIGN,test
P_01467,3,3,3,3,2,1,1,2,MALIGNANT,"test, train"
P_01471,2,2,2,2,1,1,0,2,MALIGNANT,test
P_01472,1,1,1,1,0,1,0,1,MALIGNANT,train
P_01473,1,1,1,1,0,1,1,0,BENIGN,train
P_01474,2,2,2,2,1,1,2,0,MALIGNANT,train
P_01475,2,2,2,2,1,1,2,0,BENIGN,train
P_01476,2,2,2,2,1,1,0,2,BENIGN,test
P_01477,1,1,1,1,1,0,1,0,BENIGN,test
P_01478,2,2,2,2,1,1,0,2,BENIGN,train
P_01481,2,2,2,2,1,1,2,0,MALIGNANT,train
P_01482,2,2,2,2,1,1,2,0,BENIGN,train
P_01483,2,2,2,2,1,1,0,2,MALIGNANT,test
P_01484,1,1,1,1,0,1,1,0,BENIGN,train
P_01485,2,2,2,2,1,1,2,0,BENIGN,train
P_01486,2,2,2,2,1,1,2,0,BENIGN,train
P_01487,1,1,1,1,0,1,0,1,BENIGN_WITHOUT_CALLBACK,train
P_01488,2,2,2,2,1,1,0,2,BENIGN,train
P_01489,1,1,1,1,0,1,1,0,MALIGNANT,test
P_01490,2,2,2,2,1,1,0,2,BENIGN,test
P_01491,1,1,1,1,0,1,1,0,MALIGNANT,train
P_01493,1,1,1,1,1,0,1,0,MALIGNANT,train
P_01494,3,2,3,3,1,2,3,0,MALIGNANT,train
P_01495,1,1,1,1,0,1,1,0,BENIGN,train
P_01497,3,3,3,3,1,2,0,3,BENIGN,train
P_01498,1,1,1,1,0,1,1,0,BENIGN_WITHOUT_CALLBACK,train
P_01499,2,2,2,2,1,1,2,0,BENIGN,train
P_01501,2,2,2,2,1,1,2,0,MALIGNANT,train
P_01502,4,4,4,4,2,2,2,2,BENIGN; MALIGNANT,test
P_01503,2,2,2,2,1,1,2,0,BENIGN,train
P_01504,2,2,2,2,1,1,2,0,MALIGNANT,train
P_01505,2,2,2,2,1,1,0,2,MALIGNANT,train
P_01506,2,2,2,2,1,1,2,0,MALIGNANT,train
P_01508,1,1,1,1,0,1,1,0,BENIGN,train
P_01509,2,2,2,2,1,1,2,0,MALIGNANT,train
P_01510,2,2,2,2,1,1,2,0,BENIGN,test
P_01512,2,2,2,2,1,1,2,0,BENIGN,test
P_01513,2,2,2,2,1,1,0,2,BENIGN,train
P_01514,2,2,2,2,1,1,2,0,MALIGNANT,train
P_01516,2,2,2,2,1,1,2,0,BENIGN,train
P_01517,2,2,2,2,0,2,1,1,MALIGNANT,train
P_01518,2,2,2,2,1,1,2,0,BENIGN,test
P_01522,2,2,2,2,1,1,0,2,BENIGN,train
P_01523,1,1,1,1,0,1,0,1,BENIGN,test
P_01524,2,2,2,2,1,1,0,2,MALIGNANT,train
P_01526,2,2,2,2,1,1,0,2,MALIGNANT,train
P_01529,2,2,2,2,1,1,2,0,MALIGNANT,train
P_01531,1,1,1,1,0,1,1,0,BENIGN_WITHOUT_CALLBACK,train
P_01532,2,2,2,2,1,1,2,0,BENIGN,train
P_01534,4,4,4,4,2,2,2,2,MALIGNANT,test
P_01535,2,2,2,2,1,1,0,2,BENIGN,test
P_01536,2,2,2,2,1,1,0,2,MALIGNANT,test
P_01537,1,1,1,1,1,0,0,1,MALIGNANT,train
P_01538,2,1,2,2,0,2,0,2,MALIGNANT,test
P_01539,2,2,2,2,1,1,2,0,BENIGN,test
P_01540,2,2,2,2,1,1,2,0,MALIGNANT,train
P_01543,2,2,2,2,1,1,2,0,BENIGN,train
P_01544,2,2,2,2,1,1,2,0,MALIGNANT,train
P_01545,2,2,2,2,1,1,0,2,MALIGNANT,train
P_01546,2,2,2,2,1,1,2,0,MALIGNANT,test
P_01547,2,2,2,2,1,1,0,2,BENIGN,test
P_01548,2,2,2,2,1,1,0,2,MALIGNANT,train
P_01549,2,2,2,2,1,1,0,2,MALIGNANT,train
P_01551,2,2,2,2,1,1,2,0,BENIGN,test
P_01553,1,1,1,1,0,1,1,0,MALIGNANT,train
P_01556,1,1,1,1,1,0,1,0,MALIGNANT,train
P_01557,2,2,2,2,1,1,2,0,BENIGN,train
P_01558,2,2,2,2,1,1,2,0,MALIGNANT,test
P_01559,1,1,1,1,0,1,1,0,MALIGNANT,train
P_01560,2,2,2,2,1,1,2,0,BENIGN,train
P_01561,2,2,2,2,1,1,0,2,MALIGNANT,train
P_01562,2,2,2,2,1,1,0,2,BENIGN,test
P_01563,11,4,10,10,4,7,0,11,BENIGN_WITHOUT_CALLBACK,train
P_01564,2,2,2,2,1,1,2,0,MALIGNANT,train
P_01565,2,2,2,2,1,1,2,0,BENIGN,train
P_01566,7,4,7,7,3,4,5,2,BENIGN,"test, train"
P_01567,3,3,3,3,1,2,1,2,BENIGN,train
P_01569,3,2,3,3,2,1,0,3,BENIGN,train
P_01570,2,2,2,2,1,1,0,2,BENIGN,train
P_01571,2,2,2,2,1,1,0,2,BENIGN,train
P_01572,2,2,2,2,1,1,2,0,BENIGN,train
P_01573,6,4,6,6,3,3,2,4,MALIGNANT,train
P_01574,2,2,2,2,1,1,0,2,BENIGN,train
P_01575,1,1,1,1,0,1,0,1,MALIGNANT,train
P_01576,2,2,2,2,1,1,0,2,MALIGNANT,train
P_01577,2,2,2,2,1,1,0,2,BENIGN_WITHOUT_CALLBACK,train
P_01578,1,1,1,1,0,1,1,0,BENIGN,test
P_01579,2,2,2,2,1,1,0,2,BENIGN,train
P_01581,2,2,2,2,1,1,2,0,BENIGN,train
P_01582,4,4,4,4,2,2,0,4,BENIGN; MALIGNANT,train
P_01583,1,1,1,1,0,1,1,0,BENIGN,train
P_01585,2,2,2,2,1,1,0,2,MALIGNANT,train
P_01589,2,2,2,2,1,1,2,0,MALIGNANT,train
P_01590,2,2,2,2,1,1,2,0,BENIGN,test
P_01591,2,2,2,2,1,1,2,0,MALIGNANT,train
P_01593,2,2,2,2,1,1,2,0,MALIGNANT,train
P_01595,2,2,2,2,1,1,2,0,BENIGN,test
P_01596,4,3,4,4,1,3,2,2,MALIGNANT,train
P_01599,2,2,2,2,1,1,2,0,BENIGN,test
P_01600,3,2,3,3,1,2,3,0,MALIGNANT,train
P_01602,1,1,1,1,1,0,0,1,MALIGNANT,test
P_01604,2,2,2,2,1,1,2,0,MALIGNANT,train
P_01605,3,3,3,3,2,1,1,2,BENIGN; MALIGNANT,"test, train"
P_01606,1,1,1,1,0,1,1,0,MALIGNANT,train
P_01608,2,2,2,2,1,1,2,0,BENIGN,train
P_01609,2,2,2,2,1,1,0,2,BENIGN,train
P_01610,1,1,1,1,0,1,0,1,MALIGNANT,train
P_01611,2,2,2,2,1,1,2,0,BENIGN,train
P_01612,2,2,2,2,1,1,2,0,BENIGN,train
P_01613,2,2,2,2,1,1,2,0,BENIGN,train
P_01614,1,1,1,1,0,1,1,0,BENIGN,test
P_01616,2,2,2,2,1,1,0,2,BENIGN,train
P_01617,2,2,2,2,1,1,2,0,MALIGNANT,test
P_01619,2,2,2,2,1,1,2,0,BENIGN,train
P_01620,2,2,2,2,1,1,2,0,BENIGN,train
P_01621,4,4,4,4,2,2,2,2,BENIGN,"test, train"
P_01623,2,2,2,2,1,1,2,0,BENIGN; MALIGNANT,test
P_01625,2,2,2,2,1,1,0,2,MALIGNANT,train
P_01626,2,2,2,2,1,1,0,2,MALIGNANT,train
P_01628,10,4,10,10,5,5,0,10,BENIGN_WITHOUT_CALLBACK,train
P_01629,2,2,2,2,1,1,0,2,BENIGN,train
P_01630,1,1,1,1,0,1,1,0,BENIGN,train
P_01632,6,4,6,6,3,3,6,0,BENIGN_WITHOUT_CALLBACK; MALIGNANT,train
P_01633,2,2,2,2,1,1,2,0,MALIGNANT,train
P_01634,2,2,2,2,1,1,2,0,MALIGNANT,train
P_01635,6,6,6,6,3,3,4,2,BENIGN_WITHOUT_CALLBACK; MALIGNANT,"test, train"
P_01636,1,1,1,1,0,1,1,0,MALIGNANT,train
P_01637,1,1,1,1,0,1,1,0,BENIGN,train
P_01638,2,2,2,2,1,1,2,0,BENIGN,train
P_01639,2,2,2,2,1,1,0,2,BENIGN,train
P_01640,1,1,1,1,0,1,1,0,MALIGNANT,test
P_01641,2,2,2,2,1,1,2,0,MALIGNANT,train
P_01642,2,2,2,2,1,1,2,0,MALIGNANT,train
P_01643,4,4,4,4,2,2,0,4,BENIGN,test
P_01644,4,4,4,4,2,2,4,0,BENIGN; MALIGNANT,train
P_01645,1,1,1,1,1,0,1,0,BENIGN,test
P_01646,2,2,2,2,1,1,2,0,MALIGNANT,train
P_01647,2,2,2,2,1,1,0,2,BENIGN,train
P_01649,1,1,1,1,1,0,1,0,BENIGN,train
P_01650,2,2,2,2,1,1,2,0,BENIGN,train
P_01651,2,2,2,2,1,1,2,0,MALIGNANT,test
P_01652,2,2,2,2,1,1,2,0,MALIGNANT,train
P_01653,1,1,1,1,0,1,1,0,BENIGN_WITHOUT_CALLBACK,train
P_01654,2,2,2,2,1,1,2,0,MALIGNANT,train
P_01655,2,2,2,2,1,1,0,2,MALIGNANT,train
P_01656,5,2,5,5,2,3,5,0,MALIGNANT,train
P_01659,2,2,2,2,1,1,0,2,MALIGNANT,train
P_01660,2,2,2,2,1,1,0,2,BENIGN,train
P_01661,2,2,2,2,1,1,2,0,MALIGNANT,test
P_01663,2,2,2,2,1,1,2,0,BENIGN,train
P_01664,6,4,6,6,3,3,0,6,BENIGN_WITHOUT_CALLBACK,train
P_01666,2,2,2,2,1,1,2,0,MALIGNANT,test
P_01668,2,2,2,2,1,1,2,0,MALIGNANT,train
P_01669,2,2,2,2,1,1,2,0,MALIGNANT,train
P_01670,4,2,4,4,1,3,0,4,MALIGNANT,test
P_01671,2,2,2,2,1,1,2,0,MALIGNANT,train
P_01673,2,2,2,2,1,1,2,0,BENIGN,test
P_01674,1,1,1,1,1,0,1,0,MALIGNANT,train
P_01675,2,2,2,2,1,1,2,0,MALIGNANT,train
P_01676,1,1,1,1,0,1,0,1,BENIGN,train
P_01677,1,1,1,1,0,1,1,0,BENIGN,test
P_01678,2,2,2,2,1,1,0,2,BENIGN,train
P_01679,2,2,2,2,1,1,0,2,MALIGNANT,train
P_01680,1,1,1,1,0,1,1,0,BENIGN,train
P_01682,2,2,2,2,1,1,2,0,MALIGNANT,train
P_01683,1,1,1,1,1,0,0,1,MALIGNANT,train
P_01684,2,2,2,2,1,1,2,0,BENIGN,test
P_01685,2,2,2,2,1,1,2,0,BENIGN,train
P_01686,2,2,2,2,1,1,2,0,BENIGN,train
P_01687,2,2,2,2,1,1,2,0,BENIGN,train
P_01688,1,1,1,1,0,1,0,1,BENIGN,train
P_01689,1,1,1,1,0,1,1,0,BENIGN,train
P_01690,2,2,2,2,1,1,2,0,BENIGN,test
P_01691,6,2,6,6,3,3,0,6,BENIGN_WITHOUT_CALLBACK,train
P_01694,2,2,2,2,1,1,2,0,MALIGNANT,train
P_01697,2,2,2,2,1,1,2,0,BENIGN,test
P_01698,2,2,2,2,1,1,2,0,BENIGN,train
P_01700,4,4,4,4,2,2,0,4,BENIGN_WITHOUT_CALLBACK,train
P_01701,2,2,2,2,1,1,2,0,MALIGNANT,train
P_01702,2,2,2,2,1,1,2,0,BENIGN,train
P_01703,1,1,1,1,0,1,0,1,BENIGN,train
P_01705,2,2,2,2,1,1,0,2,BENIGN,train
P_01709,2,2,2,2,1,1,0,2,MALIGNANT,train
P_01710,2,2,2,2,1,1,2,0,BENIGN,train
P_01711,2,2,2,2,1,1,0,2,BENIGN,test
P_01712,4,4,4,4,2,2,4,0,BENIGN,train
P_01713,1,1,1,1,0,1,0,1,BENIGN,test
P_01714,2,2,2,2,1,1,2,0,BENIGN,train
P_01715,2,2,2,2,1,1,2,0,BENIGN,train
P_01716,2,2,2,2,1,1,2,0,BENIGN,test
P_01717,2,2,2,2,1,1,2,0,BENIGN_WITHOUT_CALLBACK,train
P_01718,1,1,1,1,0,1,0,1,MALIGNANT,train
P_01719,2,2,2,2,1,1,2,0,MALIGNANT,test
P_01720,2,2,2,2,1,1,2,0,BENIGN,train
P_01721,1,1,1,1,1,0,0,1,BENIGN,train
P_01723,2,2,2,2,1,1,0,2,MALIGNANT,train
P_01724,2,2,2,2,1,1,0,2,BENIGN,train
P_01725,4,4,4,4,2,2,2,2,BENIGN; MALIGNANT,train
P_01726,2,2,2,2,1,1,2,0,BENIGN,test
P_01728,1,1,1,1,1,0,0,1,BENIGN,test
P_01729,2,2,2,2,1,1,0,2,MALIGNANT,train
P_01730,2,2,2,2,1,1,0,2,MALIGNANT,train
P_01732,2,2,2,2,1,1,0,2,BENIGN,train
P_01733,1,1,1,1,0,1,1,0,BENIGN,train
P_01735,2,2,2,2,1,1,2,0,MALIGNANT,train
P_01736,4,4,4,4,2,2,0,4,BENIGN,train
P_01737,2,2,2,2,1,1,2,0,BENIGN,train
P_01739,4,4,4,4,2,2,4,0,BENIGN,train
P_01740,6,4,6,6,3,3,0,6,BENIGN_WITHOUT_CALLBACK,train
P_01741,4,4,4,4,2,2,2,2,BENIGN; MALIGNANT,"test, train"
P_01743,2,2,2,2,1,1,0,2,MALIGNANT,test
P_01744,1,1,1,1,0,1,1,0,MALIGNANT,train
P_01745,1,1,1,1,0,1,1,0,MALIGNANT,train
P_01748,2,2,2,2,1,1,0,2,BENIGN,train
P_01749,2,2,2,2,1,1,2,0,BENIGN,train
P_01750,2,2,2,2,1,1,0,2,MALIGNANT,train
P_01751,2,2,2,2,1,1,2,0,BENIGN,train
P_01752,2,2,2,2,1,1,0,2,BENIGN,test
P_01753,2,2,2,2,1,1,2,0,MALIGNANT,train
P_01754,2,2,2,2,1,1,2,0,MALIGNANT,train
P_01755,2,2,2,2,1,1,2,0,BENIGN_WITHOUT_CALLBACK,train
P_01756,2,2,2,2,1,1,0,2,MALIGNANT,train
P_01757,2,2,2,2,1,1,2,0,BENIGN,train
P_01759,2,2,2,2,1,1,0,2,BENIGN,train
P_01760,2,2,2,2,1,1,0,2,BENIGN_WITHOUT_CALLBACK,train
P_01761,2,2,2,2,1,1,2,0,MALIGNANT,train
P_01765,2,2,2,2,1,1,2,0,BENIGN,test
P_01766,2,2,2,2,1,1,0,2,BENIGN,train
P_01767,2,2,2,2,1,1,0,2,BENIGN,train
P_01768,2,2,2,2,1,1,2,0,MALIGNANT,train
P_01769,11,4,11,11,6,5,0,11,BENIGN_WITHOUT_CALLBACK,train
P_01770,1,1,1,1,0,1,0,1,MALIGNANT,train
P_01773,2,2,2,2,1,1,0,2,BENIGN,test
P_01775,1,1,1,1,0,1,1,0,MALIGNANT,train
P_01776,2,2,2,2,1,1,2,0,BENIGN,train
P_01777,4,2,4,4,2,2,0,4,BENIGN,train
P_01778,1,1,1,1,1,0,1,0,MALIGNANT,test
P_01780,2,2,2,2,1,1,2,0,MALIGNANT,train
P_01783,1,1,1,1,0,1,0,1,BENIGN,train
P_01784,2,2,2,2,1,1,0,2,BENIGN_WITHOUT_CALLBACK,train
P_01785,2,2,2,2,1,1,2,0,BENIGN,train
P_01786,3,3,3,3,2,1,1,2,BENIGN; MALIGNANT,train
P_01787,2,2,2,2,1,1,2,0,MALIGNANT,test
P_01788,2,2,2,2,1,1,2,0,MALIGNANT,train
P_01790,2,2,2,2,1,1,2,0,MALIGNANT,train
P_01791,2,2,2,2,1,1,0,2,BENIGN,train
P_01792,2,2,2,2,1,1,0,2,MALIGNANT,train
P_01793,2,2,2,2,1,1,0,2,MALIGNANT,train
P_01795,2,2,2,2,1,1,2,0,BENIGN,test
P_01796,2,2,2,2,1,1,2,0,BENIGN,test
P_01797,2,2,2,2,1,1,2,0,BENIGN,test
P_01798,2,2,2,2,1,1,2,0,BENIGN,train
P_01799,2,2,2,2,1,1,2,0,MALIGNANT,train
P_01800,3,3,3,3,2,1,3,0,BENIGN; MALIGNANT,test
P_01801,2,2,2,2,1,1,2,0,MALIGNANT,train
P_01802,1,1,1,1,0,1,1,0,BENIGN,train
P_01803,4,4,4,4,2,2,2,2,MALIGNANT,"test, train"
P_01804,1,1,1,1,0,1,1,0,BENIGN_WITHOUT_CALLBACK,train
P_01805,3,3,3,3,1,2,3,0,BENIGN,train
P_01807,1,1,1,1,0,1,1,0,BENIGN,test
P_01809,1,1,1,1,0,1,0,1,MALIGNANT,train
P_01810,2,2,2,2,1,1,0,2,BENIGN,train
P_01814,1,1,1,1,1,0,1,0,MALIGNANT,train
P_01815,2,2,2,2,1,1,2,0,MALIGNANT,test
P_01816,2,2,2,2,1,1,2,0,MALIGNANT,train
P_01817,2,2,2,2,1,1,2,0,BENIGN,train
P_01818,2,2,2,2,1,1,0,2,MALIGNANT,train
P_01819,5,3,5,5,3,2,1,4,BENIGN_WITHOUT_CALLBACK; MALIGNANT,train
P_01820,1,1,1,1,0,1,0,1,BENIGN,test
P_01821,2,2,2,2,1,1,2,0,BENIGN_WITHOUT_CALLBACK,train
P_01822,2,2,2,2,1,1,2,0,BENIGN_WITHOUT_CALLBACK,train
P_01823,8,4,8,8,4,4,0,8,BENIGN_WITHOUT_CALLBACK,train
P_01824,2,2,2,2,1,1,2,0,MALIGNANT,train
P_01825,2,2,2,2,1,1,2,0,BENIGN_WITHOUT_CALLBACK,test
P_01826,2,2,2,2,1,1,2,0,BENIGN,train
P_01829,1,1,1,1,0,1,1,0,BENIGN,train
P_01830,8,4,8,8,3,5,0,8,BENIGN_WITHOUT_CALLBACK,train
P_01831,2,2,2,2,1,1,2,0,BENIGN,train
P_01832,3,3,3,3,1,2,1,2,BENIGN; MALIGNANT,train
P_01833,1,1,1,1,0,1,1,0,MALIGNANT,test
P_01834,1,1,1,1,0,1,0,1,MALIGNANT,test
P_01838,17,4,17,17,8,9,0,17,BENIGN_WITHOUT_CALLBACK,train
P_01839,2,2,2,2,1,1,0,2,MALIGNANT,train
P_01840,2,2,2,2,0,2,1,1,BENIGN; MALIGNANT,train
P_01841,2,2,2,2,1,1,2,0,MALIGNANT,train
P_01842,1,1,1,1,0,1,0,1,MALIGNANT,test
P_01844,1,1,1,1,0,1,1,0,MALIGNANT,train
P_01845,4,2,4,4,2,2,0,4,BENIGN,test
P_01846,2,2,2,2,1,1,0,2,MALIGNANT,train
P_01847,2,2,2,2,1,1,0,2,MALIGNANT,train
P_01848,2,2,2,2,1,1,2,0,MALIGNANT,train
P_01849,2,2,2,2,1,1,2,0,BENIGN_WITHOUT_CALLBACK,train
P_01850,2,2,2,2,1,1,2,0,BENIGN,train
P_01853,2,2,2,2,1,1,2,0,MALIGNANT,train
P_01856,2,2,2,2,1,1,0,2,MALIGNANT,train
P_01858,2,2,2,2,1,1,0,2,BENIGN,train
P_01860,1,1,1,1,1,0,1,0,MALIGNANT,train
P_01861,2,2,2,2,1,1,0,2,MALIGNANT,test
P_01864,14,5,14,14,7,7,1,13,BENIGN_WITHOUT_CALLBACK,train
P_01865,1,1,1,1,0,1,1,0,MALIGNANT,test
P_01866,2,2,2,2,1,1,2,0,BENIGN,train
P_01867,4,2,4,4,2,2,0,4,BENIGN_WITHOUT_CALLBACK,test
P_01868,2,2,2,2,1,1,0,2,BENIGN,test
P_01872,2,2,2,2,1,1,0,2,BENIGN,test
P_01875,5,4,5,5,3,2,0,5,BENIGN_WITHOUT_CALLBACK,train
P_01876,2,2,2,2,1,1,2,0,BENIGN,train
P_01877,2,2,2,2,1,1,2,0,BENIGN,train
P_01878,2,2,2,2,1,1,2,0,BENIGN,train
P_01882,2,2,2,2,1,1,0,2,BENIGN,test
P_01883,3,3,3,3,2,1,1,2,BENIGN; MALIGNANT,"test, train"
P_01884,2,2,2,2,1,1,0,2,BENIGN,train
P_01885,4,4,4,4,2,2,0,4,BENIGN_WITHOUT_CALLBACK,train
P_01886,1,1,1,1,1,0,1,0,BENIGN,train
P_01887,2,2,2,2,1,1,2,0,BENIGN,train
P_01888,1,1,1,1,0,1,1,0,MALIGNANT,train
P_01889,2,2,2,2,1,1,2,0,BENIGN,train
P_01890,1,1,1,1,0,1,1,0,MALIGNANT,train
P_01908,1,1,1,1,1,0,1,0,MALIGNANT,train
P_01912,2,2,2,2,1,1,2,0,MALIGNANT,test
P_01946,2,2,2,2,1,1,2,0,MALIGNANT,train
P_01981,2,2,2,2,1,1,2,0,MALIGNANT,train
P_01983,1,1,1,1,0,1,1,0,MALIGNANT,train
P_02033,2,2,2,2,1,1,2,0,MALIGNANT,train
P_02079,2,2,2,2,1,1,2,0,MALIGNANT,train
P_02092,2,2,2,2,1,1,2,0,MALIGNANT,train
P_02102,2,2,2,2,1,1,0,2,MALIGNANT,test
P_02105,2,2,2,2,1,1,0,2,MALIGNANT,train
P_02115,2,2,2,2,1,1,0,2,BENIGN,train
P_02133,2,2,2,2,1,1,0,2,MALIGNANT,train
P_02139,2,2,2,2,1,1,0,2,MALIGNANT,test
P_02153,2,2,2,2,1,1,0,2,BENIGN,test
P_02154,2,2,2,2,1,1,0,2,MALIGNANT,train
P_02159,2,2,2,2,1,1,0,2,BENIGN,test
P_02176,2,2,2,2,1,1,0,2,MALIGNANT,test
P_02190,2,2,2,2,1,1,0,2,MALIGNANT,train
P_02195,2,2,2,2,1,1,0,2,MALIGNANT,train
P_02198,2,2,2,2,1,1,0,2,MALIGNANT,test
P_02218,2,2,2,2,1,1,0,2,MALIGNANT,train
P_02220,2,2,2,2,1,1,0,2,MALIGNANT,train
P_02226,2,2,2,2,1,1,0,2,MALIGNANT,train
P_02232,2,2,2,2,1,1,0,2,MALIGNANT,train
P_02234,2,2,2,2,1,1,0,2,BENIGN,train
P_02259,2,2,2,2,1,1,0,2,MALIGNANT,train
P_02270,2,2,2,2,1,1,0,2,MALIGNANT,train
P_02275,2,2,2,2,1,1,0,2,MALIGNANT,test
P_02285,2,2,2,2,1,1,0,2,MALIGNANT,train
P_02313,2,2,2,2,1,1,0,2,BENIGN,train
P_02316,2,2,2,2,1,1,0,2,BENIGN,train
P_02318,2,2,2,2,1,1,0,2,BENIGN,train
P_02323,2,2,2,2,1,1,0,2,MALIGNANT,train
P_02348,2,2,2,2,1,1,0,2,MALIGNANT,train
P_02368,2,2,2,2,1,1,0,2,MALIGNANT,train
P_02380,2,2,2,2,1,1,0,2,MALIGNANT,train
P_02393,2,2,2,2,1,1,0,2,MALIGNANT,train
P_02400,2,2,2,2,1,1,0,2,MALIGNANT,train
P_02402,2,2,2,2,1,1,0,2,MALIGNANT,train
P_02405,2,2,2,2,1,1,0,2,MALIGNANT,train
P_02409,2,2,2,2,1,1,0,2,BENIGN,train
P_02418,2,2,2,2,1,1,0,2,MALIGNANT,test
P_02419,2,2,2,2,1,1,0,2,MALIGNANT,train
P_02420,2,2,2,2,1,1,0,2,MALIGNANT,test
P_02424,2,2,2,2,1,1,0,2,MALIGNANT,train
P_02432,2,2,2,2,1,1,0,2,MALIGNANT,test
P_02434,2,2,2,2,1,1,0,2,BENIGN,train
P_02437,2,2,2,2,1,1,0,2,MALIGNANT,train
P_02442,2,2,2,2,1,1,0,2,MALIGNANT,train
P_02456,1,1,1,1,0,1,0,1,MALIGNANT,train
P_02459,2,2,2,2,1,1,0,2,MALIGNANT,train
P_02460,2,2,2,2,1,1,0,2,MALIGNANT,train
P_02464,2,2,2,2,1,1,0,2,MALIGNANT,test
P_02468,2,2,2,2,1,1,0,2,BENIGN,train
P_02475,2,2,2,2,1,1,0,2,MALIGNANT,train
P_02489,2,2,2,2,1,1,0,2,MALIGNANT,train
P_02498,2,2,2,2,1,1,0,2,BENIGN,test
P_02501,2,2,2,2,1,1,0,2,MALIGNANT,test
P_02508,2,2,2,2,1,1,0,2,MALIGNANT,train
P_02518,2,2,2,2,1,1,0,2,MALIGNANT,train
P_02522,2,2,2,2,1,1,0,2,MALIGNANT,train
P_02559,2,2,2,2,1,1,0,2,MALIGNANT,train
P_02563,2,2,2,2,1,1,0,2,BENIGN,train
P_02566,2,2,2,2,1,1,0,2,MALIGNANT,train
P_02572,2,2,2,2,1,1,0,2,MALIGNANT,train
P_02584,2,2,2,2,1,1,0,2,BENIGN,train
