resolved_image_path,reference_count,patient_count,source_csv_count,reference_types,patients,source_csvs
1.3.6.1.4.1.9590.100.1.2.10098093912338239901459163343317187533/1-285.jpg,3,1,1,FULL_ORIGINAL,P_00106,mass_case_description_train_set.csv
1.3.6.1.4.1.9590.100.1.2.101743131510015201839523365310215332980/1-195.jpg,5,1,1,FULL_ORIGINAL,P_00008,calc_case_description_train_set.csv
1.3.6.1.4.1.9590.100.1.2.101999469712679926627011488331183444331/1-063.jpg,4,1,1,FULL_ORIGINAL,P_00044,mass_case_description_train_set.csv
1.3.6.1.4.1.9590.100.1.2.104945329511927564209924440623498712427/1-229.jpg,2,1,1,FULL_ORIGINAL,P_00858,calc_case_description_train_set.csv
1.3.6.1.4.1.9590.100.1.2.105054672110657246128914861211548061175/1-283.jpg,3,1,1,FULL_ORIGINAL,P_00539,calc_case_description_train_set.csv
1.3.6.1.4.1.9590.100.1.2.105968129011085973513291797982789439853/1-235.jpg,2,1,1,FULL_ORIGINAL,P_00048,calc_case_description_train_set.csv
1.3.6.1.4.1.9590.100.1.2.106832350711479350922653707992020709218/1-199.jpg,2,1,1,FULL_ORIGINAL,P_00452,calc_case_description_train_set.csv
1.3.6.1.4.1.9590.100.1.2.107208772712756184727248595500844018939/1-082.jpg,2,1,1,FULL_ORIGINAL,P_01457,calc_case_description_train_set.csv
1.3.6.1.4.1.9590.100.1.2.108388395511926748633729161121235629315/1-078.jpg,2,1,1,FULL_ORIGINAL,P_00432,mass_case_description_train_set.csv
1.3.6.1.4.1.9590.100.1.2.108709310310470826227069758833996167770/1-079.jpg,2,1,1,FULL_ORIGINAL,P_01456,calc_case_description_train_set.csv
1.3.6.1.4.1.9590.100.1.2.109422237810603720502642405613436677708/1-249.jpg,2,1,1,FULL_ORIGINAL,P_01284,calc_case_description_train_set.csv
1.3.6.1.4.1.9590.100.1.2.109488014812435305420165288311186513795/1-104.jpg,2,1,1,FULL_ORIGINAL,P_01343,mass_case_description_train_set.csv
1.3.6.1.4.1.9590.100.1.2.110436357312050857604164123330322578601/1-284.jpg,3,1,1,FULL_ORIGINAL,P_00539,calc_case_description_train_set.csv
1.3.6.1.4.1.9590.100.1.2.113088658712941187126679102951042396054/1-234.jpg,2,1,1,FULL_ORIGINAL,P_00048,calc_case_description_train_set.csv
1.3.6.1.4.1.9590.100.1.2.114030169011500101820138787040137395797/1-020.jpg,2,1,1,FULL_ORIGINAL,P_01838,calc_case_description_train_set.csv
1.3.6.1.4.1.9590.100.1.2.114424168911311052813833481510260041688/1-216.jpg,3,1,1,FULL_ORIGINAL,P_00471,calc_case_description_train_set.csv
1.3.6.1.4.1.9590.100.1.2.115128335612368035119416500701236859278/1-256.jpg,3,1,1,FULL_ORIGINAL,P_01292,calc_case_description_train_set.csv
1.3.6.1.4.1.9590.100.1.2.121645143012539735840742788344033655105/1-107.jpg,2,1,1,FULL_ORIGINAL,P_00634,mass_case_description_train_set.csv
1.3.6.1.4.1.9590.100.1.2.122014842013197980401803659680241641105/1-058.jpg,3,1,1,FULL_ORIGINAL,P_00914,mass_case_description_train_set.csv
1.3.6.1.4.1.9590.100.1.2.122478326311495502320376615850506229581/1-127.jpg,3,1,1,FULL_ORIGINAL,P_01566,mass_case_description_test_set.csv
1.3.6.1.4.1.9590.100.1.2.125835537312930821635698264533312890789/1-124.jpg,3,1,1,FULL_ORIGINAL,P_00673,mass_case_description_train_set.csv
1.3.6.1.4.1.9590.100.1.2.126435326410508881716881007453031738054/1-157.jpg,4,1,1,FULL_ORIGINAL,P_00385,calc_case_description_train_set.csv
1.3.6.1.4.1.9590.100.1.2.126931471711950064228802134232479763588/1-259.jpg,2,1,1,FULL_ORIGINAL,P_00044,mass_case_description_train_set.csv
1.3.6.1.4.1.9590.100.1.2.127896422011431355705216667061075429849/1-123.jpg,5,1,1,FULL_ORIGINAL,P_00485,calc_case_description_test_set.csv
1.3.6.1.4.1.9590.100.1.2.128475501111348894809978817563752879381/1-042.jpg,5,1,1,FULL_ORIGINAL,P_01408,calc_case_description_train_set.csv
1.3.6.1.4.1.9590.100.1.2.129791061511313973927878918694190000311/1-018.jpg,7,1,1,FULL_ORIGINAL,P_01838,calc_case_description_train_set.csv
1.3.6.1.4.1.9590.100.1.2.131622043112745811315061144532157260895/1-166.jpg,2,1,1,FULL_ORIGINAL,P_01270,mass_case_description_train_set.csv
1.3.6.1.4.1.9590.100.1.2.131646958611018001426480323860485174439/1-156.jpg,4,1,1,FULL_ORIGINAL,P_00385,calc_case_description_train_set.csv
1.3.6.1.4.1.9590.100.1.2.132500902011360412524019406081490884813/1-127.jpg,2,1,1,FULL_ORIGINAL,P_01600,mass_case_description_train_set.csv
1.3.6.1.4.1.9590.100.1.2.133488449010975893429744902440595376958/1-061.jpg,3,1,1,FULL_ORIGINAL,P_01034,calc_case_description_train_set.csv
1.3.6.1.4.1.9590.100.1.2.133538142112165735121542229871081882567/1-054.jpg,2,1,1,FULL_ORIGINAL,P_01845,calc_case_description_test_set.csv
1.3.6.1.4.1.9590.100.1.2.135043818412885041303928984800475592511/1-275.jpg,3,1,1,FULL_ORIGINAL,P_00924,calc_case_description_train_set.csv
1.3.6.1.4.1.9590.100.1.2.135264260013637742110386013913540540366/1-037.jpg,3,1,1,FULL_ORIGINAL,P_01864,calc_case_description_train_set.csv
1.3.6.1.4.1.9590.100.1.2.135848197011758317922431727962900649412/1-195.jpg,2,1,1,FULL_ORIGINAL,P_00586,mass_case_description_train_set.csv
1.3.6.1.4.1.9590.100.1.2.13612882810150032415482574512826488491/1-144.jpg,2,1,1,FULL_ORIGINAL,P_00750,calc_case_description_train_set.csv
1.3.6.1.4.1.9590.100.1.2.137562241011481380706391312851646232919/1-188.jpg,2,1,1,FULL_ORIGINAL,P_01628,calc_case_description_train_set.csv
1.3.6.1.4.1.9590.100.1.2.13773454012144995611696098604293720670/1-159.jpg,2,1,1,FULL_ORIGINAL,P_00385,calc_case_description_train_set.csv
1.3.6.1.4.1.9590.100.1.2.143500997712528197512801215000123914392/1-004.jpg,2,1,1,FULL_ORIGINAL,P_01819,calc_case_description_train_set.csv
1.3.6.1.4.1.9590.100.1.2.144960087511073919317005203531105331307/1-056.jpg,2,1,1,FULL_ORIGINAL,P_00309,mass_case_description_train_set.csv
1.3.6.1.4.1.9590.100.1.2.145652490711909263606662957233744547906/1-136.jpg,2,1,1,FULL_ORIGINAL,P_01563,calc_case_description_train_set.csv
1.3.6.1.4.1.9590.100.1.2.14784689311239808604822345534163797907/1-193.jpg,3,1,1,FULL_ORIGINAL,P_00008,calc_case_description_train_set.csv
1.3.6.1.4.1.9590.100.1.2.14998549112884156501456598090861448172/1-004.jpg,2,1,1,FULL_ORIGINAL,P_00559,calc_case_description_train_set.csv
1.3.6.1.4.1.9590.100.1.2.150648858511947639230634691850393302661/1-170.jpg,2,1,1,FULL_ORIGINAL,P_00343,mass_case_description_test_set.csv
1.3.6.1.4.1.9590.100.1.2.152683524611189484109254424593944167659/1-117.jpg,2,1,1,FULL_ORIGINAL,P_00705,calc_case_description_train_set.csv
1.3.6.1.4.1.9590.100.1.2.152777647511283470839144395870634142142/1-095.jpg,2,1,1,FULL_ORIGINAL,P_01632,mass_case_description_train_set.csv
1.3.6.1.4.1.9590.100.1.2.154877164112814387839246109501067006440/1-231.jpg,3,1,1,FULL_ORIGINAL,P_01103,mass_case_description_train_set.csv
1.3.6.1.4.1.9590.100.1.2.156130354812762015540182381291615875729/1-062.jpg,2,1,1,FULL_ORIGINAL,P_00635,calc_case_description_train_set.csv
1.3.6.1.4.1.9590.100.1.2.156429831212124644117987682961436941917/1-043.jpg,2,1,1,FULL_ORIGINAL,P_01409,calc_case_description_train_set.csv
1.3.6.1.4.1.9590.100.1.2.156805203412920037240953312442485485632/1-150.jpg,2,1,1,FULL_ORIGINAL,P_00759,calc_case_description_train_set.csv
1.3.6.1.4.1.9590.100.1.2.158295666712674134933895574062413829922/1-149.jpg,2,1,1,FULL_ORIGINAL,P_00759,calc_case_description_train_set.csv
1.3.6.1.4.1.9590.100.1.2.158356986111413686802522108471815659841/1-207.jpg,2,1,1,FULL_ORIGINAL,P_01664,calc_case_description_train_set.csv
1.3.6.1.4.1.9590.100.1.2.158679547711545823400436158850627343122/1-224.jpg,3,1,1,FULL_ORIGINAL,P_00476,calc_case_description_train_set.csv
1.3.6.1.4.1.9590.100.1.2.158682188012072650235747027632697987981/1-255.jpg,2,1,1,FULL_ORIGINAL,P_01272,calc_case_description_test_set.csv
1.3.6.1.4.1.9590.100.1.2.160774588912073940140978200673940941357/1-063.jpg,2,1,1,FULL_ORIGINAL,P_00140,calc_case_description_test_set.csv
1.3.6.1.4.1.9590.100.1.2.160987656411484124609972133343310451785/1-030.jpg,3,1,1,FULL_ORIGINAL,P_01090,mass_case_description_test_set.csv
1.3.6.1.4.1.9590.100.1.2.164230313413171420208980348222559764106/1-287.jpg,2,1,1,FULL_ORIGINAL,P_00937,calc_case_description_train_set.csv
1.3.6.1.4.1.9590.100.1.2.164477615412098522241149597592405252179/1-132.jpg,2,1,1,FULL_ORIGINAL,P_00173,mass_case_description_test_set.csv
1.3.6.1.4.1.9590.100.1.2.164750739813549290437512567251665770245/1-126.jpg,2,1,1,FULL_ORIGINAL,P_01566,mass_case_description_test_set.csv
1.3.6.1.4.1.9590.100.1.2.164781356010870637214045014043866075278/1-148.jpg,2,1,1,FULL_ORIGINAL,P_00377,calc_case_description_train_set.csv
1.3.6.1.4.1.9590.100.1.2.165000198711076188422383645481960237370/1-163.jpg,2,1,1,FULL_ORIGINAL,P_00394,calc_case_description_train_set.csv
1.3.6.1.4.1.9590.100.1.2.166306213011523167100206271232508074491/1-064.jpg,2,1,1,FULL_ORIGINAL,P_00140,calc_case_description_test_set.csv
1.3.6.1.4.1.9590.100.1.2.167790440711097422303201772811556148153/1-036.jpg,2,1,1,FULL_ORIGINAL,P_00600,calc_case_description_train_set.csv
1.3.6.1.4.1.9590.100.1.2.168142052011948789309937030612218988654/1-068.jpg,3,1,1,FULL_ORIGINAL,P_01103,mass_case_description_train_set.csv
1.3.6.1.4.1.9590.100.1.2.170007546712574576531170925212939732363/1-066.jpg,2,1,1,FULL_ORIGINAL,P_01440,calc_case_description_train_set.csv
1.3.6.1.4.1.9590.100.1.2.170204618311705960537961724650736097259/1-020.jpg,3,1,1,FULL_ORIGINAL,P_00342,mass_case_description_train_set.csv
1.3.6.1.4.1.9590.100.1.2.170208377412670496001193197311058787253/1-113.jpg,2,1,1,FULL_ORIGINAL,P_00116,mass_case_description_test_set.csv
1.3.6.1.4.1.9590.100.1.2.174913691313229515121064457263275344535/1-281.jpg,2,1,1,FULL_ORIGINAL,P_00538,calc_case_description_train_set.csv
1.3.6.1.4.1.9590.100.1.2.174990543311142163841822622013966751822/1-287.jpg,2,1,1,FULL_ORIGINAL,P_01336,calc_case_description_train_set.csv
1.3.6.1.4.1.9590.100.1.2.175043772610570804328930190413021504082/1-133.jpg,2,1,1,FULL_ORIGINAL,P_00419,mass_case_description_train_set.csv
1.3.6.1.4.1.9590.100.1.2.175094891612865352929211580671544169831/1-124.jpg,2,1,1,FULL_ORIGINAL,P_00573,mass_case_description_train_set.csv
1.3.6.1.4.1.9590.100.1.2.176542441513589716633710798150378304724/1-087.jpg,2,1,1,FULL_ORIGINAL,P_00291,calc_case_description_train_set.csv
1.3.6.1.4.1.9590.100.1.2.17779050613263835327761350401257698633/1-256.jpg,3,1,1,FULL_ORIGINAL,P_00510,calc_case_description_train_set.csv
1.3.6.1.4.1.9590.100.1.2.180117656012441206012066533421449364027/1-036.jpg,3,1,1,FULL_ORIGINAL,P_00106,mass_case_description_train_set.csv
1.3.6.1.4.1.9590.100.1.2.180179872111889546935977772832474436349/1-118.jpg,6,1,1,FULL_ORIGINAL,P_01099,calc_case_description_train_set.csv
1.3.6.1.4.1.9590.100.1.2.181841823211422221335388532932156762334/1-019.jpg,3,1,1,FULL_ORIGINAL,P_01838,calc_case_description_train_set.csv
1.3.6.1.4.1.9590.100.1.2.181943831911208707239392044804044204187/1-095.jpg,2,1,1,FULL_ORIGINAL,P_01152,mass_case_description_train_set.csv
1.3.6.1.4.1.9590.100.1.2.182768538513893622409297189391059224847/1-080.jpg,2,1,1,FULL_ORIGINAL,P_01456,calc_case_description_train_set.csv
1.3.6.1.4.1.9590.100.1.2.18321540012684193708096260002352282494/1-112.jpg,2,1,1,FULL_ORIGINAL,P_00116,mass_case_description_test_set.csv
1.3.6.1.4.1.9590.100.1.2.186757922612786971122442515430330398402/1-292.jpg,3,1,1,FULL_ORIGINAL,P_00802,mass_case_description_train_set.csv
1.3.6.1.4.1.9590.100.1.2.187100916712896671939716248682770393404/1-187.jpg,3,1,1,FULL_ORIGINAL,P_01628,calc_case_description_train_set.csv
1.3.6.1.4.1.9590.100.1.2.189082958912121957805235037590621857671/1-097.jpg,2,1,1,FULL_ORIGINAL,P_00302,calc_case_description_train_set.csv
1.3.6.1.4.1.9590.100.1.2.189939906211210753316863241174241214759/1-025.jpg,2,1,1,FULL_ORIGINAL,P_00208,calc_case_description_train_set.csv
1.3.6.1.4.1.9590.100.1.2.192096083811016561231940323120580305079/1-236.jpg,2,1,1,FULL_ORIGINAL,P_01274,calc_case_description_train_set.csv
1.3.6.1.4.1.9590.100.1.2.193209017912181210731137007683026874022/1-268.jpg,2,1,1,FULL_ORIGINAL,P_01306,calc_case_description_train_set.csv
1.3.6.1.4.1.9590.100.1.2.194304008911092045416345516930617362857/1-063.jpg,2,1,1,FULL_ORIGINAL,P_00635,calc_case_description_train_set.csv
1.3.6.1.4.1.9590.100.1.2.19730326712587641042131094143642946060/1-130.jpg,2,1,1,FULL_ORIGINAL,P_00420,mass_case_description_train_set.csv
1.3.6.1.4.1.9590.100.1.2.198324517011736867031638401562725204437/1-295.jpg,2,1,1,FULL_ORIGINAL,P_00555,calc_case_description_train_set.csv
1.3.6.1.4.1.9590.100.1.2.20232052811861584242150823693777847703/1-242.jpg,2,1,1,FULL_ORIGINAL,P_01211,calc_case_description_test_set.csv
1.3.6.1.4.1.9590.100.1.2.203891778812936553635107621173538879683/1-044.jpg,2,1,1,FULL_ORIGINAL,P_01409,calc_case_description_train_set.csv
1.3.6.1.4.1.9590.100.1.2.204340788011772153840832869381951396003/1-125.jpg,2,1,1,FULL_ORIGINAL,P_00495,calc_case_description_test_set.csv
1.3.6.1.4.1.9590.100.1.2.204430961913085029114963861863064771359/1-105.jpg,2,1,1,FULL_ORIGINAL,P_00353,calc_case_description_test_set.csv
1.3.6.1.4.1.9590.100.1.2.204932936112007111301870388513884327444/1-182.jpg,2,1,1,FULL_ORIGINAL,P_00092,mass_case_description_train_set.csv
1.3.6.1.4.1.9590.100.1.2.207857832512548188133526329603858276112/1-206.jpg,2,1,1,FULL_ORIGINAL,P_01664,calc_case_description_train_set.csv
1.3.6.1.4.1.9590.100.1.2.208380928012691165826916880702634751538/1-026.jpg,2,1,1,FULL_ORIGINAL,P_00591,calc_case_description_train_set.csv
1.3.6.1.4.1.9590.100.1.2.2095384111825867314260486552743781525/1-121.jpg,2,1,1,FULL_ORIGINAL,P_01099,calc_case_description_train_set.csv
1.3.6.1.4.1.9590.100.1.2.21045172911956892237670949680043476807/1-219.jpg,2,1,1,FULL_ORIGINAL,P_00634,mass_case_description_train_set.csv
1.3.6.1.4.1.9590.100.1.2.213795650012272840508985870553708485473/1-081.jpg,2,1,1,FULL_ORIGINAL,P_00284,calc_case_description_train_set.csv
1.3.6.1.4.1.9590.100.1.2.220273663912151874116929827120870527163/1-170.jpg,3,1,1,FULL_ORIGINAL,P_01169,calc_case_description_train_set.csv
1.3.6.1.4.1.9590.100.1.2.220564602411627135838034738500414889195/1-044.jpg,3,1,1,FULL_ORIGINAL,P_00207,mass_case_description_train_set.csv
1.3.6.1.4.1.9590.100.1.2.224877258710451348314254170892282743240/1-001.jpg,3,1,1,FULL_ORIGINAL,P_00557,calc_case_description_train_set.csv
1.3.6.1.4.1.9590.100.1.2.22623043712768131109740179664004028729/1-194.jpg,5,1,1,FULL_ORIGINAL,P_00008,calc_case_description_train_set.csv
1.3.6.1.4.1.9590.100.1.2.226337463110875594101666175242078490747/1-275.jpg,6,1,1,FULL_ORIGINAL,P_00112,calc_case_description_train_set.csv
1.3.6.1.4.1.9590.100.1.2.226571679712227687534231177012671166470/1-286.jpg,2,1,1,FULL_ORIGINAL,P_01334,calc_case_description_train_set.csv
1.3.6.1.4.1.9590.100.1.2.228092873212870547017384383211202398357/1-043.jpg,2,1,1,FULL_ORIGINAL,P_00328,mass_case_description_train_set.csv
1.3.6.1.4.1.9590.100.1.2.228145110911907288720511663481487304924/1-213.jpg,2,1,1,FULL_ORIGINAL,P_01030,calc_case_description_test_set.csv
1.3.6.1.4.1.9590.100.1.2.228185298612585162903917687442444219459/1-287.jpg,2,1,1,FULL_ORIGINAL,P_00136,calc_case_description_train_set.csv
1.3.6.1.4.1.9590.100.1.2.228757952612837468335714490132465370462/1-259.jpg,2,1,1,FULL_ORIGINAL,P_01740,calc_case_description_train_set.csv
1.3.6.1.4.1.9590.100.1.2.231380228412044580229454614280746403429/1-219.jpg,2,1,1,FULL_ORIGINAL,P_00030,calc_case_description_train_set.csv
1.3.6.1.4.1.9590.100.1.2.231418499611483562804956443353410908413/1-012.jpg,2,1,1,FULL_ORIGINAL,P_00969,mass_case_description_test_set.csv
1.3.6.1.4.1.9590.100.1.2.232788245310770552306464675114291835611/1-186.jpg,3,1,1,FULL_ORIGINAL,P_01628,calc_case_description_train_set.csv
1.3.6.1.4.1.9590.100.1.2.234264149413555822135819997471071754701/1-032.jpg,2,1,1,FULL_ORIGINAL,P_01262,mass_case_description_train_set.csv
1.3.6.1.4.1.9590.100.1.2.238878430012243380111730328731227407315/1-017.jpg,5,1,1,FULL_ORIGINAL,P_01838,calc_case_description_train_set.csv
1.3.6.1.4.1.9590.100.1.2.240030177712468650201301669501550759439/1-237.jpg,2,1,1,FULL_ORIGINAL,P_01274,calc_case_description_train_set.csv
1.3.6.1.4.1.9590.100.1.2.241020638813027313501928349840148500619/1-281.jpg,2,1,1,FULL_ORIGINAL,P_01321,calc_case_description_train_set.csv
1.3.6.1.4.1.9590.100.1.2.245398881011643929625650254320825052239/1-024.jpg,2,1,1,FULL_ORIGINAL,P_01343,mass_case_description_train_set.csv
1.3.6.1.4.1.9590.100.1.2.246955628010861739125873409552788690641/1-024.jpg,2,1,1,FULL_ORIGINAL,P_00989,calc_case_description_train_set.csv
1.3.6.1.4.1.9590.100.1.2.250138961212678299528032805292661999197/1-014.jpg,3,1,1,FULL_ORIGINAL,P_01830,calc_case_description_train_set.csv
1.3.6.1.4.1.9590.100.1.2.252718871411822036139213438773416034416/1-212.jpg,3,1,1,FULL_ORIGINAL,P_00207,mass_case_description_train_set.csv
1.3.6.1.4.1.9590.100.1.2.25505513712855415327641798580412158176/1-055.jpg,3,1,1,FULL_ORIGINAL,P_01029,calc_case_description_train_set.csv
1.3.6.1.4.1.9590.100.1.2.255187836210844252836072101621097580135/1-271.jpg,2,1,1,FULL_ORIGINAL,P_01390,calc_case_description_test_set.csv
1.3.6.1.4.1.9590.100.1.2.256521760711469500107962702111457764944/1-245.jpg,2,1,1,FULL_ORIGINAL,P_01276,calc_case_description_train_set.csv
1.3.6.1.4.1.9590.100.1.2.258246263812583145913706029001213151162/1-204.jpg,2,1,1,FULL_ORIGINAL,P_01004,calc_case_description_test_set.csv
1.3.6.1.4.1.9590.100.1.2.259301364012177611300819083632742554678/1-280.jpg,2,1,1,FULL_ORIGINAL,P_01494,mass_case_description_train_set.csv
1.3.6.1.4.1.9590.100.1.2.260395375912689985505181352172038713429/1-061.jpg,4,1,1,FULL_ORIGINAL,P_00376,mass_case_description_train_set.csv
1.3.6.1.4.1.9590.100.1.2.260616920012100567701744383183403756692/1-264.jpg,3,1,1,FULL_ORIGINAL,P_01300,calc_case_description_train_set.csv
1.3.6.1.4.1.9590.100.1.2.263731963811012960132747749724192336784/1-288.jpg,2,1,1,FULL_ORIGINAL,P_01336,calc_case_description_train_set.csv
1.3.6.1.4.1.9590.100.1.2.263861248711313923336051913560309963304/1-045.jpg,2,1,1,FULL_ORIGINAL,P_00038,calc_case_description_test_set.csv
1.3.6.1.4.1.9590.100.1.2.266330922711278145820055051962759232884/1-080.jpg,2,1,1,FULL_ORIGINAL,P_00214,calc_case_description_test_set.csv
1.3.6.1.4.1.9590.100.1.2.267340905912306939309266861160349187486/1-051.jpg,2,1,1,FULL_ORIGINAL,P_00077,calc_case_description_test_set.csv
1.3.6.1.4.1.9590.100.1.2.26844491713821127722738477343558492076/1-166.jpg,2,1,1,FULL_ORIGINAL,P_00780,calc_case_description_train_set.csv
1.3.6.1.4.1.9590.100.1.2.270837161612837542016650349211689133459/1-024.jpg,2,1,1,FULL_ORIGINAL,P_00208,calc_case_description_train_set.csv
1.3.6.1.4.1.9590.100.1.2.273346341911548684918546876432915510290/1-164.jpg,3,1,1,FULL_ORIGINAL,P_00395,calc_case_description_train_set.csv
1.3.6.1.4.1.9590.100.1.2.274130392610570391808711256560834154926/1-062.jpg,2,1,1,FULL_ORIGINAL,P_00140,calc_case_description_test_set.csv
1.3.6.1.4.1.9590.100.1.2.277386199113623622538283393320382856393/1-286.jpg,2,1,1,FULL_ORIGINAL,P_00937,calc_case_description_train_set.csv
1.3.6.1.4.1.9590.100.1.2.277622841912367501839316617461055820872/1-287.jpg,2,1,1,FULL_ORIGINAL,P_01460,calc_case_description_test_set.csv
1.3.6.1.4.1.9590.100.1.2.27921508611215286123537135992327014778/1-167.jpg,5,1,1,FULL_ORIGINAL,P_00780,calc_case_description_train_set.csv
1.3.6.1.4.1.9590.100.1.2.280348377611372875333691322134287710942/1-035.jpg,2,1,1,FULL_ORIGINAL,P_00600,calc_case_description_train_set.csv
1.3.6.1.4.1.9590.100.1.2.281978325612538236138684876031344761429/1-130.jpg,2,1,1,FULL_ORIGINAL,P_00309,mass_case_description_train_set.csv
1.3.6.1.4.1.9590.100.1.2.284760245711216541938605725851743310761/1-255.jpg,3,1,1,FULL_ORIGINAL,P_00510,calc_case_description_train_set.csv
1.3.6.1.4.1.9590.100.1.2.290000938812700402005626187593866319925/1-213.jpg,2,1,1,FULL_ORIGINAL,P_00797,mass_case_description_train_set.csv
1.3.6.1.4.1.9590.100.1.2.29105002611181739829614750000569835702/1-203.jpg,4,1,1,FULL_ORIGINAL,P_00455,calc_case_description_train_set.csv
1.3.6.1.4.1.9590.100.1.2.292605978712963936606864280561587921668/1-031.jpg,4,1,1,FULL_ORIGINAL,P_01090,mass_case_description_test_set.csv
1.3.6.1.4.1.9590.100.1.2.295841045712936652526881988361264576170/1-272.jpg,2,1,1,FULL_ORIGINAL,P_00529,calc_case_description_train_set.csv
1.3.6.1.4.1.9590.100.1.2.297013309212277874835968336921234433025/1-263.jpg,2,1,1,FULL_ORIGINAL,P_01152,mass_case_description_train_set.csv
1.3.6.1.4.1.9590.100.1.2.297279813411974783710996817011363320248/1-060.jpg,2,1,1,FULL_ORIGINAL,P_01034,calc_case_description_train_set.csv
1.3.6.1.4.1.9590.100.1.2.298305589613887990811414647062323223458/1-210.jpg,3,1,1,FULL_ORIGINAL,P_00914,mass_case_description_train_set.csv
1.3.6.1.4.1.9590.100.1.2.299170662711792945709435291453358452246/1-053.jpg,2,1,1,FULL_ORIGINAL,P_01845,calc_case_description_test_set.csv
1.3.6.1.4.1.9590.100.1.2.299422233111841863932704104012333395571/1-120.jpg,4,1,1,FULL_ORIGINAL,P_01099,calc_case_description_train_set.csv
1.3.6.1.4.1.9590.100.1.2.299469518512435452319106656263322833710/1-148.jpg,2,1,1,FULL_ORIGINAL,P_01573,calc_case_description_train_set.csv
1.3.6.1.4.1.9590.100.1.2.300923782910197218504751812062199906674/1-258.jpg,2,1,1,FULL_ORIGINAL,P_00528,mass_case_description_train_set.csv
1.3.6.1.4.1.9590.100.1.2.305148450910151735503028266611652988241/1-031.jpg,3,1,1,FULL_ORIGINAL,P_01670,calc_case_description_test_set.csv
1.3.6.1.4.1.9590.100.1.2.306442879812021178640314674451297223410/1-282.jpg,3,1,1,FULL_ORIGINAL,P_01321,calc_case_description_train_set.csv
1.3.6.1.4.1.9590.100.1.2.309169976611939668535642477072753478403/1-270.jpg,2,1,1,FULL_ORIGINAL,P_01390,calc_case_description_test_set.csv
1.3.6.1.4.1.9590.100.1.2.309713510212355684822557774130349593519/1-185.jpg,2,1,1,FULL_ORIGINAL,P_00432,calc_case_description_train_set.csv
1.3.6.1.4.1.9590.100.1.2.309752174610992973034364663291781979620/1-217.jpg,3,1,1,FULL_ORIGINAL,P_00471,calc_case_description_train_set.csv
1.3.6.1.4.1.9590.100.1.2.312282579111367845302513153690169118289/1-225.jpg,3,1,1,FULL_ORIGINAL,P_00476,calc_case_description_train_set.csv
1.3.6.1.4.1.9590.100.1.2.312361067713438122413722103643203072508/1-119.jpg,4,1,1,FULL_ORIGINAL,P_01099,calc_case_description_train_set.csv
1.3.6.1.4.1.9590.100.1.2.313741015210293714629835278293752843503/1-145.jpg,2,1,1,FULL_ORIGINAL,P_00750,calc_case_description_train_set.csv
1.3.6.1.4.1.9590.100.1.2.315990654413683631831065578571106670633/1-013.jpg,2,1,1,FULL_ORIGINAL,P_01538,calc_case_description_test_set.csv
1.3.6.1.4.1.9590.100.1.2.318543965711217763213591571541538853788/1-263.jpg,2,1,1,FULL_ORIGINAL,P_00098,calc_case_description_train_set.csv
1.3.6.1.4.1.9590.100.1.2.31967337311387223911567453953272142941/1-290.jpg,2,1,1,FULL_ORIGINAL,P_00157,calc_case_description_train_set.csv
1.3.6.1.4.1.9590.100.1.2.323717110111801641305812350871312533308/1-080.jpg,2,1,1,FULL_ORIGINAL,P_00284,calc_case_description_train_set.csv
1.3.6.1.4.1.9590.100.1.2.323933543312237931719886091671399490504/1-158.jpg,2,1,1,FULL_ORIGINAL,P_00385,calc_case_description_train_set.csv
1.3.6.1.4.1.9590.100.1.2.324110361612535993028172399623484397143/1-042.jpg,2,1,1,FULL_ORIGINAL,P_01875,calc_case_description_train_set.csv
1.3.6.1.4.1.9590.100.1.2.324673355211304554727213098663845131535/1-149.jpg,2,1,1,FULL_ORIGINAL,P_01573,calc_case_description_train_set.csv
1.3.6.1.4.1.9590.100.1.2.327968843610614575901068248832181051215/1-228.jpg,2,1,1,FULL_ORIGINAL,P_00858,calc_case_description_train_set.csv
1.3.6.1.4.1.9590.100.1.2.328977677511962475112321192060403830590/1-242.jpg,2,1,1,FULL_ORIGINAL,P_00797,mass_case_description_train_set.csv
1.3.6.1.4.1.9590.100.1.2.329104735012234553414142104453590990063/1-277.jpg,7,1,1,FULL_ORIGINAL,P_00112,calc_case_description_train_set.csv
1.3.6.1.4.1.9590.100.1.2.32917702112965005134786228900297595522/1-289.jpg,2,1,1,FULL_ORIGINAL,P_01460,calc_case_description_test_set.csv
1.3.6.1.4.1.9590.100.1.2.330825165611895385300304977110070004321/1-082.jpg,2,1,1,FULL_ORIGINAL,P_00092,mass_case_description_train_set.csv
1.3.6.1.4.1.9590.100.1.2.330857446012977397138099882753167890565/1-065.jpg,2,1,1,FULL_ORIGINAL,P_00140,calc_case_description_test_set.csv
1.3.6.1.4.1.9590.100.1.2.331904265911512030831184818240271458141/1-065.jpg,2,1,1,FULL_ORIGINAL,P_01440,calc_case_description_train_set.csv
1.3.6.1.4.1.9590.100.1.2.335765285611176672335226577031266051877/1-219.jpg,3,1,1,FULL_ORIGINAL,P_01691,calc_case_description_train_set.csv
1.3.6.1.4.1.9590.100.1.2.336044071011107523906864513591103608112/1-143.jpg,2,1,1,FULL_ORIGINAL,P_01596,mass_case_description_train_set.csv
1.3.6.1.4.1.9590.100.1.2.336127045011104999604357208362448372411/1-035.jpg,4,1,1,FULL_ORIGINAL,P_01864,calc_case_description_train_set.csv
1.3.6.1.4.1.9590.100.1.2.336445762111232801421096352533372291565/1-230.jpg,2,1,1,FULL_ORIGINAL,P_01262,calc_case_description_train_set.csv
1.3.6.1.4.1.9590.100.1.2.33861711511809892034543074661890550667/1-261.jpg,2,1,1,FULL_ORIGINAL,P_00098,calc_case_description_train_set.csv
1.3.6.1.4.1.9590.100.1.2.339103214011000787523489601691987664576/1-220.jpg,3,1,1,FULL_ORIGINAL,P_01691,calc_case_description_train_set.csv
1.3.6.1.4.1.9590.100.1.2.341981348711827379607058415621821344603/1-290.jpg,3,1,1,FULL_ORIGINAL,P_01336,calc_case_description_train_set.csv
1.3.6.1.4.1.9590.100.1.2.344939997012412458214649365921926363610/1-088.jpg,2,1,1,FULL_ORIGINAL,P_00666,calc_case_description_train_set.csv
1.3.6.1.4.1.9590.100.1.2.346281440912431381827919607274014474106/1-291.jpg,3,1,1,FULL_ORIGINAL,P_00157,calc_case_description_train_set.csv
1.3.6.1.4.1.9590.100.1.2.34635781410374019620693403342113381312/1-006.jpg,2,1,1,FULL_ORIGINAL,P_01823,calc_case_description_train_set.csv
1.3.6.1.4.1.9590.100.1.2.348316458012317724403421295400199882746/1-056.jpg,3,1,1,FULL_ORIGINAL,P_01435,calc_case_description_train_set.csv
1.3.6.1.4.1.9590.100.1.2.349750807312790393730055294924200427235/1-041.jpg,6,1,1,FULL_ORIGINAL,P_01408,calc_case_description_train_set.csv
1.3.6.1.4.1.9590.100.1.2.35067210511731963308204215142101876938/1-169.jpg,2,1,1,FULL_ORIGINAL,P_00343,mass_case_description_test_set.csv
1.3.6.1.4.1.9590.100.1.2.350980850311147753010286012372415981452/1-161.jpg,3,1,1,FULL_ORIGINAL,P_00723,calc_case_description_test_set.csv
1.3.6.1.4.1.9590.100.1.2.353075360012805185539926762392393204597/1-057.jpg,2,1,1,FULL_ORIGINAL,P_01867,calc_case_description_test_set.csv
1.3.6.1.4.1.9590.100.1.2.354433452712125506109472218882588383168/1-193.jpg,3,1,1,FULL_ORIGINAL,P_01273,mass_case_description_train_set.csv
1.3.6.1.4.1.9590.100.1.2.354587724213018641829708719832963731890/1-179.jpg,5,1,1,FULL_ORIGINAL,P_01039,mass_case_description_train_set.csv
1.3.6.1.4.1.9590.100.1.2.35590721312086506938649140930073426690/1-280.jpg,4,1,1,FULL_ORIGINAL,P_01769,calc_case_description_train_set.csv
1.3.6.1.4.1.9590.100.1.2.357605884411852871634858571834022548369/1-058.jpg,2,1,1,FULL_ORIGINAL,P_01867,calc_case_description_test_set.csv
1.3.6.1.4.1.9590.100.1.2.357733109511142052942667895401202931898/1-283.jpg,2,1,1,FULL_ORIGINAL,P_01777,calc_case_description_train_set.csv
1.3.6.1.4.1.9590.100.1.2.359623265812836794310758245483736920239/1-285.jpg,2,1,1,FULL_ORIGINAL,P_01334,calc_case_description_train_set.csv
1.3.6.1.4.1.9590.100.1.2.360157171311166640209868517473621555491/1-189.jpg,2,1,1,FULL_ORIGINAL,P_01628,calc_case_description_train_set.csv
1.3.6.1.4.1.9590.100.1.2.361006687412978352026930392572898355185/1-025.jpg,2,1,1,FULL_ORIGINAL,P_00591,calc_case_description_train_set.csv
1.3.6.1.4.1.9590.100.1.2.361615590810593169621794397493992450457/1-205.jpg,2,1,1,FULL_ORIGINAL,P_01004,calc_case_description_test_set.csv
1.3.6.1.4.1.9590.100.1.2.364576182310649275205059995013616705815/1-199.jpg,2,1,1,FULL_ORIGINAL,P_00906,calc_case_description_test_set.csv
1.3.6.1.4.1.9590.100.1.2.365005191911113864718428952410983397105/1-255.jpg,3,1,1,FULL_ORIGINAL,P_01292,calc_case_description_train_set.csv
1.3.6.1.4.1.9590.100.1.2.366628925413741059424922517803153083311/1-244.jpg,2,1,1,FULL_ORIGINAL,P_00877,calc_case_description_train_set.csv
1.3.6.1.4.1.9590.100.1.2.367652626313050820436402654071233849762/1-254.jpg,2,1,1,FULL_ORIGINAL,P_01272,calc_case_description_test_set.csv
1.3.6.1.4.1.9590.100.1.2.371521100913612071339834479411057524792/1-289.jpg,3,1,1,FULL_ORIGINAL,P_01336,calc_case_description_train_set.csv
1.3.6.1.4.1.9590.100.1.2.372242868912771199931376088613260744366/1-274.jpg,4,1,1,FULL_ORIGINAL,P_00112,calc_case_description_train_set.csv
1.3.6.1.4.1.9590.100.1.2.372477449213206994517311205642014458234/1-154.jpg,2,1,1,FULL_ORIGINAL,P_00778,mass_case_description_train_set.csv
1.3.6.1.4.1.9590.100.1.2.374083122712703142909330807542822451571/1-104.jpg,2,1,1,FULL_ORIGINAL,P_00353,calc_case_description_test_set.csv
1.3.6.1.4.1.9590.100.1.2.37443696213477719541152546684205642873/1-141.jpg,2,1,1,FULL_ORIGINAL,P_00778,mass_case_description_train_set.csv
1.3.6.1.4.1.9590.100.1.2.374456071011395261732671102923665581412/1-282.jpg,2,1,1,FULL_ORIGINAL,P_00538,calc_case_description_train_set.csv
1.3.6.1.4.1.9590.100.1.2.37648580212957978230487540551259354524/1-135.jpg,4,1,1,FULL_ORIGINAL,P_01563,calc_case_description_train_set.csv
1.3.6.1.4.1.9590.100.1.2.378088573812909403003653228944192523130/1-142.jpg,2,1,1,FULL_ORIGINAL,P_01569,calc_case_description_train_set.csv
1.3.6.1.4.1.9590.100.1.2.378637774911181109017340773404018176403/1-220.jpg,2,1,1,FULL_ORIGINAL,P_00030,calc_case_description_train_set.csv
1.3.6.1.4.1.9590.100.1.2.379424626611314498035687579393230248791/1-004.jpg,2,1,1,FULL_ORIGINAL,P_01394,mass_case_description_train_set.csv
1.3.6.1.4.1.9590.100.1.2.380701120213421035907804021071386470112/1-230.jpg,3,1,1,FULL_ORIGINAL,P_00480,calc_case_description_train_set.csv
1.3.6.1.4.1.9590.100.1.2.381976643013069766914531749641434314807/1-098.jpg,2,1,1,FULL_ORIGINAL,P_00420,mass_case_description_train_set.csv
1.3.6.1.4.1.9590.100.1.2.38278183812652386942414834463217762151/1-003.jpg,2,1,1,FULL_ORIGINAL,P_00558,calc_case_description_train_set.csv
1.3.6.1.4.1.9590.100.1.2.383084015312187246035597241651391161847/1-124.jpg,5,1,1,FULL_ORIGINAL,P_00106,mass_case_description_train_set.csv
1.3.6.1.4.1.9590.100.1.2.38392550711685613036629925172762052505/1-132.jpg,2,1,1,FULL_ORIGINAL,P_00562,calc_case_description_test_set.csv
1.3.6.1.4.1.9590.100.1.2.385318920211943956428747846422015934212/1-052.jpg,2,1,1,FULL_ORIGINAL,P_00077,calc_case_description_test_set.csv
1.3.6.1.4.1.9590.100.1.2.385542139512279828113137552801440217253/1-091.jpg,3,1,1,FULL_ORIGINAL,P_01273,mass_case_description_train_set.csv
1.3.6.1.4.1.9590.100.1.2.385993857812880492226944782470456885854/1-276.jpg,6,1,1,FULL_ORIGINAL,P_00112,calc_case_description_train_set.csv
1.3.6.1.4.1.9590.100.1.2.387581711310058550336157943220309949932/1-237.jpg,2,1,1,FULL_ORIGINAL,P_00710,mass_case_description_train_set.csv
1.3.6.1.4.1.9590.100.1.2.389817989411024663139102163343345717561/1-090.jpg,2,1,1,FULL_ORIGINAL,P_00432,mass_case_description_train_set.csv
1.3.6.1.4.1.9590.100.1.2.389995599911683784537426904791813610322/1-012.jpg,2,1,1,FULL_ORIGINAL,P_01830,calc_case_description_train_set.csv
1.3.6.1.4.1.9590.100.1.2.390445679911979677723186008730880664974/1-137.jpg,3,1,1,FULL_ORIGINAL,P_01563,calc_case_description_train_set.csv
1.3.6.1.4.1.9590.100.1.2.391683051613386189935720165611428552711/1-212.jpg,2,1,1,FULL_ORIGINAL,P_01030,calc_case_description_test_set.csv
1.3.6.1.4.1.9590.100.1.2.391876226111657492320851639130860760300/1-232.jpg,3,1,1,FULL_ORIGINAL,P_00047,calc_case_description_train_set.csv
1.3.6.1.4.1.9590.100.1.2.391878367412107298322555186083225306500/1-165.jpg,3,1,1,FULL_ORIGINAL,P_00395,calc_case_description_train_set.csv
1.3.6.1.4.1.9590.100.1.2.392824033610403440541065069051448244461/1-243.jpg,2,1,1,FULL_ORIGINAL,P_01211,calc_case_description_test_set.csv
1.3.6.1.4.1.9590.100.1.2.394064951611063352439533738582020635502/1-062.jpg,6,1,1,FULL_ORIGINAL,P_01437,calc_case_description_train_set.csv
1.3.6.1.4.1.9590.100.1.2.395816981710430155040871950580555875906/1-201.jpg,3,1,1,FULL_ORIGINAL,P_00452,calc_case_description_train_set.csv
1.3.6.1.4.1.9590.100.1.2.396981393612748326718029170322079530285/1-284.jpg,2,1,1,FULL_ORIGINAL,P_01777,calc_case_description_train_set.csv
1.3.6.1.4.1.9590.100.1.2.397720794713249394831769852762428926860/1-061.jpg,2,1,1,FULL_ORIGINAL,P_01632,mass_case_description_train_set.csv
1.3.6.1.4.1.9590.100.1.2.398583749811807840942824239480101725501/1-171.jpg,3,1,1,FULL_ORIGINAL,P_01169,calc_case_description_train_set.csv
1.3.6.1.4.1.9590.100.1.2.40241796012972503835710381273577123474/1-245.jpg,2,1,1,FULL_ORIGINAL,P_00505,calc_case_description_train_set.csv
1.3.6.1.4.1.9590.100.1.2.404240513711402791630005935941482402779/1-165.jpg,2,1,1,FULL_ORIGINAL,P_00780,calc_case_description_train_set.csv
1.3.6.1.4.1.9590.100.1.2.406725628213826290127343763811145520834/1-192.jpg,3,1,1,FULL_ORIGINAL,P_00008,calc_case_description_train_set.csv
1.3.6.1.4.1.9590.100.1.2.409183696710028206511889027894090456209/1-109.jpg,2,1,1,FULL_ORIGINAL,P_01084,calc_case_description_train_set.csv
1.3.6.1.4.1.9590.100.1.2.409207265212595936741414537543409826717/1-059.jpg,6,1,1,FULL_ORIGINAL,P_01437,calc_case_description_train_set.csv
1.3.6.1.4.1.9590.100.1.2.410427251211324668806364507381692714222/1-054.jpg,3,1,1,FULL_ORIGINAL,P_01029,calc_case_description_train_set.csv
1.3.6.1.4.1.9590.100.1.2.412965116411834959031936355110915022364/1-061.jpg,6,1,1,FULL_ORIGINAL,P_01437,calc_case_description_train_set.csv
1.3.6.1.4.1.9590.100.1.2.413076703312521653912079095620483415220/1-034.jpg,3,1,1,FULL_ORIGINAL,P_01864,calc_case_description_train_set.csv
1.3.6.1.4.1.9590.100.1.2.413602028113120193338228195140084272353/1-260.jpg,2,1,1,FULL_ORIGINAL,P_01740,calc_case_description_train_set.csv
1.3.6.1.4.1.9590.100.1.2.413719783912934165841599750420836099995/1-060.jpg,6,1,1,FULL_ORIGINAL,P_01437,calc_case_description_train_set.csv
1.3.6.1.4.1.9590.100.1.2.416662957412543243601653044863599039456/1-267.jpg,2,1,1,FULL_ORIGINAL,P_01306,calc_case_description_train_set.csv
1.3.6.1.4.1.9590.100.1.2.418561324512073753104011565051004999833/1-271.jpg,2,1,1,FULL_ORIGINAL,P_00529,calc_case_description_train_set.csv
1.3.6.1.4.1.9590.100.1.2.418726330413468375416377862913199051800/1-086.jpg,3,1,1,FULL_ORIGINAL,P_00291,calc_case_description_train_set.csv
1.3.6.1.4.1.9590.100.1.2.418833601910824977825236822393667242976/1-005.jpg,2,1,1,FULL_ORIGINAL,P_00559,calc_case_description_train_set.csv
1.3.6.1.4.1.9590.100.1.2.419410657312812960613390693250292392446/1-037.jpg,3,1,1,FULL_ORIGINAL,P_00106,mass_case_description_train_set.csv
1.3.6.1.4.1.9590.100.1.2.420929550811391634524803001613230317195/1-168.jpg,5,1,1,FULL_ORIGINAL,P_00780,calc_case_description_train_set.csv
1.3.6.1.4.1.9590.100.1.2.422656463011863096307068917083358993904/1-246.jpg,2,1,1,FULL_ORIGINAL,P_00505,calc_case_description_train_set.csv
1.3.6.1.4.1.9590.100.1.2.423362291613867583614352145134188311824/1-131.jpg,2,1,1,FULL_ORIGINAL,P_00562,calc_case_description_test_set.csv
1.3.6.1.4.1.9590.100.1.2.424638564713660582219399223280435182077/1-055.jpg,2,1,1,FULL_ORIGINAL,P_01435,calc_case_description_train_set.csv
1.3.6.1.4.1.9590.100.1.2.428282732312404780809096756841821455735/1-244.jpg,2,1,1,FULL_ORIGINAL,P_01276,calc_case_description_train_set.csv
1.3.6.1.4.1.9590.100.1.2.429305306912093674921183906703340820050/1-056.jpg,2,1,1,FULL_ORIGINAL,P_01394,mass_case_description_train_set.csv
1.3.6.1.4.1.9590.100.1.2.42961349312417456019362994041740808084/1-289.jpg,3,1,1,FULL_ORIGINAL,P_00548,calc_case_description_train_set.csv
1.3.6.1.4.1.9590.100.1.2.43851505613003999219808826221286958753/1-202.jpg,4,1,1,FULL_ORIGINAL,P_00455,calc_case_description_train_set.csv
1.3.6.1.4.1.9590.100.1.2.44262460211112930513355519060642708846/1-046.jpg,2,1,1,FULL_ORIGINAL,P_00038,calc_case_description_test_set.csv
1.3.6.1.4.1.9590.100.1.2.45181171812179860242410412862000710959/1-172.jpg,3,1,1,FULL_ORIGINAL,P_01656,mass_case_description_train_set.csv
1.3.6.1.4.1.9590.100.1.2.46022236911789431731325175472242267906/1-126.jpg,2,1,1,FULL_ORIGINAL,P_00495,calc_case_description_test_set.csv
1.3.6.1.4.1.9590.100.1.2.47883640611308013407163449842256618014/1-254.jpg,2,1,1,FULL_ORIGINAL,P_00510,calc_case_description_train_set.csv
1.3.6.1.4.1.9590.100.1.2.499558611862523307025745211397332529/1-036.jpg,3,1,1,FULL_ORIGINAL,P_01864,calc_case_description_train_set.csv
1.3.6.1.4.1.9590.100.1.2.5375905712574640734093978892038034997/1-137.jpg,2,1,1,FULL_ORIGINAL,P_00328,mass_case_description_train_set.csv
1.3.6.1.4.1.9590.100.1.2.54526777612612901326957021463708001751/1-116.jpg,2,1,1,FULL_ORIGINAL,P_00705,calc_case_description_train_set.csv
1.3.6.1.4.1.9590.100.1.2.6180919612900839906134017803266829086/1-008.jpg,2,1,1,FULL_ORIGINAL,P_01823,calc_case_description_train_set.csv
1.3.6.1.4.1.9590.100.1.2.63343900612319317514099695681271398070/1-162.jpg,2,1,1,FULL_ORIGINAL,P_01160,calc_case_description_train_set.csv
1.3.6.1.4.1.9590.100.1.2.64030969412569743540386633463132009973/1-273.jpg,3,1,1,FULL_ORIGINAL,P_00924,calc_case_description_train_set.csv
1.3.6.1.4.1.9590.100.1.2.69706767613252231801714451640824864551/1-245.jpg,2,1,1,FULL_ORIGINAL,P_00877,calc_case_description_train_set.csv
1.3.6.1.4.1.9590.100.1.2.6976996512932984931911919992508457388/1-005.jpg,2,1,1,FULL_ORIGINAL,P_01823,calc_case_description_train_set.csv
1.3.6.1.4.1.9590.100.1.2.70417941813110709400911451302810714988/1-288.jpg,3,1,1,FULL_ORIGINAL,P_00548,calc_case_description_train_set.csv
1.3.6.1.4.1.9590.100.1.2.71928301212219609314072252602966948877/1-081.jpg,2,1,1,FULL_ORIGINAL,P_01457,calc_case_description_train_set.csv
1.3.6.1.4.1.9590.100.1.2.72724605212412925123701405661626433580/1-119.jpg,2,1,1,FULL_ORIGINAL,P_00419,mass_case_description_train_set.csv
1.3.6.1.4.1.9590.100.1.2.73252707912341102508423261633005345630/1-043.jpg,2,1,1,FULL_ORIGINAL,P_01656,mass_case_description_train_set.csv
1.3.6.1.4.1.9590.100.1.2.73924195711432583431916714813369912850/1-200.jpg,2,1,1,FULL_ORIGINAL,P_00452,calc_case_description_train_set.csv
1.3.6.1.4.1.9590.100.1.2.73990521811657770904256091191165394630/1-184.jpg,2,1,1,FULL_ORIGINAL,P_00432,calc_case_description_train_set.csv
1.3.6.1.4.1.9590.100.1.2.74027474310821018314806355672297628810/1-134.jpg,2,1,1,FULL_ORIGINAL,P_01563,calc_case_description_train_set.csv
1.3.6.1.4.1.9590.100.1.2.77317686512407756642679748473824118854/1-011.jpg,3,1,1,FULL_ORIGINAL,P_00969,calc_case_description_train_set.csv
1.3.6.1.4.1.9590.100.1.2.78048685311272436319576318981483918409/1-000.jpg,4,1,1,FULL_ORIGINAL,P_00557,calc_case_description_train_set.csv
1.3.6.1.4.1.9590.100.1.2.78659633412286804334758447712869319270/1-253.jpg,4,1,1,FULL_ORIGINAL,P_00510,calc_case_description_train_set.csv
1.3.6.1.4.1.9590.100.1.2.7873312912734344517113516921528817615/1-089.jpg,2,1,1,FULL_ORIGINAL,P_00666,calc_case_description_train_set.csv
1.3.6.1.4.1.9590.100.1.2.81539754211044334004264470202062485069/1-096.jpg,2,1,1,FULL_ORIGINAL,P_00302,calc_case_description_train_set.csv
1.3.6.1.4.1.9590.100.1.2.84009070412715037733762005843016924346/1-263.jpg,2,1,1,FULL_ORIGINAL,P_01300,calc_case_description_train_set.csv
1.3.6.1.4.1.9590.100.1.2.86021499212984209513577632382823931146/1-011.jpg,2,1,1,FULL_ORIGINAL,P_01830,calc_case_description_train_set.csv
1.3.6.1.4.1.9590.100.1.2.86649005613422706525272086031838475876/1-294.jpg,2,1,1,FULL_ORIGINAL,P_00555,calc_case_description_train_set.csv
1.3.6.1.4.1.9590.100.1.2.87251504411596839017815563663575708222/1-219.jpg,6,1,1,FULL_ORIGINAL,P_01039,mass_case_description_train_set.csv
1.3.6.1.4.1.9590.100.1.2.87340566612403392138506082870553990204/1-013.jpg,2,1,1,FULL_ORIGINAL,P_00969,mass_case_description_test_set.csv
1.3.6.1.4.1.9590.100.1.2.90198240411430918528890761251995414350/1-224.jpg,2,1,1,FULL_ORIGINAL,P_00865,mass_case_description_train_set.csv
1.3.6.1.4.1.9590.100.1.2.9153930912943760133160764361854116666/1-244.jpg,2,1,1,FULL_ORIGINAL,P_00505,calc_case_description_train_set.csv
1.3.6.1.4.1.9590.100.1.2.93188214610698815600756310350102908043/1-233.jpg,3,1,1,FULL_ORIGINAL,P_00047,calc_case_description_train_set.csv
1.3.6.1.4.1.9590.100.1.2.9496122213546378401249829543613048892/1-081.jpg,2,1,1,FULL_ORIGINAL,P_00214,calc_case_description_test_set.csv
1.3.6.1.4.1.9590.100.1.2.9496373211857212225150798083319004190/1-003.jpg,2,1,1,FULL_ORIGINAL,P_01819,calc_case_description_train_set.csv
1.3.6.1.4.1.9590.100.1.2.95066275112816836637397827910274893726/1-298.jpg,2,1,1,FULL_ORIGINAL,P_00928,mass_case_description_test_set.csv
1.3.6.1.4.1.9590.100.1.2.95178553213906004503673012881164120165/1-231.jpg,3,1,1,FULL_ORIGINAL,P_01262,calc_case_description_train_set.csv
1.3.6.1.4.1.9590.100.1.2.95930514311143196521379851620797527375/1-133.jpg,2,1,1,FULL_ORIGINAL,P_00173,mass_case_description_test_set.csv
1.3.6.1.4.1.9590.100.1.2.97030300912155737540434925043894681312/1-279.jpg,5,1,1,FULL_ORIGINAL,P_01769,calc_case_description_train_set.csv
1.3.6.1.4.1.9590.100.1.2.98765885412946410823689524902893984551/1-007.jpg,2,1,1,FULL_ORIGINAL,P_01823,calc_case_description_train_set.csv
