metric,value
total_directories,6775.0
total_jpeg_files,10237.0
folders_with_0_images,1.0
folders_with_1_image,3311.0
folders_with_2_images,3463.0
folders_with_3_images,0.0
folders_with_4+_images,0.0
min_images_per_folder,1.0
max_images_per_folder,2.0
avg_images_per_folder,1.51
median_images_per_folder,2.0
min_directory_depth,0.0
max_directory_depth,1.0
avg_directory_depth,1.0
duplicate_filenames_count,600.0
duplicate_paths_count,0.0
total_csv_case_records,3568.0
records_with_resolved_image,3568.0
total_csv_image_references,10704.0
total_resolved_references,10702.0
resolved_exact,0.0
resolved_normalized,10702.0
resolved_unique_filename,0.0
total_ambiguous_references,0.0
total_unresolved_references,2.0
full_mammogram_resolved,3568.0
full_mammogram_unresolved,0.0
cropped_image_resolved,3567.0
cropped_image_unresolved,1.0
roi_mask_resolved,3567.0
roi_mask_unresolved,1.0
ext_count_.lnk,12.0
ext_count_.jpg,10237.0
