patient_id,abnormality_id,abnormality_type,pathology,binary_label,breast_side,image_view,dataset_split,clean_image_path,noisy_image_path,denoised_image_path,noise_type,denoising_method,noise_seed,denoising_parameters,noisy_image_hash,input_height,input_width,output_height,output_width,input_dtype,output_dtype,input_min,input_max,output_min,output_max,output_mean,output_std,processing_time,status,validation_message
P_00004,1,mass,BENIGN,0,LEFT,CC,train,data/processed/baseline/full_mammogram/P_00004_LEFT_CC_1_baseline.png,data/processed/noise/gaussian/P_00004_1_LEFT_CC_gaussian.png,data/processed/denoising/gaussian/median/P_00004_1_LEFT_CC_gaussian_median.png,gaussian,median,1181886473,"{""kernel_size"": 3}",8d91e9707f4fa43f,5491,2986,5491,2986,uint8,uint8,0.0,1.0,0.0,1.0,0.2169,0.2606,1.1226,SUCCESS,Verified PASS
P_00004,1,mass,BENIGN,0,LEFT,CC,train,data/processed/baseline/full_mammogram/P_00004_LEFT_CC_1_baseline.png,data/processed/noise/gaussian/P_00004_1_LEFT_CC_gaussian.png,data/processed/denoising/gaussian/gaussian/P_00004_1_LEFT_CC_gaussian_gaussian.png,gaussian,gaussian,1181886473,"{""kernel_size"": 5, ""sigma"": 1.0}",8d91e9707f4fa43f,5491,2986,5491,2986,uint8,uint8,0.0,1.0,0.0,0.9999,0.2206,0.2568,4.8832,SUCCESS,Verified PASS
P_00004,1,mass,BENIGN,0,LEFT,CC,train,data/processed/baseline/full_mammogram/P_00004_LEFT_CC_1_baseline.png,data/processed/noise/gaussian/P_00004_1_LEFT_CC_gaussian.png,data/processed/denoising/gaussian/wiener/P_00004_1_LEFT_CC_gaussian_wiener.png,gaussian,wiener,1181886473,"{""window_size"": 5}",8d91e9707f4fa43f,5491,2986,5491,2986,uint8,uint8,0.0,1.0,0.0,0.9997,0.2206,0.2569,6.6317,SUCCESS,Verified PASS
P_00004,1,mass,BENIGN,0,LEFT,CC,train,data/processed/baseline/full_mammogram/P_00004_LEFT_CC_1_baseline.png,data/processed/noise/gaussian/P_00004_1_LEFT_CC_gaussian.png,data/processed/denoising/gaussian/bilateral/P_00004_1_LEFT_CC_gaussian_bilateral.png,gaussian,bilateral,1181886473,"{""diameter"": 5, ""sigma_color"": 0.1, ""sigma_space"": 5.0}",8d91e9707f4fa43f,5491,2986,5491,2986,uint8,uint8,0.0,1.0,0.0,1.0,0.2204,0.2571,1.2844,SUCCESS,Verified PASS
P_00004,1,mass,BENIGN,0,LEFT,CC,train,data/processed/baseline/full_mammogram/P_00004_LEFT_CC_1_baseline.png,data/processed/noise/gaussian/P_00004_1_LEFT_CC_gaussian.png,data/processed/denoising/gaussian/non_local_means/P_00004_1_LEFT_CC_gaussian_non_local_means.png,gaussian,non_local_means,1181886473,"{""patch_size"": 5, ""patch_distance"": 6, ""h"": 0.05}",8d91e9707f4fa43f,5491,2986,5491,2986,uint8,uint8,0.0,1.0,0.0,1.0,0.2202,0.2574,2.9963,SUCCESS,Verified PASS
P_00004,1,mass,BENIGN,0,LEFT,CC,train,data/processed/baseline/full_mammogram/P_00004_LEFT_CC_1_baseline.png,data/processed/noise/gaussian/P_00004_1_LEFT_CC_gaussian.png,data/processed/denoising/gaussian/anscombe_wiener/P_00004_1_LEFT_CC_gaussian_anscombe_wiener.png,gaussian,anscombe_wiener,1181886473,"{""scale"": 255.0, ""wiener_window_size"": 5, ""sigma"": 1.0}",8d91e9707f4fa43f,5491,2986,5491,2986,uint8,uint8,0.0,1.0,0.0,0.9997,0.2193,0.2576,5.0766,SUCCESS,Verified PASS
P_00004,1,mass,BENIGN,0,LEFT,CC,train,data/processed/baseline/full_mammogram/P_00004_LEFT_CC_1_baseline.png,data/processed/noise/gaussian/P_00004_1_LEFT_CC_gaussian.png,data/processed/denoising/gaussian/adaptive_median/P_00004_1_LEFT_CC_gaussian_adaptive_median.png,gaussian,adaptive_median,1181886473,"{""min_window"": 3, ""max_window"": 7}",8d91e9707f4fa43f,5491,2986,5491,2986,uint8,uint8,0.0,1.0,0.0,1.0,0.219,0.2589,81.4319,SUCCESS,Verified PASS
P_00004,1,mass,BENIGN,0,LEFT,CC,train,data/processed/baseline/full_mammogram/P_00004_LEFT_CC_1_baseline.png,data/processed/noise/gaussian/P_00004_1_LEFT_CC_gaussian.png,data/processed/denoising/gaussian/kuan/P_00004_1_LEFT_CC_gaussian_kuan.png,gaussian,kuan,1181886473,"{""window_size"": 5, ""noise_var"": 0.04, ""damping"": 1.0}",8d91e9707f4fa43f,5491,2986,5491,2986,uint8,uint8,0.0,1.0,0.0,0.9997,0.2205,0.257,1.3596,SUCCESS,Verified PASS
P_00004,1,mass,BENIGN,0,LEFT,CC,train,data/processed/baseline/full_mammogram/P_00004_LEFT_CC_1_baseline.png,data/processed/noise/salt_pepper/P_00004_1_LEFT_CC_salt_pepper.png,data/processed/denoising/salt_pepper/median/P_00004_1_LEFT_CC_salt_pepper_median.png,salt_pepper,median,3232099905,"{""kernel_size"": 3}",7d1a3403916cfd60,5491,2986,5491,2986,uint8,uint8,0.0,1.0,0.0,1.0,0.2145,0.2628,0.3829,SUCCESS,Verified PASS
P_00004,1,mass,BENIGN,0,LEFT,CC,train,data/processed/baseline/full_mammogram/P_00004_LEFT_CC_1_baseline.png,data/processed/noise/salt_pepper/P_00004_1_LEFT_CC_salt_pepper.png,data/processed/denoising/salt_pepper/gaussian/P_00004_1_LEFT_CC_salt_pepper_gaussian.png,salt_pepper,gaussian,3232099905,"{""kernel_size"": 5, ""sigma"": 1.0}",7d1a3403916cfd60,5491,2986,5491,2986,uint8,uint8,0.0,1.0,0.0,1.0,0.2173,0.2608,0.7452,SUCCESS,Verified PASS
P_00004,1,mass,BENIGN,0,LEFT,CC,train,data/processed/baseline/full_mammogram/P_00004_LEFT_CC_1_baseline.png,data/processed/noise/salt_pepper/P_00004_1_LEFT_CC_salt_pepper.png,data/processed/denoising/salt_pepper/wiener/P_00004_1_LEFT_CC_salt_pepper_wiener.png,salt_pepper,wiener,3232099905,"{""window_size"": 5}",7d1a3403916cfd60,5491,2986,5491,2986,uint8,uint8,0.0,1.0,0.0,1.0,0.2173,0.2655,3.6015,SUCCESS,Verified PASS
P_00004,1,mass,BENIGN,0,LEFT,CC,train,data/processed/baseline/full_mammogram/P_00004_LEFT_CC_1_baseline.png,data/processed/noise/salt_pepper/P_00004_1_LEFT_CC_salt_pepper.png,data/processed/denoising/salt_pepper/bilateral/P_00004_1_LEFT_CC_salt_pepper_bilateral.png,salt_pepper,bilateral,3232099905,"{""diameter"": 5, ""sigma_color"": 0.1, ""sigma_space"": 5.0}",7d1a3403916cfd60,5491,2986,5491,2986,uint8,uint8,0.0,1.0,0.0,1.0,0.2173,0.2677,0.4801,SUCCESS,Verified PASS
P_00004,1,mass,BENIGN,0,LEFT,CC,train,data/processed/baseline/full_mammogram/P_00004_LEFT_CC_1_baseline.png,data/processed/noise/salt_pepper/P_00004_1_LEFT_CC_salt_pepper.png,data/processed/denoising/salt_pepper/non_local_means/P_00004_1_LEFT_CC_salt_pepper_non_local_means.png,salt_pepper,non_local_means,3232099905,"{""patch_size"": 5, ""patch_distance"": 6, ""h"": 0.05}",7d1a3403916cfd60,5491,2986,5491,2986,uint8,uint8,0.0,1.0,0.0,1.0,0.2173,0.2677,1.6001,SUCCESS,Verified PASS
P_00004,1,mass,BENIGN,0,LEFT,CC,train,data/processed/baseline/full_mammogram/P_00004_LEFT_CC_1_baseline.png,data/processed/noise/salt_pepper/P_00004_1_LEFT_CC_salt_pepper.png,data/processed/denoising/salt_pepper/anscombe_wiener/P_00004_1_LEFT_CC_salt_pepper_anscombe_wiener.png,salt_pepper,anscombe_wiener,3232099905,"{""scale"": 255.0, ""wiener_window_size"": 5, ""sigma"": 1.0}",7d1a3403916cfd60,5491,2986,5491,2986,uint8,uint8,0.0,1.0,0.0,1.0,0.2169,0.2666,2.9211,SUCCESS,Verified PASS
P_00004,1,mass,BENIGN,0,LEFT,CC,train,data/processed/baseline/full_mammogram/P_00004_LEFT_CC_1_baseline.png,data/processed/noise/salt_pepper/P_00004_1_LEFT_CC_salt_pepper.png,data/processed/denoising/salt_pepper/adaptive_median/P_00004_1_LEFT_CC_salt_pepper_adaptive_median.png,salt_pepper,adaptive_median,3232099905,"{""min_window"": 3, ""max_window"": 7}",7d1a3403916cfd60,5491,2986,5491,2986,uint8,uint8,0.0,1.0,0.0,1.0,0.2145,0.2628,17.1194,SUCCESS,Verified PASS
P_00004,1,mass,BENIGN,0,LEFT,CC,train,data/processed/baseline/full_mammogram/P_00004_LEFT_CC_1_baseline.png,data/processed/noise/salt_pepper/P_00004_1_LEFT_CC_salt_pepper.png,data/processed/denoising/salt_pepper/kuan/P_00004_1_LEFT_CC_salt_pepper_kuan.png,salt_pepper,kuan,3232099905,"{""window_size"": 5, ""noise_var"": 0.04, ""damping"": 1.0}",7d1a3403916cfd60,5491,2986,5491,2986,uint8,uint8,0.0,1.0,0.0,1.0,0.2172,0.2653,0.8146,SUCCESS,Verified PASS
P_00004,1,mass,BENIGN,0,LEFT,CC,train,data/processed/baseline/full_mammogram/P_00004_LEFT_CC_1_baseline.png,data/processed/noise/speckle/P_00004_1_LEFT_CC_speckle.png,data/processed/denoising/speckle/median/P_00004_1_LEFT_CC_speckle_median.png,speckle,median,3657622083,"{""kernel_size"": 3}",1630f4dfd4ff31f5,5491,2986,5491,2986,uint8,uint8,0.0,1.0,0.0,1.0,0.2142,0.2623,0.4955,SUCCESS,Verified PASS
P_00004,1,mass,BENIGN,0,LEFT,CC,train,data/processed/baseline/full_mammogram/P_00004_LEFT_CC_1_baseline.png,data/processed/noise/speckle/P_00004_1_LEFT_CC_speckle.png,data/processed/denoising/speckle/gaussian/P_00004_1_LEFT_CC_speckle_gaussian.png,speckle,gaussian,3657622083,"{""kernel_size"": 5, ""sigma"": 1.0}",1630f4dfd4ff31f5,5491,2986,5491,2986,uint8,uint8,0.0,1.0,0.0,1.0,0.214,0.2615,0.5382,SUCCESS,Verified PASS
P_00004,1,mass,BENIGN,0,LEFT,CC,train,data/processed/baseline/full_mammogram/P_00004_LEFT_CC_1_baseline.png,data/processed/noise/speckle/P_00004_1_LEFT_CC_speckle.png,data/processed/denoising/speckle/wiener/P_00004_1_LEFT_CC_speckle_wiener.png,speckle,wiener,3657622083,"{""window_size"": 5}",1630f4dfd4ff31f5,5491,2986,5491,2986,uint8,uint8,0.0,1.0,0.0,0.9992,0.214,0.2615,2.5918,SUCCESS,Verified PASS
P_00004,1,mass,BENIGN,0,LEFT,CC,train,data/processed/baseline/full_mammogram/P_00004_LEFT_CC_1_baseline.png,data/processed/noise/speckle/P_00004_1_LEFT_CC_speckle.png,data/processed/denoising/speckle/bilateral/P_00004_1_LEFT_CC_speckle_bilateral.png,speckle,bilateral,3657622083,"{""diameter"": 5, ""sigma_color"": 0.1, ""sigma_space"": 5.0}",1630f4dfd4ff31f5,5491,2986,5491,2986,uint8,uint8,0.0,1.0,0.0,1.0,0.214,0.2616,0.4142,SUCCESS,Verified PASS
P_00004,1,mass,BENIGN,0,LEFT,CC,train,data/processed/baseline/full_mammogram/P_00004_LEFT_CC_1_baseline.png,data/processed/noise/speckle/P_00004_1_LEFT_CC_speckle.png,data/processed/denoising/speckle/non_local_means/P_00004_1_LEFT_CC_speckle_non_local_means.png,speckle,non_local_means,3657622083,"{""patch_size"": 5, ""patch_distance"": 6, ""h"": 0.05}",1630f4dfd4ff31f5,5491,2986,5491,2986,uint8,uint8,0.0,1.0,0.0,1.0,0.214,0.2616,1.4885,SUCCESS,Verified PASS
P_00004,1,mass,BENIGN,0,LEFT,CC,train,data/processed/baseline/full_mammogram/P_00004_LEFT_CC_1_baseline.png,data/processed/noise/speckle/P_00004_1_LEFT_CC_speckle.png,data/processed/denoising/speckle/anscombe_wiener/P_00004_1_LEFT_CC_speckle_anscombe_wiener.png,speckle,anscombe_wiener,3657622083,"{""scale"": 255.0, ""wiener_window_size"": 5, ""sigma"": 1.0}",1630f4dfd4ff31f5,5491,2986,5491,2986,uint8,uint8,0.0,1.0,0.0,0.998,0.2138,0.2613,2.8507,SUCCESS,Verified PASS
P_00004,1,mass,BENIGN,0,LEFT,CC,train,data/processed/baseline/full_mammogram/P_00004_LEFT_CC_1_baseline.png,data/processed/noise/speckle/P_00004_1_LEFT_CC_speckle.png,data/processed/denoising/speckle/adaptive_median/P_00004_1_LEFT_CC_speckle_adaptive_median.png,speckle,adaptive_median,3657622083,"{""min_window"": 3, ""max_window"": 7}",1630f4dfd4ff31f5,5491,2986,5491,2986,uint8,uint8,0.0,1.0,0.0,1.0,0.2141,0.262,16.9494,SUCCESS,Verified PASS
P_00004,1,mass,BENIGN,0,LEFT,CC,train,data/processed/baseline/full_mammogram/P_00004_LEFT_CC_1_baseline.png,data/processed/noise/speckle/P_00004_1_LEFT_CC_speckle.png,data/processed/denoising/speckle/kuan/P_00004_1_LEFT_CC_speckle_kuan.png,speckle,kuan,3657622083,"{""window_size"": 5, ""noise_var"": 0.04, ""damping"": 1.0}",1630f4dfd4ff31f5,5491,2986,5491,2986,uint8,uint8,0.0,1.0,0.0,1.0,0.214,0.2613,0.6093,SUCCESS,Verified PASS
P_00004,1,mass,BENIGN,0,LEFT,CC,train,data/processed/baseline/full_mammogram/P_00004_LEFT_CC_1_baseline.png,data/processed/noise/poisson/P_00004_1_LEFT_CC_poisson.png,data/processed/denoising/poisson/median/P_00004_1_LEFT_CC_poisson_median.png,poisson,median,2092239574,"{""kernel_size"": 3}",f40b8fa80da31064,5491,2986,5491,2986,uint8,uint8,0.0,1.0,0.0,1.0,0.2115,0.2612,0.3791,SUCCESS,Verified PASS
P_00004,1,mass,BENIGN,0,LEFT,CC,train,data/processed/baseline/full_mammogram/P_00004_LEFT_CC_1_baseline.png,data/processed/noise/poisson/P_00004_1_LEFT_CC_poisson.png,data/processed/denoising/poisson/gaussian/P_00004_1_LEFT_CC_poisson_gaussian.png,poisson,gaussian,2092239574,"{""kernel_size"": 5, ""sigma"": 1.0}",f40b8fa80da31064,5491,2986,5491,2986,uint8,uint8,0.0,1.0,0.0,0.9992,0.2127,0.2588,0.4876,SUCCESS,Verified PASS
P_00004,1,mass,BENIGN,0,LEFT,CC,train,data/processed/baseline/full_mammogram/P_00004_LEFT_CC_1_baseline.png,data/processed/noise/poisson/P_00004_1_LEFT_CC_poisson.png,data/processed/denoising/poisson/wiener/P_00004_1_LEFT_CC_poisson_wiener.png,poisson,wiener,2092239574,"{""window_size"": 5}",f40b8fa80da31064,5491,2986,5491,2986,uint8,uint8,0.0,1.0,0.0,0.9972,0.2127,0.2622,2.5634,SUCCESS,Verified PASS
P_00004,1,mass,BENIGN,0,LEFT,CC,train,data/processed/baseline/full_mammogram/P_00004_LEFT_CC_1_baseline.png,data/processed/noise/poisson/P_00004_1_LEFT_CC_poisson.png,data/processed/denoising/poisson/bilateral/P_00004_1_LEFT_CC_poisson_bilateral.png,poisson,bilateral,2092239574,"{""diameter"": 5, ""sigma_color"": 0.1, ""sigma_space"": 5.0}",f40b8fa80da31064,5491,2986,5491,2986,uint8,uint8,0.0,1.0,0.0,1.0,0.2125,0.2647,0.3762,SUCCESS,Verified PASS
P_00004,1,mass,BENIGN,0,LEFT,CC,train,data/processed/baseline/full_mammogram/P_00004_LEFT_CC_1_baseline.png,data/processed/noise/poisson/P_00004_1_LEFT_CC_poisson.png,data/processed/denoising/poisson/non_local_means/P_00004_1_LEFT_CC_poisson_non_local_means.png,poisson,non_local_means,2092239574,"{""patch_size"": 5, ""patch_distance"": 6, ""h"": 0.05}",f40b8fa80da31064,5491,2986,5491,2986,uint8,uint8,0.0,1.0,0.0,1.0,0.2126,0.2703,1.3278,SUCCESS,Verified PASS
P_00004,1,mass,BENIGN,0,LEFT,CC,train,data/processed/baseline/full_mammogram/P_00004_LEFT_CC_1_baseline.png,data/processed/noise/poisson/P_00004_1_LEFT_CC_poisson.png,data/processed/denoising/poisson/anscombe_wiener/P_00004_1_LEFT_CC_poisson_anscombe_wiener.png,poisson,anscombe_wiener,2092239574,"{""scale"": 255.0, ""wiener_window_size"": 5, ""sigma"": 1.0}",f40b8fa80da31064,5491,2986,5491,2986,uint8,uint8,0.0,1.0,0.0,0.9975,0.2118,0.2668,2.5184,SUCCESS,Verified PASS
P_00004,1,mass,BENIGN,0,LEFT,CC,train,data/processed/baseline/full_mammogram/P_00004_LEFT_CC_1_baseline.png,data/processed/noise/poisson/P_00004_1_LEFT_CC_poisson.png,data/processed/denoising/poisson/adaptive_median/P_00004_1_LEFT_CC_poisson_adaptive_median.png,poisson,adaptive_median,2092239574,"{""min_window"": 3, ""max_window"": 7}",f40b8fa80da31064,5491,2986,5491,2986,uint8,uint8,0.0,1.0,0.0,1.0,0.2118,0.2631,15.8711,SUCCESS,Verified PASS
P_00004,1,mass,BENIGN,0,LEFT,CC,train,data/processed/baseline/full_mammogram/P_00004_LEFT_CC_1_baseline.png,data/processed/noise/poisson/P_00004_1_LEFT_CC_poisson.png,data/processed/denoising/poisson/kuan/P_00004_1_LEFT_CC_poisson_kuan.png,poisson,kuan,2092239574,"{""window_size"": 5, ""noise_var"": 0.04, ""damping"": 1.0}",f40b8fa80da31064,5491,2986,5491,2986,uint8,uint8,0.0,1.0,0.0,0.9986,0.2126,0.2605,0.5362,SUCCESS,Verified PASS
P_00004,1,mass,BENIGN,0,LEFT,CC,train,data/processed/baseline/full_mammogram/P_00004_LEFT_CC_1_baseline.png,data/processed/noise/mixed_poisson_gaussian/P_00004_1_LEFT_CC_mixed_poisson_gaussian.png,data/processed/denoising/mixed_poisson_gaussian/median/P_00004_1_LEFT_CC_mixed_poisson_gaussian_median.png,mixed_poisson_gaussian,median,2267831614,"{""kernel_size"": 3}",4dbc7da3bdf66e21,5491,2986,5491,2986,uint8,uint8,0.0,1.0,0.0,1.0,0.2134,0.2598,0.428,SUCCESS,Verified PASS
P_00004,1,mass,BENIGN,0,LEFT,CC,train,data/processed/baseline/full_mammogram/P_00004_LEFT_CC_1_baseline.png,data/processed/noise/mixed_poisson_gaussian/P_00004_1_LEFT_CC_mixed_poisson_gaussian.png,data/processed/denoising/mixed_poisson_gaussian/gaussian/P_00004_1_LEFT_CC_mixed_poisson_gaussian_gaussian.png,mixed_poisson_gaussian,gaussian,2267831614,"{""kernel_size"": 5, ""sigma"": 1.0}",4dbc7da3bdf66e21,5491,2986,5491,2986,uint8,uint8,0.0,1.0,0.0,0.9997,0.217,0.2553,0.4862,SUCCESS,Verified PASS
P_00004,1,mass,BENIGN,0,LEFT,CC,train,data/processed/baseline/full_mammogram/P_00004_LEFT_CC_1_baseline.png,data/processed/noise/mixed_poisson_gaussian/P_00004_1_LEFT_CC_mixed_poisson_gaussian.png,data/processed/denoising/mixed_poisson_gaussian/wiener/P_00004_1_LEFT_CC_mixed_poisson_gaussian_wiener.png,mixed_poisson_gaussian,wiener,2267831614,"{""window_size"": 5}",4dbc7da3bdf66e21,5491,2986,5491,2986,uint8,uint8,0.0,1.0,0.0,0.9944,0.217,0.2588,2.3394,SUCCESS,Verified PASS
P_00004,1,mass,BENIGN,0,LEFT,CC,train,data/processed/baseline/full_mammogram/P_00004_LEFT_CC_1_baseline.png,data/processed/noise/mixed_poisson_gaussian/P_00004_1_LEFT_CC_mixed_poisson_gaussian.png,data/processed/denoising/mixed_poisson_gaussian/bilateral/P_00004_1_LEFT_CC_mixed_poisson_gaussian_bilateral.png,mixed_poisson_gaussian,bilateral,2267831614,"{""diameter"": 5, ""sigma_color"": 0.1, ""sigma_space"": 5.0}",4dbc7da3bdf66e21,5491,2986,5491,2986,uint8,uint8,0.0,1.0,0.0,1.0,0.2168,0.2616,0.4974,SUCCESS,Verified PASS
P_00004,1,mass,BENIGN,0,LEFT,CC,train,data/processed/baseline/full_mammogram/P_00004_LEFT_CC_1_baseline.png,data/processed/noise/mixed_poisson_gaussian/P_00004_1_LEFT_CC_mixed_poisson_gaussian.png,data/processed/denoising/mixed_poisson_gaussian/non_local_means/P_00004_1_LEFT_CC_mixed_poisson_gaussian_non_local_means.png,mixed_poisson_gaussian,non_local_means,2267831614,"{""patch_size"": 5, ""patch_distance"": 6, ""h"": 0.05}",4dbc7da3bdf66e21,5491,2986,5491,2986,uint8,uint8,0.0,1.0,0.0,1.0,0.2169,0.2673,1.4839,SUCCESS,Verified PASS
P_00004,1,mass,BENIGN,0,LEFT,CC,train,data/processed/baseline/full_mammogram/P_00004_LEFT_CC_1_baseline.png,data/processed/noise/mixed_poisson_gaussian/P_00004_1_LEFT_CC_mixed_poisson_gaussian.png,data/processed/denoising/mixed_poisson_gaussian/anscombe_wiener/P_00004_1_LEFT_CC_mixed_poisson_gaussian_anscombe_wiener.png,mixed_poisson_gaussian,anscombe_wiener,2267831614,"{""scale"": 255.0, ""wiener_window_size"": 5, ""sigma"": 1.0}",4dbc7da3bdf66e21,5491,2986,5491,2986,uint8,uint8,0.0,1.0,0.0,0.9975,0.2153,0.2645,2.5147,SUCCESS,Verified PASS
P_00004,1,mass,BENIGN,0,LEFT,CC,train,data/processed/baseline/full_mammogram/P_00004_LEFT_CC_1_baseline.png,data/processed/noise/mixed_poisson_gaussian/P_00004_1_LEFT_CC_mixed_poisson_gaussian.png,data/processed/denoising/mixed_poisson_gaussian/adaptive_median/P_00004_1_LEFT_CC_mixed_poisson_gaussian_adaptive_median.png,mixed_poisson_gaussian,adaptive_median,2267831614,"{""min_window"": 3, ""max_window"": 7}",4dbc7da3bdf66e21,5491,2986,5491,2986,uint8,uint8,0.0,1.0,0.0,1.0,0.2148,0.2612,28.8095,SUCCESS,Verified PASS
P_00004,1,mass,BENIGN,0,LEFT,CC,train,data/processed/baseline/full_mammogram/P_00004_LEFT_CC_1_baseline.png,data/processed/noise/mixed_poisson_gaussian/P_00004_1_LEFT_CC_mixed_poisson_gaussian.png,data/processed/denoising/mixed_poisson_gaussian/kuan/P_00004_1_LEFT_CC_mixed_poisson_gaussian_kuan.png,mixed_poisson_gaussian,kuan,2267831614,"{""window_size"": 5, ""noise_var"": 0.04, ""damping"": 1.0}",4dbc7da3bdf66e21,5491,2986,5491,2986,uint8,uint8,0.0,1.0,0.0,0.9994,0.2169,0.2574,0.697,SUCCESS,Verified PASS
