denoising_method,noise_type,count,successful_count,mean_processing_time,mean_output_mean,mean_output_std,mean_output_min,mean_output_max
median,gaussian,1,1,1.1226,0.2169,0.2606,0.0,1.0
median,salt_pepper,1,1,0.3829,0.2145,0.2628,0.0,1.0
median,speckle,1,1,0.4955,0.2142,0.2623,0.0,1.0
median,poisson,1,1,0.3791,0.2115,0.2612,0.0,1.0
median,mixed_poisson_gaussian,1,1,0.428,0.2134,0.2598,0.0,1.0
gaussian,gaussian,1,1,4.8832,0.2206,0.2568,0.0,0.9999
gaussian,salt_pepper,1,1,0.7452,0.2173,0.2608,0.0,1.0
gaussian,speckle,1,1,0.5382,0.214,0.2615,0.0,1.0
gaussian,poisson,1,1,0.4876,0.2127,0.2588,0.0,0.9992
gaussian,mixed_poisson_gaussian,1,1,0.4862,0.217,0.2553,0.0,0.9997
wiener,gaussian,1,1,6.6317,0.2206,0.2569,0.0,0.9997
wiener,salt_pepper,1,1,3.6015,0.2173,0.2655,0.0,1.0
wiener,speckle,1,1,2.5918,0.214,0.2615,0.0,0.9992
wiener,poisson,1,1,2.5634,0.2127,0.2622,0.0,0.9972
wiener,mixed_poisson_gaussian,1,1,2.3394,0.217,0.2588,0.0,0.9944
bilateral,gaussian,1,1,1.2844,0.2204,0.2571,0.0,1.0
bilateral,salt_pepper,1,1,0.4801,0.2173,0.2677,0.0,1.0
bilateral,speckle,1,1,0.4142,0.214,0.2616,0.0,1.0
bilateral,poisson,1,1,0.3762,0.2125,0.2647,0.0,1.0
bilateral,mixed_poisson_gaussian,1,1,0.4974,0.2168,0.2616,0.0,1.0
non_local_means,gaussian,1,1,2.9963,0.2202,0.2574,0.0,1.0
non_local_means,salt_pepper,1,1,1.6001,0.2173,0.2677,0.0,1.0
non_local_means,speckle,1,1,1.4885,0.214,0.2616,0.0,1.0
non_local_means,poisson,1,1,1.3278,0.2126,0.2703,0.0,1.0
non_local_means,mixed_poisson_gaussian,1,1,1.4839,0.2169,0.2673,0.0,1.0
anscombe_wiener,gaussian,1,1,5.0766,0.2193,0.2576,0.0,0.9997
anscombe_wiener,salt_pepper,1,1,2.9211,0.2169,0.2666,0.0,1.0
anscombe_wiener,speckle,1,1,2.8507,0.2138,0.2613,0.0,0.998
anscombe_wiener,poisson,1,1,2.5184,0.2118,0.2668,0.0,0.9975
anscombe_wiener,mixed_poisson_gaussian,1,1,2.5147,0.2153,0.2645,0.0,0.9975
adaptive_median,gaussian,1,1,81.4319,0.219,0.2589,0.0,1.0
adaptive_median,salt_pepper,1,1,17.1194,0.2145,0.2628,0.0,1.0
adaptive_median,speckle,1,1,16.9494,0.2141,0.262,0.0,1.0
adaptive_median,poisson,1,1,15.8711,0.2118,0.2631,0.0,1.0
adaptive_median,mixed_poisson_gaussian,1,1,28.8095,0.2148,0.2612,0.0,1.0
kuan,gaussian,1,1,1.3596,0.2205,0.257,0.0,0.9997
kuan,salt_pepper,1,1,0.8146,0.2172,0.2653,0.0,1.0
kuan,speckle,1,1,0.6093,0.214,0.2613,0.0,1.0
kuan,poisson,1,1,0.5362,0.2126,0.2605,0.0,0.9986
kuan,mixed_poisson_gaussian,1,1,0.697,0.2169,0.2574,0.0,0.9994
