patient_id,abnormality_id,abnormality_type,pathology,binary_label,breast_side,image_view,official_split,clean_image_path,noise_image_path,noise_type,noise_seed,noise_parameters,original_height,original_width,noisy_height,noisy_width,dtype,clean_min,clean_max,clean_mean,clean_std,noisy_min,noisy_max,noisy_mean,noisy_std,mean_absolute_difference,mse,psnr,snr,entropy_clean,entropy_noisy,near_zero_fraction_clean,near_zero_fraction_noisy,near_one_fraction_clean,near_one_fraction_noisy,processing_time,status
P_00004,1,mass,BENIGN,0,LEFT,CC,train,data/processed/baseline/full_mammogram/P_00004_LEFT_CC_1_baseline.png,data/processed/baseline/full_mammogram/P_00004_LEFT_CC_1_baseline.png,clean,0,{},5491,2986,5491,2986,uint8,0.0,1.0,0.2145,0.2629,0.0,1.0,0.2145,0.2629,0.0,0.0,inf,inf,4.3261,4.3261,0.5299,0.5299,0.0219,0.0219,0.7092,SUCCESS
P_00004,1,mass,BENIGN,0,LEFT,CC,train,data/processed/baseline/full_mammogram/P_00004_LEFT_CC_1_baseline.png,data/processed/noise/gaussian/P_00004_1_LEFT_CC_gaussian.png,gaussian,1181886473,"{""mean"": 0.0, ""sigma"": 0.03}",5491,2986,5491,2986,uint8,0.0,1.0,0.2145,0.2629,0.0,1.0,0.2206,0.258,0.0173,0.000649,31.8751,22.4854,4.3261,5.7439,0.5299,0.3369,0.0219,0.014,5.7748,SUCCESS
P_00004,1,mass,BENIGN,0,LEFT,CC,train,data/processed/baseline/full_mammogram/P_00004_LEFT_CC_1_baseline.png,data/processed/noise/salt_pepper/P_00004_1_LEFT_CC_salt_pepper.png,salt_pepper,3232099905,"{""amount"": 0.01, ""salt_vs_pepper"": 0.5}",5491,2986,5491,2986,uint8,0.0,1.0,0.2145,0.2629,0.0,1.0,0.2173,0.2677,0.005,0.003962,24.0204,14.6307,4.3261,4.3142,0.5299,0.5296,0.0219,0.0267,2.9893,SUCCESS
P_00004,1,mass,BENIGN,0,LEFT,CC,train,data/processed/baseline/full_mammogram/P_00004_LEFT_CC_1_baseline.png,data/processed/noise/speckle/P_00004_1_LEFT_CC_speckle.png,speckle,3657622083,"{""sigma"": 0.05}",5491,2986,5491,2986,uint8,0.0,1.0,0.2145,0.2629,0.0,1.0,0.214,0.262,0.0081,0.000259,35.8622,26.4725,4.3261,4.4037,0.5299,0.5299,0.0219,0.0131,3.9295,SUCCESS
P_00004,1,mass,BENIGN,0,LEFT,CC,train,data/processed/baseline/full_mammogram/P_00004_LEFT_CC_1_baseline.png,data/processed/noise/poisson/P_00004_1_LEFT_CC_poisson.png,poisson,2092239574,"{""peak"": 30}",5491,2986,5491,2986,uint8,0.0,1.0,0.2145,0.2629,0.0,1.0,0.2127,0.2703,0.0433,0.006688,21.7469,12.3573,4.3261,3.1279,0.5299,0.5355,0.0219,0.0135,4.8414,SUCCESS
P_00004,1,mass,BENIGN,0,LEFT,CC,train,data/processed/baseline/full_mammogram/P_00004_LEFT_CC_1_baseline.png,data/processed/noise/mixed_poisson_gaussian/P_00004_1_LEFT_CC_mixed_poisson_gaussian.png,mixed_poisson_gaussian,2267831614,"{""poisson_peak"": 30, ""gaussian_mean"": 0.0, ""gaussian_sigma"": 0.02}",5491,2986,5491,2986,uint8,0.0,1.0,0.2145,0.2629,0.0,1.0,0.217,0.2674,0.0481,0.006978,21.5627,12.1731,4.3261,5.7502,0.5299,0.3713,0.0219,0.013,6.6288,SUCCESS
P_00009,1,mass,MALIGNANT,1,RIGHT,MLO,train,data/processed/baseline/full_mammogram/P_00009_RIGHT_MLO_1_baseline.png,data/processed/baseline/full_mammogram/P_00009_RIGHT_MLO_1_baseline.png,clean,0,{},5266,2596,5266,2596,uint8,0.0,1.0,0.3047,0.3232,0.0,1.0,0.3047,0.3232,0.0,0.0,inf,inf,5.2842,5.2842,0.4389,0.4389,0.0124,0.0124,0.536,SUCCESS
P_00009,1,mass,MALIGNANT,1,RIGHT,MLO,train,data/processed/baseline/full_mammogram/P_00009_RIGHT_MLO_1_baseline.png,data/processed/noise/gaussian/P_00009_1_RIGHT_MLO_gaussian.png,gaussian,2554296830,"{""mean"": 0.0, ""sigma"": 0.03}",5266,2596,5266,2596,uint8,0.0,1.0,0.3047,0.3232,0.0,1.0,0.3098,0.3189,0.0185,0.000692,31.5961,24.5483,5.2842,6.5006,0.4389,0.2796,0.0124,0.0099,5.3157,SUCCESS
P_00009,1,mass,MALIGNANT,1,RIGHT,MLO,train,data/processed/baseline/full_mammogram/P_00009_RIGHT_MLO_1_baseline.png,data/processed/noise/salt_pepper/P_00009_1_RIGHT_MLO_salt_pepper.png,salt_pepper,1574712789,"{""amount"": 0.01, ""salt_vs_pepper"": 0.5}",5266,2596,5266,2596,uint8,0.0,1.0,0.3047,0.3232,0.0,1.0,0.3066,0.3261,0.005,0.003919,24.0677,17.0199,5.2842,5.2687,0.4389,0.4395,0.0124,0.0173,2.8518,SUCCESS
P_00009,1,mass,MALIGNANT,1,RIGHT,MLO,train,data/processed/baseline/full_mammogram/P_00009_RIGHT_MLO_1_baseline.png,data/processed/noise/speckle/P_00009_1_RIGHT_MLO_speckle.png,speckle,3761945878,"{""sigma"": 0.05}",5266,2596,5266,2596,uint8,0.0,1.0,0.3047,0.3232,0.0,1.0,0.3044,0.3233,0.0118,0.000468,33.3017,26.2539,5.2842,5.4314,0.4389,0.4389,0.0124,0.0112,3.9986,SUCCESS
P_00009,1,mass,MALIGNANT,1,RIGHT,MLO,train,data/processed/baseline/full_mammogram/P_00009_RIGHT_MLO_1_baseline.png,data/processed/noise/poisson/P_00009_1_RIGHT_MLO_poisson.png,poisson,4038110879,"{""peak"": 30}",5266,2596,5266,2596,uint8,0.0,1.0,0.3047,0.3232,0.0,1.0,0.3014,0.3306,0.055,0.008849,20.5313,13.4834,5.2842,3.6639,0.4389,0.4448,0.0124,0.0339,4.4081,SUCCESS
P_00009,1,mass,MALIGNANT,1,RIGHT,MLO,train,data/processed/baseline/full_mammogram/P_00009_RIGHT_MLO_1_baseline.png,data/processed/noise/mixed_poisson_gaussian/P_00009_1_RIGHT_MLO_mixed_poisson_gaussian.png,mixed_poisson_gaussian,3249262266,"{""poisson_peak"": 30, ""gaussian_mean"": 0.0, ""gaussian_sigma"": 0.02}",5266,2596,5266,2596,uint8,0.0,1.0,0.3047,0.3232,0.0,1.0,0.3049,0.3276,0.0591,0.00912,20.4002,13.3524,5.2842,6.2976,0.4389,0.3087,0.0124,0.0326,6.4632,SUCCESS
P_00037,1,mass,MALIGNANT,1,RIGHT,CC,test,data/processed/baseline/full_mammogram/P_00037_RIGHT_CC_1_baseline.png,data/processed/baseline/full_mammogram/P_00037_RIGHT_CC_1_baseline.png,clean,0,{},4608,2936,4608,2936,uint8,0.0,1.0,0.129,0.2383,0.0,1.0,0.129,0.2383,0.0,0.0,inf,inf,4.0409,4.0409,0.5668,0.5668,0.0115,0.0115,0.6521,SUCCESS
P_00037,1,mass,MALIGNANT,1,RIGHT,CC,test,data/processed/baseline/full_mammogram/P_00037_RIGHT_CC_1_baseline.png,data/processed/noise/gaussian/P_00037_1_RIGHT_CC_gaussian.png,gaussian,3844971976,"{""mean"": 0.0, ""sigma"": 0.03}",4608,2936,4608,2936,uint8,0.0,1.0,0.129,0.2383,0.0,1.0,0.1357,0.2352,0.0169,0.000627,32.0295,20.6879,4.0409,5.4791,0.5668,0.3702,0.0115,0.0095,5.3125,SUCCESS
P_00037,1,mass,MALIGNANT,1,RIGHT,CC,test,data/processed/baseline/full_mammogram/P_00037_RIGHT_CC_1_baseline.png,data/processed/noise/salt_pepper/P_00037_1_RIGHT_CC_salt_pepper.png,salt_pepper,693735266,"{""amount"": 0.01, ""salt_vs_pepper"": 0.5}",4608,2936,4608,2936,uint8,0.0,1.0,0.129,0.2383,0.0,1.0,0.1327,0.2451,0.005,0.004452,23.5145,12.1728,4.0409,4.0361,0.5668,0.5662,0.0115,0.0163,2.6488,SUCCESS
P_00037,1,mass,MALIGNANT,1,RIGHT,CC,test,data/processed/baseline/full_mammogram/P_00037_RIGHT_CC_1_baseline.png,data/processed/noise/speckle/P_00037_1_RIGHT_CC_speckle.png,speckle,3864593741,"{""sigma"": 0.05}",4608,2936,4608,2936,uint8,0.0,1.0,0.129,0.2383,0.0,1.0,0.1287,0.2375,0.0048,0.00016,37.9477,26.6061,4.0409,4.2048,0.5668,0.5668,0.0115,0.0102,2.9822,SUCCESS
P_00037,1,mass,MALIGNANT,1,RIGHT,CC,test,data/processed/baseline/full_mammogram/P_00037_RIGHT_CC_1_baseline.png,data/processed/noise/poisson/P_00037_1_RIGHT_CC_poisson.png,poisson,3739306401,"{""peak"": 30}",4608,2936,4608,2936,uint8,0.0,1.0,0.129,0.2383,0.0,1.0,0.1269,0.2388,0.0288,0.003622,24.4101,13.0684,4.0409,2.7575,0.5668,0.5938,0.0115,0.0183,3.4648,SUCCESS
P_00037,1,mass,MALIGNANT,1,RIGHT,CC,test,data/processed/baseline/full_mammogram/P_00037_RIGHT_CC_1_baseline.png,data/processed/noise/mixed_poisson_gaussian/P_00037_1_RIGHT_CC_mixed_poisson_gaussian.png,mixed_poisson_gaussian,1310563192,"{""poisson_peak"": 30, ""gaussian_mean"": 0.0, ""gaussian_sigma"": 0.02}",4608,2936,4608,2936,uint8,0.0,1.0,0.129,0.2383,0.0,1.0,0.1316,0.2367,0.034,0.003865,24.1284,12.7868,4.0409,5.2292,0.5668,0.4155,0.0115,0.0177,5.3114,SUCCESS
P_00056,1,mass,BENIGN,0,LEFT,MLO,test,data/processed/baseline/full_mammogram/P_00056_LEFT_MLO_1_baseline.png,data/processed/baseline/full_mammogram/P_00056_LEFT_MLO_1_baseline.png,clean,0,{},4296,2936,4296,2936,uint8,0.0,1.0,0.175,0.3064,0.0,1.0,0.175,0.3064,0.0,0.0,inf,inf,3.6797,3.6797,0.6395,0.6395,0.0112,0.0112,0.5536,SUCCESS
P_00056,1,mass,BENIGN,0,LEFT,MLO,test,data/processed/baseline/full_mammogram/P_00056_LEFT_MLO_1_baseline.png,data/processed/noise/gaussian/P_00056_1_LEFT_MLO_gaussian.png,gaussian,1833138510,"{""mean"": 0.0, ""sigma"": 0.03}",4296,2936,4296,2936,uint8,0.0,1.0,0.175,0.3064,0.0,1.0,0.1826,0.3024,0.016,0.000593,32.2681,23.22,3.6797,5.2707,0.6395,0.4156,0.0112,0.0106,4.9532,SUCCESS
P_00056,1,mass,BENIGN,0,LEFT,MLO,test,data/processed/baseline/full_mammogram/P_00056_LEFT_MLO_1_baseline.png,data/processed/noise/salt_pepper/P_00056_1_LEFT_MLO_salt_pepper.png,salt_pepper,3129134401,"{""amount"": 0.01, ""salt_vs_pepper"": 0.5}",4296,2936,4296,2936,uint8,0.0,1.0,0.175,0.3064,0.0,1.0,0.1782,0.3106,0.005,0.004467,23.5,14.452,3.6797,3.6776,0.6395,0.6382,0.0112,0.0161,2.4022,SUCCESS
P_00056,1,mass,BENIGN,0,LEFT,MLO,test,data/processed/baseline/full_mammogram/P_00056_LEFT_MLO_1_baseline.png,data/processed/noise/speckle/P_00056_1_LEFT_MLO_speckle.png,speckle,1113485695,"{""sigma"": 0.05}",4296,2936,4296,2936,uint8,0.0,1.0,0.175,0.3064,0.0,1.0,0.1746,0.306,0.0066,0.000282,35.4943,26.4463,3.6797,3.7984,0.6395,0.6395,0.0112,0.0125,2.3042,SUCCESS
P_00056,1,mass,BENIGN,0,LEFT,MLO,test,data/processed/baseline/full_mammogram/P_00056_LEFT_MLO_1_baseline.png,data/processed/noise/poisson/P_00056_1_LEFT_MLO_poisson.png,poisson,3425270957,"{""peak"": 30}",4296,2936,4296,2936,uint8,0.0,1.0,0.175,0.3064,0.0,1.0,0.1716,0.3057,0.0302,0.004626,23.3483,14.3003,3.6797,2.539,0.6395,0.662,0.0112,0.0316,2.8455,SUCCESS
P_00056,1,mass,BENIGN,0,LEFT,MLO,test,data/processed/baseline/full_mammogram/P_00056_LEFT_MLO_1_baseline.png,data/processed/noise/mixed_poisson_gaussian/P_00056_1_LEFT_MLO_mixed_poisson_gaussian.png,mixed_poisson_gaussian,3342233767,"{""poisson_peak"": 30, ""gaussian_mean"": 0.0, ""gaussian_sigma"": 0.02}",4296,2936,4296,2936,uint8,0.0,1.0,0.175,0.3064,0.0,1.0,0.1768,0.3029,0.0356,0.00485,23.1427,14.0946,3.6797,4.9615,0.6395,0.461,0.0112,0.0305,4.9604,SUCCESS
P_00007,1,calcification,BENIGN,0,LEFT,CC,train,data/processed/baseline/full_mammogram/P_00007_LEFT_CC_1_baseline.png,data/processed/baseline/full_mammogram/P_00007_LEFT_CC_1_baseline.png,clean,0,{},5356,2986,5356,2986,uint8,0.0,1.0,0.2529,0.3146,0.0,1.0,0.2529,0.3146,0.0,0.0,inf,inf,4.4549,4.4549,0.5381,0.5381,0.0101,0.0101,0.6332,SUCCESS
P_00007,1,calcification,BENIGN,0,LEFT,CC,train,data/processed/baseline/full_mammogram/P_00007_LEFT_CC_1_baseline.png,data/processed/noise/gaussian/P_00007_1_LEFT_CC_gaussian.png,gaussian,4088186035,"{""mean"": 0.0, ""sigma"": 0.03}",5356,2986,5356,2986,uint8,0.0,1.0,0.2529,0.3146,0.0,1.0,0.2592,0.31,0.0174,0.000651,31.8652,23.9845,4.4549,5.8981,0.5381,0.3423,0.0101,0.0065,5.283,SUCCESS
P_00007,1,calcification,BENIGN,0,LEFT,CC,train,data/processed/baseline/full_mammogram/P_00007_LEFT_CC_1_baseline.png,data/processed/noise/salt_pepper/P_00007_1_LEFT_CC_salt_pepper.png,salt_pepper,2598592151,"{""amount"": 0.01, ""salt_vs_pepper"": 0.5}",5356,2986,5356,2986,uint8,0.0,1.0,0.2529,0.3146,0.0,1.0,0.2553,0.3179,0.005,0.004106,23.8653,15.9846,4.4549,4.4467,0.5381,0.5377,0.0101,0.015,2.9964,SUCCESS
P_00007,1,calcification,BENIGN,0,LEFT,CC,train,data/processed/baseline/full_mammogram/P_00007_LEFT_CC_1_baseline.png,data/processed/noise/speckle/P_00007_1_LEFT_CC_speckle.png,speckle,2711042135,"{""sigma"": 0.05}",5356,2986,5356,2986,uint8,0.0,1.0,0.2529,0.3146,0.0,1.0,0.2527,0.3147,0.0099,0.000394,34.045,26.1643,4.4549,4.5658,0.5381,0.5381,0.0101,0.006,3.9797,SUCCESS
P_00007,1,calcification,BENIGN,0,LEFT,CC,train,data/processed/baseline/full_mammogram/P_00007_LEFT_CC_1_baseline.png,data/processed/noise/poisson/P_00007_1_LEFT_CC_poisson.png,poisson,2300121430,"{""peak"": 30}",5356,2986,5356,2986,uint8,0.0,1.0,0.2529,0.3146,0.0,1.0,0.2511,0.3233,0.0465,0.007668,21.153,13.2723,4.4549,3.1943,0.5381,0.5439,0.0101,0.0195,4.1187,SUCCESS
P_00007,1,calcification,BENIGN,0,LEFT,CC,train,data/processed/baseline/full_mammogram/P_00007_LEFT_CC_1_baseline.png,data/processed/noise/mixed_poisson_gaussian/P_00007_1_LEFT_CC_mixed_poisson_gaussian.png,mixed_poisson_gaussian,443284459,"{""poisson_peak"": 30, ""gaussian_mean"": 0.0, ""gaussian_sigma"": 0.02}",5356,2986,5356,2986,uint8,0.0,1.0,0.2529,0.3146,0.0,1.0,0.2554,0.3202,0.0513,0.007934,21.005,13.1243,4.4549,5.7948,0.5381,0.3773,0.0101,0.0187,7.182,SUCCESS
P_00008,1,calcification,BENIGN_WITHOUT_CALLBACK,0,RIGHT,MLO,train,data/processed/baseline/full_mammogram/P_00008_RIGHT_MLO_1_baseline.png,data/processed/baseline/full_mammogram/P_00008_RIGHT_MLO_1_baseline.png,clean,0,{},4576,3048,4576,3048,uint8,0.0,1.0,0.2754,0.2545,0.0,1.0,0.2754,0.2545,0.0,0.0,inf,inf,5.9816,5.9816,0.3159,0.3159,0.0107,0.0107,0.5291,SUCCESS
P_00008,1,calcification,BENIGN_WITHOUT_CALLBACK,0,RIGHT,MLO,train,data/processed/baseline/full_mammogram/P_00008_RIGHT_MLO_1_baseline.png,data/processed/noise/gaussian/P_00008_1_RIGHT_MLO_gaussian.png,gaussian,1793964178,"{""mean"": 0.0, ""sigma"": 0.03}",4576,3048,4576,3048,uint8,0.0,1.0,0.2754,0.2545,0.0,1.0,0.2792,0.2513,0.0199,0.000739,31.3112,22.7914,5.9816,6.6806,0.3159,0.2134,0.0107,0.0076,5.3026,SUCCESS
P_00008,1,calcification,BENIGN_WITHOUT_CALLBACK,0,RIGHT,MLO,train,data/processed/baseline/full_mammogram/P_00008_RIGHT_MLO_1_baseline.png,data/processed/noise/salt_pepper/P_00008_1_RIGHT_MLO_salt_pepper.png,salt_pepper,1271769191,"{""amount"": 0.01, ""salt_vs_pepper"": 0.5}",4576,3048,4576,3048,uint8,0.0,1.0,0.2754,0.2545,0.0,1.0,0.2776,0.2591,0.005,0.003641,24.3873,15.8675,5.9816,5.9626,0.3159,0.3177,0.0107,0.0155,3.3133,SUCCESS
P_00008,1,calcification,BENIGN_WITHOUT_CALLBACK,0,RIGHT,MLO,train,data/processed/baseline/full_mammogram/P_00008_RIGHT_MLO_1_baseline.png,data/processed/noise/speckle/P_00008_1_RIGHT_MLO_speckle.png,speckle,1959405231,"{""sigma"": 0.05}",4576,3048,4576,3048,uint8,0.0,1.0,0.2754,0.2545,0.0,1.0,0.2751,0.2545,0.0107,0.000335,34.7549,26.2351,5.9816,6.1026,0.3159,0.316,0.0107,0.0076,4.0883,SUCCESS
P_00008,1,calcification,BENIGN_WITHOUT_CALLBACK,0,RIGHT,MLO,train,data/processed/baseline/full_mammogram/P_00008_RIGHT_MLO_1_baseline.png,data/processed/noise/poisson/P_00008_1_RIGHT_MLO_poisson.png,poisson,3819373143,"{""peak"": 30}",4576,3048,4576,3048,uint8,0.0,1.0,0.2754,0.2545,0.0,1.0,0.274,0.2676,0.0591,0.0087,20.605,12.0852,5.9816,3.9862,0.3159,0.3405,0.0107,0.013,5.6991,SUCCESS
P_00008,1,calcification,BENIGN_WITHOUT_CALLBACK,0,RIGHT,MLO,train,data/processed/baseline/full_mammogram/P_00008_RIGHT_MLO_1_baseline.png,data/processed/noise/mixed_poisson_gaussian/P_00008_1_RIGHT_MLO_mixed_poisson_gaussian.png,mixed_poisson_gaussian,3271256653,"{""poisson_peak"": 30, ""gaussian_mean"": 0.0, ""gaussian_sigma"": 0.02}",4576,3048,4576,3048,uint8,0.0,1.0,0.2754,0.2545,0.0,1.0,0.2767,0.2653,0.0624,0.009003,20.456,11.9362,5.9816,6.7079,0.3159,0.2391,0.0107,0.0126,6.8144,SUCCESS
P_00012,1,calcification,MALIGNANT,1,LEFT,MLO,train,data/processed/baseline/full_mammogram/P_00012_LEFT_MLO_1_baseline.png,data/processed/baseline/full_mammogram/P_00012_LEFT_MLO_1_baseline.png,clean,0,{},5904,3704,5904,3704,uint8,0.0,1.0,0.2993,0.3373,0.0,1.0,0.2993,0.3373,0.0,0.0,inf,inf,4.9138,4.9138,0.4753,0.4753,0.011,0.011,1.0099,SUCCESS
P_00012,1,calcification,MALIGNANT,1,LEFT,MLO,train,data/processed/baseline/full_mammogram/P_00012_LEFT_MLO_1_baseline.png,data/processed/noise/gaussian/P_00012_1_LEFT_MLO_gaussian.png,gaussian,3415624627,"{""mean"": 0.0, ""sigma"": 0.03}",5904,3704,5904,3704,uint8,0.0,1.0,0.2993,0.3373,0.0,1.0,0.3049,0.3328,0.018,0.000674,31.7135,24.7968,4.9138,6.2735,0.4753,0.3055,0.011,0.0093,8.8563,SUCCESS
P_00012,1,calcification,MALIGNANT,1,LEFT,MLO,train,data/processed/baseline/full_mammogram/P_00012_LEFT_MLO_1_baseline.png,data/processed/noise/salt_pepper/P_00012_1_LEFT_MLO_salt_pepper.png,salt_pepper,2073820211,"{""amount"": 0.01, ""salt_vs_pepper"": 0.5}",5904,3704,5904,3704,uint8,0.0,1.0,0.2993,0.3373,0.0,1.0,0.3013,0.3399,0.005,0.004036,23.9403,17.0235,4.9138,4.9017,0.4753,0.4755,0.011,0.0159,4.4678,SUCCESS
P_00012,1,calcification,MALIGNANT,1,LEFT,MLO,train,data/processed/baseline/full_mammogram/P_00012_LEFT_MLO_1_baseline.png,data/processed/noise/speckle/P_00012_1_LEFT_MLO_speckle.png,speckle,477830269,"{""sigma"": 0.05}",5904,3704,5904,3704,uint8,0.0,1.0,0.2993,0.3373,0.0,1.0,0.299,0.3374,0.0116,0.000484,33.1501,26.2334,4.9138,5.119,0.4753,0.4753,0.011,0.0107,5.4986,SUCCESS
P_00012,1,calcification,MALIGNANT,1,LEFT,MLO,train,data/processed/baseline/full_mammogram/P_00012_LEFT_MLO_1_baseline.png,data/processed/noise/poisson/P_00012_1_LEFT_MLO_poisson.png,poisson,890954975,"{""peak"": 30}",5904,3704,5904,3704,uint8,0.0,1.0,0.2993,0.3373,0.0,1.0,0.2957,0.3435,0.0521,0.008556,20.6775,13.7607,4.9138,3.4669,0.4753,0.486,0.011,0.0364,8.0618,SUCCESS
P_00012,1,calcification,MALIGNANT,1,LEFT,MLO,train,data/processed/baseline/full_mammogram/P_00012_LEFT_MLO_1_baseline.png,data/processed/noise/mixed_poisson_gaussian/P_00012_1_LEFT_MLO_mixed_poisson_gaussian.png,mixed_poisson_gaussian,1273710343,"{""poisson_peak"": 30, ""gaussian_mean"": 0.0, ""gaussian_sigma"": 0.02}",5904,3704,5904,3704,uint8,0.0,1.0,0.2993,0.3373,0.0,1.0,0.2995,0.3404,0.0564,0.008824,20.5432,13.6264,4.9138,6.0545,0.4753,0.3376,0.011,0.0351,9.1203,SUCCESS
P_00127,1,calcification,MALIGNANT,1,RIGHT,CC,test,data/processed/baseline/full_mammogram/P_00127_RIGHT_CC_1_baseline.png,data/processed/baseline/full_mammogram/P_00127_RIGHT_CC_1_baseline.png,clean,0,{},6706,3796,6706,3796,uint8,0.0,1.0,0.1758,0.2356,0.0,1.0,0.1758,0.2356,0.0,0.0,inf,inf,4.2231,4.2231,0.5423,0.5423,0.0245,0.0245,1.2077,SUCCESS
P_00127,1,calcification,MALIGNANT,1,RIGHT,CC,test,data/processed/baseline/full_mammogram/P_00127_RIGHT_CC_1_baseline.png,data/processed/noise/gaussian/P_00127_1_RIGHT_CC_gaussian.png,gaussian,16251241,"{""mean"": 0.0, ""sigma"": 0.03}",6706,3796,6706,3796,uint8,0.0,1.0,0.1758,0.2356,0.0,1.0,0.182,0.231,0.0171,0.000641,31.9292,21.2957,4.2231,5.6475,0.5423,0.3456,0.0245,0.0157,8.8586,SUCCESS
P_00127,1,calcification,MALIGNANT,1,RIGHT,CC,test,data/processed/baseline/full_mammogram/P_00127_RIGHT_CC_1_baseline.png,data/processed/noise/salt_pepper/P_00127_1_RIGHT_CC_salt_pepper.png,salt_pepper,1190789494,"{""amount"": 0.01, ""salt_vs_pepper"": 0.5}",6706,3796,6706,3796,uint8,0.0,1.0,0.1758,0.2356,0.0,1.0,0.179,0.2419,0.005,0.004106,23.8655,13.232,4.2231,4.2115,0.5423,0.5419,0.0245,0.0293,4.0456,SUCCESS
P_00127,1,calcification,MALIGNANT,1,RIGHT,CC,test,data/processed/baseline/full_mammogram/P_00127_RIGHT_CC_1_baseline.png,data/processed/noise/speckle/P_00127_1_RIGHT_CC_speckle.png,speckle,2210821771,"{""sigma"": 0.05}",6706,3796,6706,3796,uint8,0.0,1.0,0.1758,0.2356,0.0,1.0,0.1753,0.2343,0.0065,0.000184,37.347,26.7135,4.2231,4.2948,0.5423,0.5423,0.0245,0.0146,5.9105,SUCCESS
P_00127,1,calcification,MALIGNANT,1,RIGHT,CC,test,data/processed/baseline/full_mammogram/P_00127_RIGHT_CC_1_baseline.png,data/processed/noise/poisson/P_00127_1_RIGHT_CC_poisson.png,poisson,2884866664,"{""peak"": 30}",6706,3796,6706,3796,uint8,0.0,1.0,0.1758,0.2356,0.0,1.0,0.1738,0.2402,0.0379,0.005365,22.704,12.0705,4.2231,3.0156,0.5423,0.5497,0.0245,0.0145,7.522,SUCCESS
P_00127,1,calcification,MALIGNANT,1,RIGHT,CC,test,data/processed/baseline/full_mammogram/P_00127_RIGHT_CC_1_baseline.png,data/processed/noise/mixed_poisson_gaussian/P_00127_1_RIGHT_CC_mixed_poisson_gaussian.png,mixed_poisson_gaussian,2974118973,"{""poisson_peak"": 30, ""gaussian_mean"": 0.0, ""gaussian_sigma"": 0.02}",6706,3796,6706,3796,uint8,0.0,1.0,0.1758,0.2356,0.0,1.0,0.1782,0.2375,0.0429,0.005645,22.4834,11.8498,4.2231,5.6114,0.5423,0.3816,0.0245,0.0141,11.3346,SUCCESS
P_00041,1,mass,BENIGN_WITHOUT_CALLBACK,0,LEFT,CC,train,data/processed/baseline/full_mammogram/P_00041_LEFT_CC_1_baseline.png,data/processed/baseline/full_mammogram/P_00041_LEFT_CC_1_baseline.png,clean,0,{},5664,3070,5664,3070,uint8,0.0,1.0,0.3638,0.3396,0.0,1.0,0.3638,0.3396,0.0,0.0,inf,inf,4.8102,4.8102,0.4085,0.4085,0.0115,0.0115,0.8275,SUCCESS
P_00041,1,mass,BENIGN_WITHOUT_CALLBACK,0,LEFT,CC,train,data/processed/baseline/full_mammogram/P_00041_LEFT_CC_1_baseline.png,data/processed/noise/gaussian/P_00041_1_LEFT_CC_gaussian.png,gaussian,1104055219,"{""mean"": 0.0, ""sigma"": 0.03}",5664,3070,5664,3070,uint8,0.0,1.0,0.3638,0.3396,0.0,1.0,0.3685,0.335,0.0189,0.000707,31.5042,25.442,4.8102,6.3524,0.4085,0.2605,0.0115,0.009,6.6073,SUCCESS
P_00041,1,mass,BENIGN_WITHOUT_CALLBACK,0,LEFT,CC,train,data/processed/baseline/full_mammogram/P_00041_LEFT_CC_1_baseline.png,data/processed/noise/salt_pepper/P_00041_1_LEFT_CC_salt_pepper.png,salt_pepper,2407207629,"{""amount"": 0.01, ""salt_vs_pepper"": 0.5}",5664,3070,5664,3070,uint8,0.0,1.0,0.3638,0.3396,0.0,1.0,0.3651,0.3418,0.005,0.003835,24.1624,18.1002,4.8102,4.8,0.4085,0.4094,0.0115,0.0163,4.4998,SUCCESS
P_00041,1,mass,BENIGN_WITHOUT_CALLBACK,0,LEFT,CC,train,data/processed/baseline/full_mammogram/P_00041_LEFT_CC_1_baseline.png,data/processed/noise/speckle/P_00041_1_LEFT_CC_speckle.png,speckle,1200961050,"{""sigma"": 0.05}",5664,3070,5664,3070,uint8,0.0,1.0,0.3638,0.3396,0.0,1.0,0.3635,0.3399,0.0142,0.000597,32.2384,26.1762,4.8102,5.355,0.4085,0.4085,0.0115,0.0096,5.3227,SUCCESS
P_00041,1,mass,BENIGN_WITHOUT_CALLBACK,0,LEFT,CC,train,data/processed/baseline/full_mammogram/P_00041_LEFT_CC_1_baseline.png,data/processed/noise/poisson/P_00041_1_LEFT_CC_poisson.png,poisson,1694393477,"{""peak"": 30}",5664,3070,5664,3070,uint8,0.0,1.0,0.3638,0.3396,0.0,1.0,0.3609,0.351,0.0632,0.010889,19.6301,13.5678,4.8102,3.7099,0.4085,0.4143,0.0115,0.032,5.0042,SUCCESS
P_00041,1,mass,BENIGN_WITHOUT_CALLBACK,0,LEFT,CC,train,data/processed/baseline/full_mammogram/P_00041_LEFT_CC_1_baseline.png,data/processed/noise/mixed_poisson_gaussian/P_00041_1_LEFT_CC_mixed_poisson_gaussian.png,mixed_poisson_gaussian,1053167304,"{""poisson_peak"": 30, ""gaussian_mean"": 0.0, ""gaussian_sigma"": 0.02}",5664,3070,5664,3070,uint8,0.0,1.0,0.3638,0.3396,0.0,1.0,0.3641,0.3478,0.0671,0.011156,19.5251,13.4628,4.8102,6.3794,0.4085,0.2874,0.0115,0.0308,8.6544,SUCCESS
P_00100,1,calcification,BENIGN,0,RIGHT,CC,test,data/processed/baseline/full_mammogram/P_00100_RIGHT_CC_1_baseline.png,data/processed/baseline/full_mammogram/P_00100_RIGHT_CC_1_baseline.png,clean,0,{},4831,2731,4831,2731,uint8,0.0,1.0,0.2222,0.3026,0.0,1.0,0.2222,0.3026,0.0,0.0,inf,inf,4.3595,4.3595,0.5634,0.5634,0.0221,0.0221,0.5345,SUCCESS
P_00100,1,calcification,BENIGN,0,RIGHT,CC,test,data/processed/baseline/full_mammogram/P_00100_RIGHT_CC_1_baseline.png,data/processed/noise/gaussian/P_00100_1_RIGHT_CC_gaussian.png,gaussian,369167249,"{""mean"": 0.0, ""sigma"": 0.03}",4831,2731,4831,2731,uint8,0.0,1.0,0.2222,0.3026,0.0,1.0,0.2287,0.2979,0.0169,0.000633,31.9846,23.4754,4.3595,5.8237,0.5634,0.3587,0.0221,0.014,5.701,SUCCESS
P_00100,1,calcification,BENIGN,0,RIGHT,CC,test,data/processed/baseline/full_mammogram/P_00100_RIGHT_CC_1_baseline.png,data/processed/noise/salt_pepper/P_00100_1_RIGHT_CC_salt_pepper.png,salt_pepper,3141057353,"{""amount"": 0.01, ""salt_vs_pepper"": 0.5}",4831,2731,4831,2731,uint8,0.0,1.0,0.2222,0.3026,0.0,1.0,0.2249,0.3065,0.005,0.004197,23.7703,15.261,4.3595,4.3469,0.5634,0.5627,0.0221,0.0268,1.8687,SUCCESS
P_00100,1,calcification,BENIGN,0,RIGHT,CC,test,data/processed/baseline/full_mammogram/P_00100_RIGHT_CC_1_baseline.png,data/processed/noise/speckle/P_00100_1_RIGHT_CC_speckle.png,speckle,3425758222,"{""sigma"": 0.05}",4831,2731,4831,2731,uint8,0.0,1.0,0.2222,0.3026,0.0,1.0,0.2217,0.302,0.0084,0.000325,34.8823,26.3731,4.3595,4.4298,0.5634,0.5634,0.0221,0.013,2.9664,SUCCESS
P_00100,1,calcification,BENIGN,0,RIGHT,CC,test,data/processed/baseline/full_mammogram/P_00100_RIGHT_CC_1_baseline.png,data/processed/noise/poisson/P_00100_1_RIGHT_CC_poisson.png,poisson,298739410,"{""peak"": 30}",4831,2731,4831,2731,uint8,0.0,1.0,0.2222,0.3026,0.0,1.0,0.2196,0.3074,0.041,0.006522,21.8559,13.3466,4.3595,3.0646,0.5634,0.5708,0.0221,0.0237,3.0372,SUCCESS
P_00100,1,calcification,BENIGN,0,RIGHT,CC,test,data/processed/baseline/full_mammogram/P_00100_RIGHT_CC_1_baseline.png,data/processed/noise/mixed_poisson_gaussian/P_00100_1_RIGHT_CC_mixed_poisson_gaussian.png,mixed_poisson_gaussian,3932217695,"{""poisson_peak"": 30, ""gaussian_mean"": 0.0, ""gaussian_sigma"": 0.02}",4831,2731,4831,2731,uint8,0.0,1.0,0.2222,0.3026,0.0,1.0,0.2242,0.3045,0.046,0.006785,21.6848,13.1756,4.3595,5.6219,0.5634,0.3959,0.0221,0.0228,5.0978,SUCCESS
P_00158,1,mass,BENIGN_WITHOUT_CALLBACK,0,RIGHT,MLO,test,data/processed/baseline/full_mammogram/P_00158_RIGHT_MLO_1_baseline.png,data/processed/baseline/full_mammogram/P_00158_RIGHT_MLO_1_baseline.png,clean,0,{},4656,2888,4656,2888,uint8,0.0,1.0,0.2314,0.314,0.0,1.0,0.2314,0.314,0.0,0.0,inf,inf,4.5276,4.5276,0.5452,0.5452,0.0115,0.0115,0.5685,SUCCESS
P_00158,1,mass,BENIGN_WITHOUT_CALLBACK,0,RIGHT,MLO,test,data/processed/baseline/full_mammogram/P_00158_RIGHT_MLO_1_baseline.png,data/processed/noise/gaussian/P_00158_1_RIGHT_MLO_gaussian.png,gaussian,1853893864,"{""mean"": 0.0, ""sigma"": 0.03}",4656,2888,4656,2888,uint8,0.0,1.0,0.2314,0.314,0.0,1.0,0.2379,0.3097,0.0172,0.00064,31.9413,23.7635,4.5276,5.8292,0.5452,0.3531,0.0115,0.0088,4.9799,SUCCESS
P_00158,1,mass,BENIGN_WITHOUT_CALLBACK,0,RIGHT,MLO,test,data/processed/baseline/full_mammogram/P_00158_RIGHT_MLO_1_baseline.png,data/processed/noise/salt_pepper/P_00158_1_RIGHT_MLO_salt_pepper.png,salt_pepper,2728689546,"{""amount"": 0.01, ""salt_vs_pepper"": 0.5}",4656,2888,4656,2888,uint8,0.0,1.0,0.2314,0.314,0.0,1.0,0.2341,0.3175,0.005,0.004222,23.7453,15.5675,4.5276,4.5186,0.5452,0.5448,0.0115,0.0164,3.1371,SUCCESS
P_00158,1,mass,BENIGN_WITHOUT_CALLBACK,0,RIGHT,MLO,test,data/processed/baseline/full_mammogram/P_00158_RIGHT_MLO_1_baseline.png,data/processed/noise/speckle/P_00158_1_RIGHT_MLO_speckle.png,speckle,1332407277,"{""sigma"": 0.05}",4656,2888,4656,2888,uint8,0.0,1.0,0.2314,0.314,0.0,1.0,0.2311,0.3139,0.0089,0.000359,34.4534,26.2756,4.5276,4.6248,0.5452,0.5452,0.0115,0.0094,3.6358,SUCCESS
P_00158,1,mass,BENIGN_WITHOUT_CALLBACK,0,RIGHT,MLO,test,data/processed/baseline/full_mammogram/P_00158_RIGHT_MLO_1_baseline.png,data/processed/noise/poisson/P_00158_1_RIGHT_MLO_poisson.png,poisson,700544191,"{""peak"": 30}",4656,2888,4656,2888,uint8,0.0,1.0,0.2314,0.314,0.0,1.0,0.229,0.3195,0.0423,0.006794,21.6786,13.5008,4.5276,3.108,0.5452,0.5617,0.0115,0.024,3.5583,SUCCESS
P_00158,1,mass,BENIGN_WITHOUT_CALLBACK,0,RIGHT,MLO,test,data/processed/baseline/full_mammogram/P_00158_RIGHT_MLO_1_baseline.png,data/processed/noise/mixed_poisson_gaussian/P_00158_1_RIGHT_MLO_mixed_poisson_gaussian.png,mixed_poisson_gaussian,1622210525,"{""poisson_peak"": 30, ""gaussian_mean"": 0.0, ""gaussian_sigma"": 0.02}",4656,2888,4656,2888,uint8,0.0,1.0,0.2314,0.314,0.0,1.0,0.2334,0.3166,0.0471,0.007047,21.5197,13.3419,4.5276,5.6375,0.5452,0.3913,0.0115,0.023,5.6153,SUCCESS
P_00299,1,calcification,MALIGNANT,1,LEFT,MLO,test,data/processed/baseline/full_mammogram/P_00299_LEFT_MLO_1_baseline.png,data/processed/baseline/full_mammogram/P_00299_LEFT_MLO_1_baseline.png,clean,0,{},6301,3736,6301,3736,uint8,0.0,1.0,0.2955,0.3261,0.0,1.0,0.2955,0.3261,0.0,0.0,inf,inf,4.9427,4.9427,0.4519,0.4519,0.0121,0.0121,1.1505,SUCCESS
P_00299,1,calcification,MALIGNANT,1,LEFT,MLO,test,data/processed/baseline/full_mammogram/P_00299_LEFT_MLO_1_baseline.png,data/processed/noise/gaussian/P_00299_1_LEFT_MLO_gaussian.png,gaussian,1106748916,"{""mean"": 0.0, ""sigma"": 0.03}",6301,3736,6301,3736,uint8,0.0,1.0,0.2955,0.3261,0.0,1.0,0.3008,0.3217,0.0183,0.000684,31.6489,24.5192,4.9427,6.3873,0.4519,0.2891,0.0121,0.0113,8.954,SUCCESS
P_00299,1,calcification,MALIGNANT,1,LEFT,MLO,test,data/processed/baseline/full_mammogram/P_00299_LEFT_MLO_1_baseline.png,data/processed/noise/salt_pepper/P_00299_1_LEFT_MLO_salt_pepper.png,salt_pepper,1153668373,"{""amount"": 0.01, ""salt_vs_pepper"": 0.5}",6301,3736,6301,3736,uint8,0.0,1.0,0.2955,0.3261,0.0,1.0,0.2976,0.3289,0.005,0.003974,24.0082,16.8784,4.9427,4.9304,0.4519,0.4524,0.0121,0.017,4.8727,SUCCESS
P_00299,1,calcification,MALIGNANT,1,LEFT,MLO,test,data/processed/baseline/full_mammogram/P_00299_LEFT_MLO_1_baseline.png,data/processed/noise/speckle/P_00299_1_LEFT_MLO_speckle.png,speckle,819986078,"{""sigma"": 0.05}",6301,3736,6301,3736,uint8,0.0,1.0,0.2955,0.3261,0.0,1.0,0.2952,0.326,0.0114,0.000453,33.4427,26.313,4.9427,5.2952,0.4519,0.4519,0.0121,0.0135,6.0308,SUCCESS
P_00299,1,calcification,MALIGNANT,1,LEFT,MLO,test,data/processed/baseline/full_mammogram/P_00299_LEFT_MLO_1_baseline.png,data/processed/noise/poisson/P_00299_1_LEFT_MLO_poisson.png,poisson,2795505869,"{""peak"": 30}",6301,3736,6301,3736,uint8,0.0,1.0,0.2955,0.3261,0.0,1.0,0.2917,0.3314,0.0526,0.008399,20.7578,13.628,4.9427,3.5918,0.4519,0.4601,0.0121,0.0376,7.3759,SUCCESS
P_00299,1,calcification,MALIGNANT,1,LEFT,MLO,test,data/processed/baseline/full_mammogram/P_00299_LEFT_MLO_1_baseline.png,data/processed/noise/mixed_poisson_gaussian/P_00299_1_LEFT_MLO_mixed_poisson_gaussian.png,mixed_poisson_gaussian,1363908382,"{""poisson_peak"": 30, ""gaussian_mean"": 0.0, ""gaussian_sigma"": 0.02}",6301,3736,6301,3736,uint8,0.0,1.0,0.2955,0.3261,0.0,1.0,0.2952,0.3284,0.0568,0.008666,20.6216,13.4919,4.9427,6.1933,0.4519,0.3197,0.0121,0.0362,10.6053,SUCCESS
P_00018,1,mass,BENIGN,0,RIGHT,CC,train,data/processed/baseline/full_mammogram/P_00018_RIGHT_CC_1_baseline.png,data/processed/baseline/full_mammogram/P_00018_RIGHT_CC_1_baseline.png,clean,0,{},4720,2584,4720,2584,uint8,0.0,1.0,0.1968,0.3028,0.0,1.0,0.1968,0.3028,0.0,0.0,inf,inf,3.6209,3.6209,0.6365,0.6365,0.0111,0.0111,0.568,SUCCESS
P_00018,1,mass,BENIGN,0,RIGHT,CC,train,data/processed/baseline/full_mammogram/P_00018_RIGHT_CC_1_baseline.png,data/processed/noise/gaussian/P_00018_1_RIGHT_CC_gaussian.png,gaussian,1274243008,"{""mean"": 0.0, ""sigma"": 0.03}",4720,2584,4720,2584,uint8,0.0,1.0,0.1968,0.3028,0.0,1.0,0.2043,0.2983,0.0161,0.000603,32.1979,23.3518,3.6209,5.3687,0.6365,0.4064,0.0111,0.0087,4.6077,SUCCESS
P_00018,1,mass,BENIGN,0,RIGHT,CC,train,data/processed/baseline/full_mammogram/P_00018_RIGHT_CC_1_baseline.png,data/processed/noise/salt_pepper/P_00018_1_RIGHT_CC_salt_pepper.png,salt_pepper,3995007404,"{""amount"": 0.01, ""salt_vs_pepper"": 0.5}",4720,2584,4720,2584,uint8,0.0,1.0,0.1968,0.3028,0.0,1.0,0.1998,0.3069,0.005,0.004366,23.5989,14.7528,3.6209,3.6194,0.6365,0.6351,0.0111,0.016,1.9625,SUCCESS
P_00018,1,mass,BENIGN,0,RIGHT,CC,train,data/processed/baseline/full_mammogram/P_00018_RIGHT_CC_1_baseline.png,data/processed/noise/speckle/P_00018_1_RIGHT_CC_speckle.png,speckle,3105489770,"{""sigma"": 0.05}",4720,2584,4720,2584,uint8,0.0,1.0,0.1968,0.3028,0.0,1.0,0.1965,0.3026,0.0076,0.000306,35.1477,26.3016,3.6209,3.7736,0.6365,0.6365,0.0111,0.0091,2.207,SUCCESS
P_00018,1,mass,BENIGN,0,RIGHT,CC,train,data/processed/baseline/full_mammogram/P_00018_RIGHT_CC_1_baseline.png,data/processed/noise/poisson/P_00018_1_RIGHT_CC_poisson.png,poisson,2274664466,"{""peak"": 30}",4720,2584,4720,2584,uint8,0.0,1.0,0.1968,0.3028,0.0,1.0,0.1946,0.307,0.0351,0.005746,22.4061,13.56,3.6209,2.6386,0.6365,0.6462,0.0111,0.0216,2.7168,SUCCESS
P_00018,1,mass,BENIGN,0,RIGHT,CC,train,data/processed/baseline/full_mammogram/P_00018_RIGHT_CC_1_baseline.png,data/processed/noise/mixed_poisson_gaussian/P_00018_1_RIGHT_CC_mixed_poisson_gaussian.png,mixed_poisson_gaussian,2184488950,"{""poisson_peak"": 30, ""gaussian_mean"": 0.0, ""gaussian_sigma"": 0.02}",4720,2584,4720,2584,uint8,0.0,1.0,0.1968,0.3028,0.0,1.0,0.1997,0.3039,0.0405,0.005981,22.2323,13.3862,3.6209,5.1458,0.6365,0.4483,0.0111,0.0208,4.6297,SUCCESS
P_00012,1,calcification,MALIGNANT,1,LEFT,CC,train,data/processed/baseline/full_mammogram/P_00012_LEFT_CC_1_baseline.png,data/processed/baseline/full_mammogram/P_00012_LEFT_CC_1_baseline.png,clean,0,{},5944,3552,5944,3552,uint8,0.0,1.0,0.2709,0.3227,0.0,1.0,0.2709,0.3227,0.0,0.0,inf,inf,4.5688,4.5688,0.508,0.508,0.0111,0.0111,0.9675,SUCCESS
P_00012,1,calcification,MALIGNANT,1,LEFT,CC,train,data/processed/baseline/full_mammogram/P_00012_LEFT_CC_1_baseline.png,data/processed/noise/gaussian/P_00012_1_LEFT_CC_gaussian.png,gaussian,3193873979,"{""mean"": 0.0, ""sigma"": 0.03}",5944,3552,5944,3552,uint8,0.0,1.0,0.2709,0.3227,0.0,1.0,0.2768,0.3181,0.0177,0.000661,31.7998,24.2915,4.5688,6.1028,0.508,0.3249,0.0111,0.0089,6.9441,SUCCESS
P_00012,1,calcification,MALIGNANT,1,LEFT,CC,train,data/processed/baseline/full_mammogram/P_00012_LEFT_CC_1_baseline.png,data/processed/noise/salt_pepper/P_00012_1_LEFT_CC_salt_pepper.png,salt_pepper,1907938011,"{""amount"": 0.01, ""salt_vs_pepper"": 0.5}",5944,3552,5944,3552,uint8,0.0,1.0,0.2709,0.3227,0.0,1.0,0.2732,0.3257,0.005,0.004078,23.8959,16.3875,4.5688,4.5597,0.508,0.5079,0.0111,0.0159,4.1596,SUCCESS
P_00012,1,calcification,MALIGNANT,1,LEFT,CC,train,data/processed/baseline/full_mammogram/P_00012_LEFT_CC_1_baseline.png,data/processed/noise/speckle/P_00012_1_LEFT_CC_speckle.png,speckle,3802662005,"{""sigma"": 0.05}",5944,3552,5944,3552,uint8,0.0,1.0,0.2709,0.3227,0.0,1.0,0.2706,0.3227,0.0105,0.000422,33.7502,26.2419,4.5688,4.8693,0.508,0.508,0.0111,0.0098,5.3659,SUCCESS
P_00012,1,calcification,MALIGNANT,1,LEFT,CC,train,data/processed/baseline/full_mammogram/P_00012_LEFT_CC_1_baseline.png,data/processed/noise/poisson/P_00012_1_LEFT_CC_poisson.png,poisson,4109753391,"{""peak"": 30}",5944,3552,5944,3552,uint8,0.0,1.0,0.2709,0.3227,0.0,1.0,0.268,0.3293,0.0486,0.007934,21.005,13.4966,4.5688,3.3182,0.508,0.517,0.0111,0.0285,5.6981,SUCCESS
P_00012,1,calcification,MALIGNANT,1,LEFT,CC,train,data/processed/baseline/full_mammogram/P_00012_LEFT_CC_1_baseline.png,data/processed/noise/mixed_poisson_gaussian/P_00012_1_LEFT_CC_mixed_poisson_gaussian.png,mixed_poisson_gaussian,164658298,"{""poisson_peak"": 30, ""gaussian_mean"": 0.0, ""gaussian_sigma"": 0.02}",5944,3552,5944,3552,uint8,0.0,1.0,0.2709,0.3227,0.0,1.0,0.2721,0.3263,0.0531,0.008199,20.8624,13.3541,4.5688,5.9045,0.508,0.3588,0.0111,0.0273,8.5183,SUCCESS
P_00001,1,mass,MALIGNANT,1,LEFT,MLO,train,data/processed/baseline/full_mammogram/P_00001_LEFT_MLO_1_baseline.png,data/processed/baseline/full_mammogram/P_00001_LEFT_MLO_1_baseline.png,clean,0,{},4800,2656,4800,2656,uint8,0.0,1.0,0.3581,0.3595,0.0,1.0,0.3581,0.3595,0.0,0.0,inf,inf,5.1799,5.1799,0.4224,0.4224,0.0107,0.0107,0.4953,SUCCESS
P_00001,1,mass,MALIGNANT,1,LEFT,MLO,train,data/processed/baseline/full_mammogram/P_00001_LEFT_MLO_1_baseline.png,data/processed/noise/gaussian/P_00001_1_LEFT_MLO_gaussian.png,gaussian,2551976343,"{""mean"": 0.0, ""sigma"": 0.03}",4800,2656,4800,2656,uint8,0.0,1.0,0.3581,0.3595,0.0,1.0,0.3631,0.3551,0.0187,0.000698,31.5609,25.6693,5.1799,6.434,0.4224,0.2716,0.0107,0.0093,4.4619,SUCCESS
P_00001,1,mass,MALIGNANT,1,LEFT,MLO,train,data/processed/baseline/full_mammogram/P_00001_LEFT_MLO_1_baseline.png,data/processed/noise/salt_pepper/P_00001_1_LEFT_MLO_salt_pepper.png,salt_pepper,2889841474,"{""amount"": 0.01, ""salt_vs_pepper"": 0.5}",4800,2656,4800,2656,uint8,0.0,1.0,0.3581,0.3595,0.0,1.0,0.3596,0.3615,0.005,0.00401,23.9689,18.0773,5.1799,5.1661,0.4224,0.4231,0.0107,0.0156,2.8921,SUCCESS
P_00001,1,mass,MALIGNANT,1,LEFT,MLO,train,data/processed/baseline/full_mammogram/P_00001_LEFT_MLO_1_baseline.png,data/processed/noise/speckle/P_00001_1_LEFT_MLO_speckle.png,speckle,724275287,"{""sigma"": 0.05}",4800,2656,4800,2656,uint8,0.0,1.0,0.3581,0.3595,0.0,1.0,0.3578,0.3599,0.014,0.000619,32.0841,26.1925,5.1799,5.4152,0.4224,0.4224,0.0107,0.0111,3.6595,SUCCESS
P_00001,1,mass,MALIGNANT,1,LEFT,MLO,train,data/processed/baseline/full_mammogram/P_00001_LEFT_MLO_1_baseline.png,data/processed/noise/poisson/P_00001_1_LEFT_MLO_poisson.png,poisson,2399504903,"{""peak"": 30}",4800,2656,4800,2656,uint8,0.0,1.0,0.3581,0.3595,0.0,1.0,0.3536,0.3667,0.0596,0.010024,19.9896,14.098,5.1799,3.6748,0.4224,0.4325,0.0107,0.0488,4.2089,SUCCESS
P_00001,1,mass,MALIGNANT,1,LEFT,MLO,train,data/processed/baseline/full_mammogram/P_00001_LEFT_MLO_1_baseline.png,data/processed/noise/mixed_poisson_gaussian/P_00001_1_LEFT_MLO_mixed_poisson_gaussian.png,mixed_poisson_gaussian,107638970,"{""poisson_peak"": 30, ""gaussian_mean"": 0.0, ""gaussian_sigma"": 0.02}",4800,2656,4800,2656,uint8,0.0,1.0,0.3581,0.3595,0.0,1.0,0.357,0.3636,0.0635,0.010271,19.884,13.9925,5.1799,6.2732,0.4224,0.3007,0.0107,0.0468,5.2592,SUCCESS
P_00100,1,calcification,BENIGN,0,RIGHT,MLO,test,data/processed/baseline/full_mammogram/P_00100_RIGHT_MLO_1_baseline.png,data/processed/baseline/full_mammogram/P_00100_RIGHT_MLO_1_baseline.png,clean,0,{},5491,2791,5491,2791,uint8,0.0,1.0,0.2649,0.3159,0.0,1.0,0.2649,0.3159,0.0,0.0,inf,inf,4.9149,4.9149,0.4913,0.4913,0.0286,0.0286,0.6629,SUCCESS
P_00100,1,calcification,BENIGN,0,RIGHT,MLO,test,data/processed/baseline/full_mammogram/P_00100_RIGHT_MLO_1_baseline.png,data/processed/noise/gaussian/P_00100_1_RIGHT_MLO_gaussian.png,gaussian,2272677901,"{""mean"": 0.0, ""sigma"": 0.03}",5491,2791,5491,2791,uint8,0.0,1.0,0.2649,0.3159,0.0,1.0,0.2704,0.3111,0.0177,0.000662,31.7907,24.0946,4.9149,6.1822,0.4913,0.3135,0.0286,0.0188,6.004,SUCCESS
P_00100,1,calcification,BENIGN,0,RIGHT,MLO,test,data/processed/baseline/full_mammogram/P_00100_RIGHT_MLO_1_baseline.png,data/processed/noise/salt_pepper/P_00100_1_RIGHT_MLO_salt_pepper.png,salt_pepper,2184743577,"{""amount"": 0.01, ""salt_vs_pepper"": 0.5}",5491,2791,5491,2791,uint8,0.0,1.0,0.2649,0.3159,0.0,1.0,0.2672,0.3192,0.005,0.004051,23.9249,16.2288,4.9149,4.8961,0.4913,0.4914,0.0286,0.0333,3.0724,SUCCESS
P_00100,1,calcification,BENIGN,0,RIGHT,MLO,test,data/processed/baseline/full_mammogram/P_00100_RIGHT_MLO_1_baseline.png,data/processed/noise/speckle/P_00100_1_RIGHT_MLO_speckle.png,speckle,957626098,"{""sigma"": 0.05}",5491,2791,5491,2791,uint8,0.0,1.0,0.2649,0.3159,0.0,1.0,0.2643,0.3152,0.01,0.000386,34.1349,26.4388,4.9149,4.9876,0.4913,0.4913,0.0286,0.0178,3.9757,SUCCESS
P_00100,1,calcification,BENIGN,0,RIGHT,MLO,test,data/processed/baseline/full_mammogram/P_00100_RIGHT_MLO_1_baseline.png,data/processed/noise/poisson/P_00100_1_RIGHT_MLO_poisson.png,poisson,1110145321,"{""peak"": 30}",5491,2791,5491,2791,uint8,0.0,1.0,0.2649,0.3159,0.0,1.0,0.2618,0.3216,0.0483,0.00781,21.0737,13.3776,4.9149,3.426,0.4913,0.4991,0.0286,0.0279,5.1641,SUCCESS
P_00100,1,calcification,BENIGN,0,RIGHT,MLO,test,data/processed/baseline/full_mammogram/P_00100_RIGHT_MLO_1_baseline.png,data/processed/noise/mixed_poisson_gaussian/P_00100_1_RIGHT_MLO_mixed_poisson_gaussian.png,mixed_poisson_gaussian,2911125154,"{""poisson_peak"": 30, ""gaussian_mean"": 0.0, ""gaussian_sigma"": 0.02}",5491,2791,5491,2791,uint8,0.0,1.0,0.2649,0.3159,0.0,1.0,0.2658,0.3187,0.0528,0.008071,20.9305,13.2345,4.9149,6.0239,0.4913,0.3466,0.0286,0.027,6.9419,SUCCESS
